[2m9:27:19 AM[22m [31m[1m[vite][22m[39m [31mInternal server error: Transform failed with 1 error:

[31m[PARSE_ERROR] [0mExpected `,` or `)` but found `{`
     [38;5;246m╭[0m[38;5;246m─[0m[38;5;246m[[0m src/pages/marketplace/MarketplaceDirectory.jsx:247:13 [38;5;246m][0m
     [38;5;246m│[0m
 [38;5;246m200 │[0m [38;5;249m [0m[38;5;249m [0m[38;5;249m [0m[38;5;249m [0m[38;5;249m [0m[38;5;249m [0m[38;5;249m [0m[38;5;249m [0m[38;5;249m [0m[38;5;249m [0m[38;5;249m)[0m[38;5;249m [0m[38;5;249m:[0m[38;5;249m [0m(
 [38;5;240m    │[0m               ┬  
 [38;5;240m    │[0m               ╰── Opened here
 [38;5;240m    │[0m 
 [38;5;246m247 │[0m [38;5;249m [0m[38;5;249m [0m[38;5;249m [0m[38;5;249m [0m[38;5;249m [0m[38;5;249m [0m[38;5;249m [0m[38;5;249m [0m[38;5;249m [0m[38;5;249m [0m[38;5;249m [0m[38;5;249m [0m{[38;5;249mf[0m[38;5;249mi[0m[38;5;249ml[0m[38;5;249mt[0m[38;5;249me[0m[38;5;249mr[0m[38;5;249me[0m[38;5;249md[0m[38;5;249m.[0m[38;5;249ml[0m[38;5;249me[0m[38;5;249mn[0m[38;5;249mg[0m[38;5;249mt[0m[38;5;249mh[0m[38;5;249m [0m[38;5;249m>[0m[38;5;249m [0m[38;5;249m0[0m[38;5;249m [0m[38;5;249m&[0m[38;5;249m&[0m[38;5;249m [0m[38;5;249mt[0m[38;5;249mo[0m[38;5;249mt[0m[38;5;249ma[0m[38;5;249ml[0m[38;5;249mP[0m[38;5;249ma[0m[38;5;249mg[0m[38;5;249me[0m[38;5;249ms[0m[38;5;249m [0m[38;5;249m>[0m[38;5;249m [0m[38;5;249m1[0m[38;5;249m [0m[38;5;249m&[0m[38;5;249m&[0m[38;5;249m [0m[38;5;249m([0m
 [38;5;240m    │[0m             ┬  
 [38;5;240m    │[0m             ╰── `,` or `)` expected
[38;5;246m─────╯[0m
[39m
  Plugin: [35mvite:oxc[39m
  File: [36mD:/program/cloud-based-banking (2)/frontend/src/pages/marketplace/MarketplaceDirectory.jsx[39m
      at transformWithOxc (file:///D:/program/cloud-based-banking%20(2)/frontend/node_modules/vite/dist/node/chunks/node.js:4017:19)
      at TransformPluginContext.transform (file:///D:/program/cloud-based-banking%20(2)/frontend/node_modules/vite/dist/node/chunks/node.js:4088:26)
      at EnvironmentPluginContainer.transform (file:///D:/program/cloud-based-banking%20(2)/frontend/node_modules/vite/dist/node/chunks/node.js:30151:51)
      at async loadAndTransform (file:///D:/program/cloud-based-banking%20(2)/frontend/node_modules/vite/dist/node/chunks/node.js:20098:26)
[2m9:27:19 AM[22m [31m[1m[vite][22m[39m [31mInternal server error: Transform failed with 1 error:

[31m[PARSE_ERROR] [0mExpected `,` or `)` but found `{`
     [38;5;246m╭[0m[38;5;246m─[0m[38;5;246m[[0m src/pages/marketplace/MarketplaceDirectory.jsx:247:13 [38;5;246m][0m
     [38;5;246m│[0m
 [38;5;246m200 │[0m [38;5;249m [0m[38;5;249m [0m[38;5;249m [0m[38;5;249m [0m[38;5;249m [0m[38;5;249m [0m[38;5;249m [0m[38;5;249m [0m[38;5;249m [0m[38;5;249m [0m[38;5;249m)[0m[38;5;249m [0m[38;5;249m:[0m[38;5;249m [0m(
 [38;5;240m    │[0m               ┬  
 [38;5;240m    │[0m               ╰── Opened here
 [38;5;240m    │[0m 
 [38;5;246m247 │[0m [38;5;249m [0m[38;5;249m [0m[38;5;249m [0m[38;5;249m [0m[38;5;249m [0m[38;5;249m [0m[38;5;249m [0m[38;5;249m [0m[38;5;249m [0m[38;5;249m [0m[38;5;249m [0m[38;5;249m [0m{[38;5;249mf[0m[38;5;249mi[0m[38;5;249ml[0m[38;5;249mt[0m[38;5;249me[0m[38;5;249mr[0m[38;5;249me[0m[38;5;249md[0m[38;5;249m.[0m[38;5;249ml[0m[38;5;249me[0m[38;5;249mn[0m[38;5;249mg[0m[38;5;249mt[0m[38;5;249mh[0m[38;5;249m [0m[38;5;249m>[0m[38;5;249m [0m[38;5;249m0[0m[38;5;249m [0m[38;5;249m&[0m[38;5;249m&[0m[38;5;249m [0m[38;5;249mt[0m[38;5;249mo[0m[38;5;249mt[0m[38;5;249ma[0m[38;5;249ml[0m[38;5;249mP[0m[38;5;249ma[0m[38;5;249mg[0m[38;5;249me[0m[38;5;249ms[0m[38;5;249m [0m[38;5;249m>[0m[38;5;249m [0m[38;5;249m1[0m[38;5;249m [0m[38;5;249m&[0m[38;5;249m&[0m[38;5;249m [0m[38;5;249m([0m
 [38;5;240m    │[0m             ┬  
 [38;5;240m    │[0m             ╰── `,` or `)` expected
[38;5;246m─────╯[0m
[39m
  Plugin: [35mvite:oxc[39m
  File: [36mD:/program/cloud-based-banking (2)/frontend/src/pages/marketplace/MarketplaceDirectory.jsx[39m
      at transformWithOxc (file:///D:/program/cloud-based-banking%20(2)/frontend/node_modules/vite/dist/node/chunks/node.js:4017:19)
      at TransformPluginContext.transform (file:///D:/program/cloud-based-banking%20(2)/frontend/node_modules/vite/dist/node/chunks/node.js:4088:26)
      at EnvironmentPluginContainer.transform (file:///D:/program/cloud-based-banking%20(2)/frontend/node_modules/vite/dist/node/chunks/node.js:30151:51)
      at async loadAndTransform (file:///D:/program/cloud-based-banking%20(2)/frontend/node_modules/vite/dist/node/chunks/node.js:20098:26)
[2m9:27:19 AM[22m [31m[1m[vite][22m[39m [31m[2m(client)[22m[39m [2m[console.error] [22m[vite] Failed to reload /src/pages/marketplace/MarketplaceDirectory.jsx. This could be due to syntax errors or importing non-existent modules. (see errors above)
[2m9:27:19 AM[22m [31m[1m[vite][22m[39m [31m[2m(client)[22m[39m [2m[console.error] [22m[vite] Failed to reload /src/pages/marketplace/MarketplaceDirectory.jsx. This could be due to syntax errors or importing non-existent modules. (see errors above)
[2m9:27:24 AM[22m [31m[1m[vite][22m[39m [31m[2m(client)[22m[39m Pre-transform error: Transform failed with 1 error:

[31m[PARSE_ERROR] [0mExpected `,` or `)` but found `{`
     [38;5;246m╭[0m[38;5;246m─[0m[38;5;246m[[0m src/pages/marketplace/MarketplaceDirectory.jsx:247:13 [38;5;246m][0m
     [38;5;246m│[0m
 [38;5;246m200 │[0m [38;5;249m [0m[38;5;249m [0m[38;5;249m [0m[38;5;249m [0m[38;5;249m [0m[38;5;249m [0m[38;5;249m [0m[38;5;249m [0m[38;5;249m [0m[38;5;249m [0m[38;5;249m)[0m[38;5;249m [0m[38;5;249m:[0m[38;5;249m [0m(
 [38;5;240m    │[0m               ┬  
 [38;5;240m    │[0m               ╰── Opened here
 [38;5;240m    │[0m 
 [38;5;246m247 │[0m [38;5;249m [0m[38;5;249m [0m[38;5;249m [0m[38;5;249m [0m[38;5;249m [0m[38;5;249m [0m[38;5;249m [0m[38;5;249m [0m[38;5;249m [0m[38;5;249m [0m[38;5;249m [0m[38;5;249m [0m{[38;5;249mf[0m[38;5;249mi[0m[38;5;249ml[0m[38;5;249mt[0m[38;5;249me[0m[38;5;249mr[0m[38;5;249me[0m[38;5;249md[0m[38;5;249m.[0m[38;5;249ml[0m[38;5;249me[0m[38;5;249mn[0m[38;5;249mg[0m[38;5;249mt[0m[38;5;249mh[0m[38;5;249m [0m[38;5;249m>[0m[38;5;249m [0m[38;5;249m0[0m[38;5;249m [0m[38;5;249m&[0m[38;5;249m&[0m[38;5;249m [0m[38;5;249mt[0m[38;5;249mo[0m[38;5;249mt[0m[38;5;249ma[0m[38;5;249ml[0m[38;5;249mP[0m[38;5;249ma[0m[38;5;249mg[0m[38;5;249me[0m[38;5;249ms[0m[38;5;249m [0m[38;5;249m>[0m[38;5;249m [0m[38;5;249m1[0m[38;5;249m [0m[38;5;249m&[0m[38;5;249m&[0m[38;5;249m [0m[38;5;249m([0m
 [38;5;240m    │[0m             ┬  
 [38;5;240m    │[0m             ╰── `,` or `)` expected
[38;5;246m─────╯[0m

  Plugin: [35mvite:oxc[39m
  File: [36mD:/program/cloud-based-banking (2)/frontend/src/pages/marketplace/MarketplaceDirectory.jsx[39m
[2m9:27:24 AM[22m [31m[1m[vite][22m[39m [31mInternal server error: Transform failed with 1 error:

[31m[PARSE_ERROR] [0mExpected `,` or `)` but found `{`
     [38;5;246m╭[0m[38;5;246m─[0m[38;5;246m[[0m src/pages/marketplace/MarketplaceDirectory.jsx:247:13 [38;5;246m][0m
     [38;5;246m│[0m
 [38;5;246m200 │[0m [38;5;249m [0m[38;5;249m [0m[38;5;249m [0m[38;5;249m [0m[38;5;249m [0m[38;5;249m [0m[38;5;249m [0m[38;5;249m [0m[38;5;249m [0m[38;5;249m [0m[38;5;249m)[0m[38;5;249m [0m[38;5;249m:[0m[38;5;249m [0m(
 [38;5;240m    │[0m               ┬  
 [38;5;240m    │[0m               ╰── Opened here
 [38;5;240m    │[0m 
 [38;5;246m247 │[0m [38;5;249m [0m[38;5;249m [0m[38;5;249m [0m[38;5;249m [0m[38;5;249m [0m[38;5;249m [0m[38;5;249m [0m[38;5;249m [0m[38;5;249m [0m[38;5;249m [0m[38;5;249m [0m[38;5;249m [0m{[38;5;249mf[0m[38;5;249mi[0m[38;5;249ml[0m[38;5;249mt[0m[38;5;249me[0m[38;5;249mr[0m[38;5;249me[0m[38;5;249md[0m[38;5;249m.[0m[38;5;249ml[0m[38;5;249me[0m[38;5;249mn[0m[38;5;249mg[0m[38;5;249mt[0m[38;5;249mh[0m[38;5;249m [0m[38;5;249m>[0m[38;5;249m [0m[38;5;249m0[0m[38;5;249m [0m[38;5;249m&[0m[38;5;249m&[0m[38;5;249m [0m[38;5;249mt[0m[38;5;249mo[0m[38;5;249mt[0m[38;5;249ma[0m[38;5;249ml[0m[38;5;249mP[0m[38;5;249ma[0m[38;5;249mg[0m[38;5;249me[0m[38;5;249ms[0m[38;5;249m [0m[38;5;249m>[0m[38;5;249m [0m[38;5;249m1[0m[38;5;249m [0m[38;5;249m&[0m[38;5;249m&[0m[38;5;249m [0m[38;5;249m([0m
 [38;5;240m    │[0m             ┬  
 [38;5;240m    │[0m             ╰── `,` or `)` expected
[38;5;246m─────╯[0m
[39m
  Plugin: [35mvite:oxc[39m
  File: [36mD:/program/cloud-based-banking (2)/frontend/src/pages/marketplace/MarketplaceDirectory.jsx[39m
      at transformWithOxc (file:///D:/program/cloud-based-banking%20(2)/frontend/node_modules/vite/dist/node/chunks/node.js:4017:19)
      at TransformPluginContext.transform (file:///D:/program/cloud-based-banking%20(2)/frontend/node_modules/vite/dist/node/chunks/node.js:4088:26)
      at EnvironmentPluginContainer.transform (file:///D:/program/cloud-based-banking%20(2)/frontend/node_modules/vite/dist/node/chunks/node.js:30151:51)
      at async loadAndTransform (file:///D:/program/cloud-based-banking%20(2)/frontend/node_modules/vite/dist/node/chunks/node.js:20098:26)
      at async viteTransformMiddleware (file:///D:/program/cloud-based-banking%20(2)/frontend/node_modules/vite/dist/node/chunks/node.js:24559:20)
[2m9:27:35 AM[22m [31m[1m[vite][22m[39m [31mInternal server error: Transform failed with 1 error:

[31m[PARSE_ERROR] [0mExpected `,` or `)` but found `{`
     [38;5;246m╭[0m[38;5;246m─[0m[38;5;246m[[0m src/pages/marketplace/MarketplaceDirectory.jsx:247:13 [38;5;246m][0m
     [38;5;246m│[0m
 [38;5;246m200 │[0m [38;5;249m [0m[38;5;249m [0m[38;5;249m [0m[38;5;249m [0m[38;5;249m [0m[38;5;249m [0m[38;5;249m [0m[38;5;249m [0m[38;5;249m [0m[38;5;249m [0m[38;5;249m)[0m[38;5;249m [0m[38;5;249m:[0m[38;5;249m [0m(
 [38;5;240m    │[0m               ┬  
 [38;5;240m    │[0m               ╰── Opened here
 [38;5;240m    │[0m 
 [38;5;246m247 │[0m [38;5;249m [0m[38;5;249m [0m[38;5;249m [0m[38;5;249m [0m[38;5;249m [0m[38;5;249m [0m[38;5;249m [0m[38;5;249m [0m[38;5;249m [0m[38;5;249m [0m[38;5;249m [0m[38;5;249m [0m{[38;5;249mf[0m[38;5;249mi[0m[38;5;249ml[0m[38;5;249mt[0m[38;5;249me[0m[38;5;249mr[0m[38;5;249me[0m[38;5;249md[0m[38;5;249m.[0m[38;5;249ml[0m[38;5;249me[0m[38;5;249mn[0m[38;5;249mg[0m[38;5;249mt[0m[38;5;249mh[0m[38;5;249m [0m[38;5;249m>[0m[38;5;249m [0m[38;5;249m0[0m[38;5;249m [0m[38;5;249m&[0m[38;5;249m&[0m[38;5;249m [0m[38;5;249mt[0m[38;5;249mo[0m[38;5;249mt[0m[38;5;249ma[0m[38;5;249ml[0m[38;5;249mP[0m[38;5;249ma[0m[38;5;249mg[0m[38;5;249me[0m[38;5;249ms[0m[38;5;249m [0m[38;5;249m>[0m[38;5;249m [0m[38;5;249m1[0m[38;5;249m [0m[38;5;249m&[0m[38;5;249m&[0m[38;5;249m [0m[38;5;249m([0m
 [38;5;240m    │[0m             ┬  
 [38;5;240m    │[0m             ╰── `,` or `)` expected
[38;5;246m─────╯[0m
[39m
  Plugin: [35mvite:oxc[39m
  File: [36mD:/program/cloud-based-banking (2)/frontend/src/pages/marketplace/MarketplaceDirectory.jsx[39m
      at transformWithOxc (file:///D:/program/cloud-based-banking%20(2)/frontend/node_modules/vite/dist/node/chunks/node.js:4017:19)
      at TransformPluginContext.transform (file:///D:/program/cloud-based-banking%20(2)/frontend/node_modules/vite/dist/node/chunks/node.js:4088:26)
      at EnvironmentPluginContainer.transform (file:///D:/program/cloud-based-banking%20(2)/frontend/node_modules/vite/dist/node/chunks/node.js:30151:51)
      at async loadAndTransform (file:///D:/program/cloud-based-banking%20(2)/frontend/node_modules/vite/dist/node/chunks/node.js:20098:26)
      at async viteTransformMiddleware (file:///D:/program/cloud-based-banking%20(2)/frontend/node_modules/vite/dist/node/chunks/node.js:24559:20)
[2m9:27:38 AM[22m [31m[1m[vite][22m[39m [31mInternal server error: Transform failed with 1 error:

[31m[PARSE_ERROR] [0mExpected `,` or `)` but found `{`
     [38;5;246m╭[0m[38;5;246m─[0m[38;5;246m[[0m src/pages/marketplace/MarketplaceDirectory.jsx:247:13 [38;5;246m][0m
     [38;5;246m│[0m
 [38;5;246m200 │[0m [38;5;249m [0m[38;5;249m [0m[38;5;249m [0m[38;5;249m [0m[38;5;249m [0m[38;5;249m [0m[38;5;249m [0m[38;5;249m [0m[38;5;249m [0m[38;5;249m [0m[38;5;249m)[0m[38;5;249m [0m[38;5;249m:[0m[38;5;249m [0m(
 [38;5;240m    │[0m               ┬  
 [38;5;240m    │[0m               ╰── Opened here
 [38;5;240m    │[0m 
 [38;5;246m247 │[0m [38;5;249m [0m[38;5;249m [0m[38;5;249m [0m[38;5;249m [0m[38;5;249m [0m[38;5;249m [0m[38;5;249m [0m[38;5;249m [0m[38;5;249m [0m[38;5;249m [0m[38;5;249m [0m[38;5;249m [0m{[38;5;249mf[0m[38;5;249mi[0m[38;5;249ml[0m[38;5;249mt[0m[38;5;249me[0m[38;5;249mr[0m[38;5;249me[0m[38;5;249md[0m[38;5;249m.[0m[38;5;249ml[0m[38;5;249me[0m[38;5;249mn[0m[38;5;249mg[0m[38;5;249mt[0m[38;5;249mh[0m[38;5;249m [0m[38;5;249m>[0m[38;5;249m [0m[38;5;249m0[0m[38;5;249m [0m[38;5;249m&[0m[38;5;249m&[0m[38;5;249m [0m[38;5;249mt[0m[38;5;249mo[0m[38;5;249mt[0m[38;5;249ma[0m[38;5;249ml[0m[38;5;249mP[0m[38;5;249ma[0m[38;5;249mg[0m[38;5;249me[0m[38;5;249ms[0m[38;5;249m [0m[38;5;249m>[0m[38;5;249m [0m[38;5;249m1[0m[38;5;249m [0m[38;5;249m&[0m[38;5;249m&[0m[38;5;249m [0m[38;5;249m([0m
 [38;5;240m    │[0m             ┬  
 [38;5;240m    │[0m             ╰── `,` or `)` expected
[38;5;246m─────╯[0m
[39m
  Plugin: [35mvite:oxc[39m
  File: [36mD:/program/cloud-based-banking (2)/frontend/src/pages/marketplace/MarketplaceDirectory.jsx[39m
      at transformWithOxc (file:///D:/program/cloud-based-banking%20(2)/frontend/node_modules/vite/dist/node/chunks/node.js:4017:19)
      at TransformPluginContext.transform (file:///D:/program/cloud-based-banking%20(2)/frontend/node_modules/vite/dist/node/chunks/node.js:4088:26)
      at EnvironmentPluginContainer.transform (file:///D:/program/cloud-based-banking%20(2)/frontend/node_modules/vite/dist/node/chunks/node.js:30151:51)
      at async loadAndTransform (file:///D:/program/cloud-based-banking%20(2)/frontend/node_modules/vite/dist/node/chunks/node.js:20098:26)
      at async viteTransformMiddleware (file:///D:/program/cloud-based-banking%20(2)/frontend/node_modules/vite/dist/node/chunks/node.js:24559:20)
[2m9:30:09 AM[22m [31m[1m[vite][22m[39m [31m[2m(client)[22m[39m Pre-transform error: Transform failed with 1 error:

[31m[PARSE_ERROR] [0mUnexpected token. Did you mean `{'}'}` or `&rbrace;`?
     [38;5;246m╭[0m[38;5;246m─[0m[38;5;246m[[0m src/pages/marketplace/MarketplaceDirectory.jsx:280:12 [38;5;246m][0m
     [38;5;246m│[0m
 [38;5;246m280 │[0m [38;5;249m [0m[38;5;249m [0m[38;5;249m [0m[38;5;249m [0m[38;5;249m [0m[38;5;249m [0m[38;5;249m [0m[38;5;249m [0m[38;5;249m [0m[38;5;249m [0m[38;5;249m)[0m[38;5;249m}[0m
 [38;5;240m    │[0m            │ 
 [38;5;240m    │[0m            ╰─ 
[38;5;246m─────╯[0m

  Plugin: [35mvite:oxc[39m
  File: [36mD:/program/cloud-based-banking (2)/frontend/src/pages/marketplace/MarketplaceDirectory.jsx[39m
[2m9:30:09 AM[22m [31m[1m[vite][22m[39m [31mInternal server error: Transform failed with 1 error:

[31m[PARSE_ERROR] [0mUnexpected token. Did you mean `{'}'}` or `&rbrace;`?
     [38;5;246m╭[0m[38;5;246m─[0m[38;5;246m[[0m src/pages/marketplace/MarketplaceDirectory.jsx:280:12 [38;5;246m][0m
     [38;5;246m│[0m
 [38;5;246m280 │[0m [38;5;249m [0m[38;5;249m [0m[38;5;249m [0m[38;5;249m [0m[38;5;249m [0m[38;5;249m [0m[38;5;249m [0m[38;5;249m [0m[38;5;249m [0m[38;5;249m [0m[38;5;249m)[0m[38;5;249m}[0m
 [38;5;240m    │[0m            │ 
 [38;5;240m    │[0m            ╰─ 
[38;5;246m─────╯[0m
[39m
  Plugin: [35mvite:oxc[39m
  File: [36mD:/program/cloud-based-banking (2)/frontend/src/pages/marketplace/MarketplaceDirectory.jsx[39m
      at transformWithOxc (file:///D:/program/cloud-based-banking%20(2)/frontend/node_modules/vite/dist/node/chunks/node.js:4017:19)
      at TransformPluginContext.transform (file:///D:/program/cloud-based-banking%20(2)/frontend/node_modules/vite/dist/node/chunks/node.js:4088:26)
      at EnvironmentPluginContainer.transform (file:///D:/program/cloud-based-banking%20(2)/frontend/node_modules/vite/dist/node/chunks/node.js:30151:51)
      at async loadAndTransform (file:///D:/program/cloud-based-banking%20(2)/frontend/node_modules/vite/dist/node/chunks/node.js:20098:26)
[2m9:30:09 AM[22m [31m[1m[vite][22m[39m [31m[2m(client)[22m[39m [2m[console.error] [22m[vite] Failed to reload /src/pages/marketplace/MarketplaceDirectory.jsx. This could be due to syntax errors or importing non-existent modules. (see errors above)
[2m9:30:10 AM[22m [31m[1m[vite][22m[39m [31mInternal server error: Transform failed with 1 error:

[31m[PARSE_ERROR] [0mUnexpected token. Did you mean `{'}'}` or `&rbrace;`?
     [38;5;246m╭[0m[38;5;246m─[0m[38;5;246m[[0m src/pages/marketplace/MarketplaceDirectory.jsx:280:12 [38;5;246m][0m
     [38;5;246m│[0m
 [38;5;246m280 │[0m [38;5;249m [0m[38;5;249m [0m[38;5;249m [0m[38;5;249m [0m[38;5;249m [0m[38;5;249m [0m[38;5;249m [0m[38;5;249m [0m[38;5;249m [0m[38;5;249m [0m[38;5;249m)[0m[38;5;249m}[0m
 [38;5;240m    │[0m            │ 
 [38;5;240m    │[0m            ╰─ 
[38;5;246m─────╯[0m
[39m
  Plugin: [35mvite:oxc[39m
  File: [36mD:/program/cloud-based-banking (2)/frontend/src/pages/marketplace/MarketplaceDirectory.jsx[39m
      at transformWithOxc (file:///D:/program/cloud-based-banking%20(2)/frontend/node_modules/vite/dist/node/chunks/node.js:4017:19)
      at TransformPluginContext.transform (file:///D:/program/cloud-based-banking%20(2)/frontend/node_modules/vite/dist/node/chunks/node.js:4088:26)
      at EnvironmentPluginContainer.transform (file:///D:/program/cloud-based-banking%20(2)/frontend/node_modules/vite/dist/node/chunks/node.js:30151:51)
      at async loadAndTransform (file:///D:/program/cloud-based-banking%20(2)/frontend/node_modules/vite/dist/node/chunks/node.js:20098:26)
      at async viteTransformMiddleware (file:///D:/program/cloud-based-banking%20(2)/frontend/node_modules/vite/dist/node/chunks/node.js:24559:20)
[2m9:59:41 AM[22m [31m[1m[vite][22m[39m [31m[2m(client)[22m[39m [2m[console.error] [22m[vite] SyntaxError: The requested module '/src/store/mainApi.js?t=1786248865366' does not provide an export named 'useLoginMutation'
[2m9:59:41 AM[22m [31m[1m[vite][22m[39m [31m[2m(client)[22m[39m [2m[console.error] [22m[vite] Failed to reload /src/context/AuthContext.jsx. This could be due to syntax errors or importing non-existent modules. (see errors above)
[2m9:59:41 AM[22m [31m[1m[vite][22m[39m [31m[2m(client)[22m[39m [2m[console.error] [22m[vite] SyntaxError: The requested module '/src/store/mainApi.js?t=1786248865366' does not provide an export named 'useLoginMutation'
[2m9:59:41 AM[22m [31m[1m[vite][22m[39m [31m[2m(client)[22m[39m [2m[console.error] [22m[vite] Failed to reload /src/context/AuthContext.jsx. This could be due to syntax errors or importing non-existent modules. (see errors above)
[2m10:00:01 AM[22m [31m[1m[vite][22m[39m [31m[2m(client)[22m[39m [2m[console.error] [22m[vite] SyntaxError: The requested module '/src/store/mainApi.js?t=1786248865366' does not provide an export named 'useMeQuery'
[2m10:00:01 AM[22m [31m[1m[vite][22m[39m [31m[2m(client)[22m[39m [2m[console.error] [22m[vite] Failed to reload /src/store/AuthLoader.jsx. This could be due to syntax errors or importing non-existent modules. (see errors above)
[2m10:00:01 AM[22m [31m[1m[vite][22m[39m [31m[2m(client)[22m[39m [2m[console.error] [22m[vite] SyntaxError: The requested module '/src/store/mainApi.js?t=1786248865366' does not provide an export named 'useMeQuery'
[2m10:00:01 AM[22m [31m[1m[vite][22m[39m [31m[2m(client)[22m[39m [2m[console.error] [22m[vite] Failed to reload /src/store/AuthLoader.jsx. This could be due to syntax errors or importing non-existent modules. (see errors above)
[2m10:00:13 AM[22m [31m[1m[vite][22m[39m [31m[2m(client)[22m[39m [2m[console.error] [22m[vite] SyntaxError: The requested module '/src/store/mainApi.js?t=1786248865366' does not provide an export named 'useGetTenantQuery'
[2m10:00:13 AM[22m [31m[1m[vite][22m[39m [31m[2m(client)[22m[39m [2m[console.error] [22m[vite] Failed to reload /src/context/ThemeContext.jsx. This could be due to syntax errors or importing non-existent modules. (see errors above)
[2m10:00:13 AM[22m [31m[1m[vite][22m[39m [31m[2m(client)[22m[39m [2m[console.error] [22m[vite] SyntaxError: The requested module '/src/store/mainApi.js?t=1786248865366' does not provide an export named 'useGetTenantQuery'
[2m10:00:13 AM[22m [31m[1m[vite][22m[39m [31m[2m(client)[22m[39m [2m[console.error] [22m[vite] Failed to reload /src/context/ThemeContext.jsx. This could be due to syntax errors or importing non-existent modules. (see errors above)
[2m10:00:53 AM[22m [31m[1m[vite][22m[39m [31m[2m(client)[22m[39m [31m[Unhandled error] [1mSyntaxError[22m: The requested module '/src/store/mainApi.js?t=1786248951906' does not provide an export named 'useLoginMutation'
[39m
[2m10:00:53 AM[22m [31m[1m[vite][22m[39m [31m[2m(client)[22m[39m [31m[Unhandled error] [1mSyntaxError[22m: The requested module '/src/store/mainApi.js?t=1786248951906' does not provide an export named 'useLoginMutation'
[39m
[2m10:01:56 AM[22m [31m[1m[vite][22m[39m [31m[2m(client)[22m[39m Pre-transform error: Transform failed with 2 errors:

[31m[PARSE_ERROR] [0mMissing catch or finally clause
    [38;5;246m╭[0m[38;5;246m─[0m[38;5;246m[[0m src/utils/pdfExport.js:32:6 [38;5;246m][0m
    [38;5;246m│[0m
 [38;5;246m32 │[0m [38;5;249m [0m[38;5;249m [0m[38;5;249m [0m[38;5;249m [0m[38;5;249m}[0m
 [38;5;240m   │[0m      │ 
 [38;5;240m   │[0m      ╰─ 
 [38;5;240m   │[0m 
 [38;5;240m   │[0m [38;5;115mHelp[0m: Either unwrap this try block or add catch / finally clause
[38;5;246m────╯[0m

[31m[PARSE_ERROR] [0mUnexpected token
    [38;5;246m╭[0m[38;5;246m─[0m[38;5;246m[[0m src/utils/pdfExport.js:33:5 [38;5;246m][0m
    [38;5;246m│[0m
 [38;5;246m33 │[0m [38;5;249m [0m[38;5;249m [0m[38;5;249m}[0m[38;5;249m [0mcatch[38;5;249m [0m[38;5;249m{[0m
 [38;5;240m   │[0m     ──┬──  
 [38;5;240m   │[0m       ╰──── 
[38;5;246m────╯[0m

  Plugin: [35mvite:oxc[39m
  File: [36mD:/program/cloud-based-banking (2)/frontend/src/utils/pdfExport.js[39m
[2m10:01:56 AM[22m [31m[1m[vite][22m[39m [31m[2m(client)[22m[39m Pre-transform error: Transform failed with 2 errors:

[31m[PARSE_ERROR] [0mMissing catch or finally clause
    [38;5;246m╭[0m[38;5;246m─[0m[38;5;246m[[0m src/utils/pdfExport.js:32:6 [38;5;246m][0m
    [38;5;246m│[0m
 [38;5;246m32 │[0m [38;5;249m [0m[38;5;249m [0m[38;5;249m [0m[38;5;249m [0m[38;5;249m}[0m
 [38;5;240m   │[0m      │ 
 [38;5;240m   │[0m      ╰─ 
 [38;5;240m   │[0m 
 [38;5;240m   │[0m [38;5;115mHelp[0m: Either unwrap this try block or add catch / finally clause
[38;5;246m────╯[0m

[31m[PARSE_ERROR] [0mUnexpected token
    [38;5;246m╭[0m[38;5;246m─[0m[38;5;246m[[0m src/utils/pdfExport.js:33:5 [38;5;246m][0m
    [38;5;246m│[0m
 [38;5;246m33 │[0m [38;5;249m [0m[38;5;249m [0m[38;5;249m}[0m[38;5;249m [0mcatch[38;5;249m [0m[38;5;249m{[0m
 [38;5;240m   │[0m     ──┬──  
 [38;5;240m   │[0m       ╰──── 
[38;5;246m────╯[0m

  Plugin: [35mvite:oxc[39m
  File: [36mD:/program/cloud-based-banking (2)/frontend/src/utils/pdfExport.js[39m
[2m10:01:56 AM[22m [31m[1m[vite][22m[39m [31m[2m(client)[22m[39m Pre-transform error: Transform failed with 2 errors:

[31m[PARSE_ERROR] [0mMissing catch or finally clause
    [38;5;246m╭[0m[38;5;246m─[0m[38;5;246m[[0m src/utils/pdfExport.js:32:6 [38;5;246m][0m
    [38;5;246m│[0m
 [38;5;246m32 │[0m [38;5;249m [0m[38;5;249m [0m[38;5;249m [0m[38;5;249m [0m[38;5;249m}[0m
 [38;5;240m   │[0m      │ 
 [38;5;240m   │[0m      ╰─ 
 [38;5;240m   │[0m 
 [38;5;240m   │[0m [38;5;115mHelp[0m: Either unwrap this try block or add catch / finally clause
[38;5;246m────╯[0m

[31m[PARSE_ERROR] [0mUnexpected token
    [38;5;246m╭[0m[38;5;246m─[0m[38;5;246m[[0m src/utils/pdfExport.js:33:5 [38;5;246m][0m
    [38;5;246m│[0m
 [38;5;246m33 │[0m [38;5;249m [0m[38;5;249m [0m[38;5;249m}[0m[38;5;249m [0mcatch[38;5;249m [0m[38;5;249m{[0m
 [38;5;240m   │[0m     ──┬──  
 [38;5;240m   │[0m       ╰──── 
[38;5;246m────╯[0m

  Plugin: [35mvite:oxc[39m
  File: [36mD:/program/cloud-based-banking (2)/frontend/src/utils/pdfExport.js[39m
[2m10:01:56 AM[22m [31m[1m[vite][22m[39m [31m[2m(client)[22m[39m Pre-transform error: Transform failed with 2 errors:

[31m[PARSE_ERROR] [0mMissing catch or finally clause
    [38;5;246m╭[0m[38;5;246m─[0m[38;5;246m[[0m src/utils/pdfExport.js:32:6 [38;5;246m][0m
    [38;5;246m│[0m
 [38;5;246m32 │[0m [38;5;249m [0m[38;5;249m [0m[38;5;249m [0m[38;5;249m [0m[38;5;249m}[0m
 [38;5;240m   │[0m      │ 
 [38;5;240m   │[0m      ╰─ 
 [38;5;240m   │[0m 
 [38;5;240m   │[0m [38;5;115mHelp[0m: Either unwrap this try block or add catch / finally clause
[38;5;246m────╯[0m

[31m[PARSE_ERROR] [0mUnexpected token
    [38;5;246m╭[0m[38;5;246m─[0m[38;5;246m[[0m src/utils/pdfExport.js:33:5 [38;5;246m][0m
    [38;5;246m│[0m
 [38;5;246m33 │[0m [38;5;249m [0m[38;5;249m [0m[38;5;249m}[0m[38;5;249m [0mcatch[38;5;249m [0m[38;5;249m{[0m
 [38;5;240m   │[0m     ──┬──  
 [38;5;240m   │[0m       ╰──── 
[38;5;246m────╯[0m

  Plugin: [35mvite:oxc[39m
  File: [36mD:/program/cloud-based-banking (2)/frontend/src/utils/pdfExport.js[39m
[2m10:01:57 AM[22m [31m[1m[vite][22m[39m [31mInternal server error: Transform failed with 2 errors:

[31m[PARSE_ERROR] [0mMissing catch or finally clause
    [38;5;246m╭[0m[38;5;246m─[0m[38;5;246m[[0m src/utils/pdfExport.js:32:6 [38;5;246m][0m
    [38;5;246m│[0m
 [38;5;246m32 │[0m [38;5;249m [0m[38;5;249m [0m[38;5;249m [0m[38;5;249m [0m[38;5;249m}[0m
 [38;5;240m   │[0m      │ 
 [38;5;240m   │[0m      ╰─ 
 [38;5;240m   │[0m 
 [38;5;240m   │[0m [38;5;115mHelp[0m: Either unwrap this try block or add catch / finally clause
[38;5;246m────╯[0m

[31m[PARSE_ERROR] [0mUnexpected token
    [38;5;246m╭[0m[38;5;246m─[0m[38;5;246m[[0m src/utils/pdfExport.js:33:5 [38;5;246m][0m
    [38;5;246m│[0m
 [38;5;246m33 │[0m [38;5;249m [0m[38;5;249m [0m[38;5;249m}[0m[38;5;249m [0mcatch[38;5;249m [0m[38;5;249m{[0m
 [38;5;240m   │[0m     ──┬──  
 [38;5;240m   │[0m       ╰──── 
[38;5;246m────╯[0m
[39m
  Plugin: [35mvite:oxc[39m
  File: [36mD:/program/cloud-based-banking (2)/frontend/src/utils/pdfExport.js[39m
      at transformWithOxc (file:///D:/program/cloud-based-banking%20(2)/frontend/node_modules/vite/dist/node/chunks/node.js:4017:19)
      at TransformPluginContext.transform (file:///D:/program/cloud-based-banking%20(2)/frontend/node_modules/vite/dist/node/chunks/node.js:4088:26)
      at EnvironmentPluginContainer.transform (file:///D:/program/cloud-based-banking%20(2)/frontend/node_modules/vite/dist/node/chunks/node.js:30151:51)
      at async loadAndTransform (file:///D:/program/cloud-based-banking%20(2)/frontend/node_modules/vite/dist/node/chunks/node.js:20098:26)
      at async viteTransformMiddleware (file:///D:/program/cloud-based-banking%20(2)/frontend/node_modules/vite/dist/node/chunks/node.js:24559:20)
[2m10:02:14 AM[22m [31m[1m[vite][22m[39m [31mInternal server error: Transform failed with 2 errors:

[31m[PARSE_ERROR] [0mMissing catch or finally clause
    [38;5;246m╭[0m[38;5;246m─[0m[38;5;246m[[0m src/utils/pdfExport.js:32:6 [38;5;246m][0m
    [38;5;246m│[0m
 [38;5;246m32 │[0m [38;5;249m [0m[38;5;249m [0m[38;5;249m [0m[38;5;249m [0m[38;5;249m}[0m
 [38;5;240m   │[0m      │ 
 [38;5;240m   │[0m      ╰─ 
 [38;5;240m   │[0m 
 [38;5;240m   │[0m [38;5;115mHelp[0m: Either unwrap this try block or add catch / finally clause
[38;5;246m────╯[0m

[31m[PARSE_ERROR] [0mUnexpected token
    [38;5;246m╭[0m[38;5;246m─[0m[38;5;246m[[0m src/utils/pdfExport.js:33:5 [38;5;246m][0m
    [38;5;246m│[0m
 [38;5;246m33 │[0m [38;5;249m [0m[38;5;249m [0m[38;5;249m}[0m[38;5;249m [0mcatch[38;5;249m [0m[38;5;249m{[0m
 [38;5;240m   │[0m     ──┬──  
 [38;5;240m   │[0m       ╰──── 
[38;5;246m────╯[0m
[39m
  Plugin: [35mvite:oxc[39m
  File: [36mD:/program/cloud-based-banking (2)/frontend/src/utils/pdfExport.js[39m
      at transformWithOxc (file:///D:/program/cloud-based-banking%20(2)/frontend/node_modules/vite/dist/node/chunks/node.js:4017:19)
      at TransformPluginContext.transform (file:///D:/program/cloud-based-banking%20(2)/frontend/node_modules/vite/dist/node/chunks/node.js:4088:26)
      at EnvironmentPluginContainer.transform (file:///D:/program/cloud-based-banking%20(2)/frontend/node_modules/vite/dist/node/chunks/node.js:30151:51)
      at async loadAndTransform (file:///D:/program/cloud-based-banking%20(2)/frontend/node_modules/vite/dist/node/chunks/node.js:20098:26)
      at async viteTransformMiddleware (file:///D:/program/cloud-based-banking%20(2)/frontend/node_modules/vite/dist/node/chunks/node.js:24559:20)
[2m10:02:15 AM[22m [31m[1m[vite][22m[39m [31mInternal server error: Transform failed with 2 errors:

[31m[PARSE_ERROR] [0mMissing catch or finally clause
    [38;5;246m╭[0m[38;5;246m─[0m[38;5;246m[[0m src/utils/pdfExport.js:32:6 [38;5;246m][0m
    [38;5;246m│[0m
 [38;5;246m32 │[0m [38;5;249m [0m[38;5;249m [0m[38;5;249m [0m[38;5;249m [0m[38;5;249m}[0m
 [38;5;240m   │[0m      │ 
 [38;5;240m   │[0m      ╰─ 
 [38;5;240m   │[0m 
 [38;5;240m   │[0m [38;5;115mHelp[0m: Either unwrap this try block or add catch / finally clause
[38;5;246m────╯[0m

[31m[PARSE_ERROR] [0mUnexpected token
    [38;5;246m╭[0m[38;5;246m─[0m[38;5;246m[[0m src/utils/pdfExport.js:33:5 [38;5;246m][0m
    [38;5;246m│[0m
 [38;5;246m33 │[0m [38;5;249m [0m[38;5;249m [0m[38;5;249m}[0m[38;5;249m [0mcatch[38;5;249m [0m[38;5;249m{[0m
 [38;5;240m   │[0m     ──┬──  
 [38;5;240m   │[0m       ╰──── 
[38;5;246m────╯[0m
[39m
  Plugin: [35mvite:oxc[39m
  File: [36mD:/program/cloud-based-banking (2)/frontend/src/utils/pdfExport.js[39m
      at transformWithOxc (file:///D:/program/cloud-based-banking%20(2)/frontend/node_modules/vite/dist/node/chunks/node.js:4017:19)
      at TransformPluginContext.transform (file:///D:/program/cloud-based-banking%20(2)/frontend/node_modules/vite/dist/node/chunks/node.js:4088:26)
      at EnvironmentPluginContainer.transform (file:///D:/program/cloud-based-banking%20(2)/frontend/node_modules/vite/dist/node/chunks/node.js:30151:51)
      at async loadAndTransform (file:///D:/program/cloud-based-banking%20(2)/frontend/node_modules/vite/dist/node/chunks/node.js:20098:26)
      at async viteTransformMiddleware (file:///D:/program/cloud-based-banking%20(2)/frontend/node_modules/vite/dist/node/chunks/node.js:24559:20)
[2m10:02:28 AM[22m [31m[1m[vite][22m[39m [31mInternal server error: Transform failed with 2 errors:

[31m[PARSE_ERROR] [0mMissing catch or finally clause
    [38;5;246m╭[0m[38;5;246m─[0m[38;5;246m[[0m src/utils/pdfExport.js:32:6 [38;5;246m][0m
    [38;5;246m│[0m
 [38;5;246m32 │[0m [38;5;249m [0m[38;5;249m [0m[38;5;249m [0m[38;5;249m [0m[38;5;249m}[0m
 [38;5;240m   │[0m      │ 
 [38;5;240m   │[0m      ╰─ 
 [38;5;240m   │[0m 
 [38;5;240m   │[0m [38;5;115mHelp[0m: Either unwrap this try block or add catch / finally clause
[38;5;246m────╯[0m

[31m[PARSE_ERROR] [0mUnexpected token
    [38;5;246m╭[0m[38;5;246m─[0m[38;5;246m[[0m src/utils/pdfExport.js:33:5 [38;5;246m][0m
    [38;5;246m│[0m
 [38;5;246m33 │[0m [38;5;249m [0m[38;5;249m [0m[38;5;249m}[0m[38;5;249m [0mcatch[38;5;249m [0m[38;5;249m{[0m
 [38;5;240m   │[0m     ──┬──  
 [38;5;240m   │[0m       ╰──── 
[38;5;246m────╯[0m
[39m
  Plugin: [35mvite:oxc[39m
  File: [36mD:/program/cloud-based-banking (2)/frontend/src/utils/pdfExport.js[39m
      at transformWithOxc (file:///D:/program/cloud-based-banking%20(2)/frontend/node_modules/vite/dist/node/chunks/node.js:4017:19)
      at TransformPluginContext.transform (file:///D:/program/cloud-based-banking%20(2)/frontend/node_modules/vite/dist/node/chunks/node.js:4088:26)
      at EnvironmentPluginContainer.transform (file:///D:/program/cloud-based-banking%20(2)/frontend/node_modules/vite/dist/node/chunks/node.js:30151:51)
      at async loadAndTransform (file:///D:/program/cloud-based-banking%20(2)/frontend/node_modules/vite/dist/node/chunks/node.js:20098:26)
      at async viteTransformMiddleware (file:///D:/program/cloud-based-banking%20(2)/frontend/node_modules/vite/dist/node/chunks/node.js:24559:20)
[2m10:02:29 AM[22m [31m[1m[vite][22m[39m [31mInternal server error: Transform failed with 2 errors:

[31m[PARSE_ERROR] [0mMissing catch or finally clause
    [38;5;246m╭[0m[38;5;246m─[0m[38;5;246m[[0m src/utils/pdfExport.js:32:6 [38;5;246m][0m
    [38;5;246m│[0m
 [38;5;246m32 │[0m [38;5;249m [0m[38;5;249m [0m[38;5;249m [0m[38;5;249m [0m[38;5;249m}[0m
 [38;5;240m   │[0m      │ 
 [38;5;240m   │[0m      ╰─ 
 [38;5;240m   │[0m 
 [38;5;240m   │[0m [38;5;115mHelp[0m: Either unwrap this try block or add catch / finally clause
[38;5;246m────╯[0m

[31m[PARSE_ERROR] [0mUnexpected token
    [38;5;246m╭[0m[38;5;246m─[0m[38;5;246m[[0m src/utils/pdfExport.js:33:5 [38;5;246m][0m
    [38;5;246m│[0m
 [38;5;246m33 │[0m [38;5;249m [0m[38;5;249m [0m[38;5;249m}[0m[38;5;249m [0mcatch[38;5;249m [0m[38;5;249m{[0m
 [38;5;240m   │[0m     ──┬──  
 [38;5;240m   │[0m       ╰──── 
[38;5;246m────╯[0m
[39m
  Plugin: [35mvite:oxc[39m
  File: [36mD:/program/cloud-based-banking (2)/frontend/src/utils/pdfExport.js[39m
      at transformWithOxc (file:///D:/program/cloud-based-banking%20(2)/frontend/node_modules/vite/dist/node/chunks/node.js:4017:19)
      at TransformPluginContext.transform (file:///D:/program/cloud-based-banking%20(2)/frontend/node_modules/vite/dist/node/chunks/node.js:4088:26)
      at EnvironmentPluginContainer.transform (file:///D:/program/cloud-based-banking%20(2)/frontend/node_modules/vite/dist/node/chunks/node.js:30151:51)
      at async loadAndTransform (file:///D:/program/cloud-based-banking%20(2)/frontend/node_modules/vite/dist/node/chunks/node.js:20098:26)
      at async viteTransformMiddleware (file:///D:/program/cloud-based-banking%20(2)/frontend/node_modules/vite/dist/node/chunks/node.js:24559:20)
[2m10:03:08 AM[22m [31m[1m[vite][22m[39m [31mInternal server error: Transform failed with 2 errors:

[31m[PARSE_ERROR] [0mMissing catch or finally clause
    [38;5;246m╭[0m[38;5;246m─[0m[38;5;246m[[0m src/utils/pdfExport.js:32:6 [38;5;246m][0m
    [38;5;246m│[0m
 [38;5;246m32 │[0m [38;5;249m [0m[38;5;249m [0m[38;5;249m [0m[38;5;249m [0m[38;5;249m}[0m
 [38;5;240m   │[0m      │ 
 [38;5;240m   │[0m      ╰─ 
 [38;5;240m   │[0m 
 [38;5;240m   │[0m [38;5;115mHelp[0m: Either unwrap this try block or add catch / finally clause
[38;5;246m────╯[0m

[31m[PARSE_ERROR] [0mUnexpected token
    [38;5;246m╭[0m[38;5;246m─[0m[38;5;246m[[0m src/utils/pdfExport.js:33:5 [38;5;246m][0m
    [38;5;246m│[0m
 [38;5;246m33 │[0m [38;5;249m [0m[38;5;249m [0m[38;5;249m}[0m[38;5;249m [0mcatch[38;5;249m [0m[38;5;249m{[0m
 [38;5;240m   │[0m     ──┬──  
 [38;5;240m   │[0m       ╰──── 
[38;5;246m────╯[0m
[39m
  Plugin: [35mvite:oxc[39m
  File: [36mD:/program/cloud-based-banking (2)/frontend/src/utils/pdfExport.js[39m
      at transformWithOxc (file:///D:/program/cloud-based-banking%20(2)/frontend/node_modules/vite/dist/node/chunks/node.js:4017:19)
      at TransformPluginContext.transform (file:///D:/program/cloud-based-banking%20(2)/frontend/node_modules/vite/dist/node/chunks/node.js:4088:26)
      at EnvironmentPluginContainer.transform (file:///D:/program/cloud-based-banking%20(2)/frontend/node_modules/vite/dist/node/chunks/node.js:30151:51)
      at async loadAndTransform (file:///D:/program/cloud-based-banking%20(2)/frontend/node_modules/vite/dist/node/chunks/node.js:20098:26)
      at async viteTransformMiddleware (file:///D:/program/cloud-based-banking%20(2)/frontend/node_modules/vite/dist/node/chunks/node.js:24559:20)
[2m10:03:09 AM[22m [31m[1m[vite][22m[39m [31mInternal server error: Transform failed with 2 errors:

[31m[PARSE_ERROR] [0mMissing catch or finally clause
    [38;5;246m╭[0m[38;5;246m─[0m[38;5;246m[[0m src/utils/pdfExport.js:32:6 [38;5;246m][0m
    [38;5;246m│[0m
 [38;5;246m32 │[0m [38;5;249m [0m[38;5;249m [0m[38;5;249m [0m[38;5;249m [0m[38;5;249m}[0m
 [38;5;240m   │[0m      │ 
 [38;5;240m   │[0m      ╰─ 
 [38;5;240m   │[0m 
 [38;5;240m   │[0m [38;5;115mHelp[0m: Either unwrap this try block or add catch / finally clause
[38;5;246m────╯[0m

[31m[PARSE_ERROR] [0mUnexpected token
    [38;5;246m╭[0m[38;5;246m─[0m[38;5;246m[[0m src/utils/pdfExport.js:33:5 [38;5;246m][0m
    [38;5;246m│[0m
 [38;5;246m33 │[0m [38;5;249m [0m[38;5;249m [0m[38;5;249m}[0m[38;5;249m [0mcatch[38;5;249m [0m[38;5;249m{[0m
 [38;5;240m   │[0m     ──┬──  
 [38;5;240m   │[0m       ╰──── 
[38;5;246m────╯[0m
[39m
  Plugin: [35mvite:oxc[39m
  File: [36mD:/program/cloud-based-banking (2)/frontend/src/utils/pdfExport.js[39m
      at transformWithOxc (file:///D:/program/cloud-based-banking%20(2)/frontend/node_modules/vite/dist/node/chunks/node.js:4017:19)
      at TransformPluginContext.transform (file:///D:/program/cloud-based-banking%20(2)/frontend/node_modules/vite/dist/node/chunks/node.js:4088:26)
      at EnvironmentPluginContainer.transform (file:///D:/program/cloud-based-banking%20(2)/frontend/node_modules/vite/dist/node/chunks/node.js:30151:51)
      at async loadAndTransform (file:///D:/program/cloud-based-banking%20(2)/frontend/node_modules/vite/dist/node/chunks/node.js:20098:26)
      at async viteTransformMiddleware (file:///D:/program/cloud-based-banking%20(2)/frontend/node_modules/vite/dist/node/chunks/node.js:24559:20)
[2m10:03:14 AM[22m [31m[1m[vite][22m[39m [31mInternal server error: Transform failed with 2 errors:

[31m[PARSE_ERROR] [0mMissing catch or finally clause
    [38;5;246m╭[0m[38;5;246m─[0m[38;5;246m[[0m src/utils/pdfExport.js:32:6 [38;5;246m][0m
    [38;5;246m│[0m
 [38;5;246m32 │[0m [38;5;249m [0m[38;5;249m [0m[38;5;249m [0m[38;5;249m [0m[38;5;249m}[0m
 [38;5;240m   │[0m      │ 
 [38;5;240m   │[0m      ╰─ 
 [38;5;240m   │[0m 
 [38;5;240m   │[0m [38;5;115mHelp[0m: Either unwrap this try block or add catch / finally clause
[38;5;246m────╯[0m

[31m[PARSE_ERROR] [0mUnexpected token
    [38;5;246m╭[0m[38;5;246m─[0m[38;5;246m[[0m src/utils/pdfExport.js:33:5 [38;5;246m][0m
    [38;5;246m│[0m
 [38;5;246m33 │[0m [38;5;249m [0m[38;5;249m [0m[38;5;249m}[0m[38;5;249m [0mcatch[38;5;249m [0m[38;5;249m{[0m
 [38;5;240m   │[0m     ──┬──  
 [38;5;240m   │[0m       ╰──── 
[38;5;246m────╯[0m
[39m
  Plugin: [35mvite:oxc[39m
  File: [36mD:/program/cloud-based-banking (2)/frontend/src/utils/pdfExport.js[39m
      at transformWithOxc (file:///D:/program/cloud-based-banking%20(2)/frontend/node_modules/vite/dist/node/chunks/node.js:4017:19)
      at TransformPluginContext.transform (file:///D:/program/cloud-based-banking%20(2)/frontend/node_modules/vite/dist/node/chunks/node.js:4088:26)
      at EnvironmentPluginContainer.transform (file:///D:/program/cloud-based-banking%20(2)/frontend/node_modules/vite/dist/node/chunks/node.js:30151:51)
      at async loadAndTransform (file:///D:/program/cloud-based-banking%20(2)/frontend/node_modules/vite/dist/node/chunks/node.js:20098:26)
      at async viteTransformMiddleware (file:///D:/program/cloud-based-banking%20(2)/frontend/node_modules/vite/dist/node/chunks/node.js:24559:20)
[2m10:03:14 AM[22m [31m[1m[vite][22m[39m [31mInternal server error: Transform failed with 2 errors:

[31m[PARSE_ERROR] [0mMissing catch or finally clause
    [38;5;246m╭[0m[38;5;246m─[0m[38;5;246m[[0m src/utils/pdfExport.js:32:6 [38;5;246m][0m
    [38;5;246m│[0m
 [38;5;246m32 │[0m [38;5;249m [0m[38;5;249m [0m[38;5;249m [0m[38;5;249m [0m[38;5;249m}[0m
 [38;5;240m   │[0m      │ 
 [38;5;240m   │[0m      ╰─ 
 [38;5;240m   │[0m 
 [38;5;240m   │[0m [38;5;115mHelp[0m: Either unwrap this try block or add catch / finally clause
[38;5;246m────╯[0m

[31m[PARSE_ERROR] [0mUnexpected token
    [38;5;246m╭[0m[38;5;246m─[0m[38;5;246m[[0m src/utils/pdfExport.js:33:5 [38;5;246m][0m
    [38;5;246m│[0m
 [38;5;246m33 │[0m [38;5;249m [0m[38;5;249m [0m[38;5;249m}[0m[38;5;249m [0mcatch[38;5;249m [0m[38;5;249m{[0m
 [38;5;240m   │[0m     ──┬──  
 [38;5;240m   │[0m       ╰──── 
[38;5;246m────╯[0m
[39m
  Plugin: [35mvite:oxc[39m
  File: [36mD:/program/cloud-based-banking (2)/frontend/src/utils/pdfExport.js[39m
      at transformWithOxc (file:///D:/program/cloud-based-banking%20(2)/frontend/node_modules/vite/dist/node/chunks/node.js:4017:19)
      at TransformPluginContext.transform (file:///D:/program/cloud-based-banking%20(2)/frontend/node_modules/vite/dist/node/chunks/node.js:4088:26)
      at EnvironmentPluginContainer.transform (file:///D:/program/cloud-based-banking%20(2)/frontend/node_modules/vite/dist/node/chunks/node.js:30151:51)
      at async loadAndTransform (file:///D:/program/cloud-based-banking%20(2)/frontend/node_modules/vite/dist/node/chunks/node.js:20098:26)
      at async viteTransformMiddleware (file:///D:/program/cloud-based-banking%20(2)/frontend/node_modules/vite/dist/node/chunks/node.js:24559:20)
[2m10:03:27 AM[22m [31m[1m[vite][22m[39m [31mInternal server error: Transform failed with 2 errors:

[31m[PARSE_ERROR] [0mMissing catch or finally clause
    [38;5;246m╭[0m[38;5;246m─[0m[38;5;246m[[0m src/utils/pdfExport.js:32:6 [38;5;246m][0m
    [38;5;246m│[0m
 [38;5;246m32 │[0m [38;5;249m [0m[38;5;249m [0m[38;5;249m [0m[38;5;249m [0m[38;5;249m}[0m
 [38;5;240m   │[0m      │ 
 [38;5;240m   │[0m      ╰─ 
 [38;5;240m   │[0m 
 [38;5;240m   │[0m [38;5;115mHelp[0m: Either unwrap this try block or add catch / finally clause
[38;5;246m────╯[0m

[31m[PARSE_ERROR] [0mUnexpected token
    [38;5;246m╭[0m[38;5;246m─[0m[38;5;246m[[0m src/utils/pdfExport.js:33:5 [38;5;246m][0m
    [38;5;246m│[0m
 [38;5;246m33 │[0m [38;5;249m [0m[38;5;249m [0m[38;5;249m}[0m[38;5;249m [0mcatch[38;5;249m [0m[38;5;249m{[0m
 [38;5;240m   │[0m     ──┬──  
 [38;5;240m   │[0m       ╰──── 
[38;5;246m────╯[0m
[39m
  Plugin: [35mvite:oxc[39m
  File: [36mD:/program/cloud-based-banking (2)/frontend/src/utils/pdfExport.js[39m
      at transformWithOxc (file:///D:/program/cloud-based-banking%20(2)/frontend/node_modules/vite/dist/node/chunks/node.js:4017:19)
      at TransformPluginContext.transform (file:///D:/program/cloud-based-banking%20(2)/frontend/node_modules/vite/dist/node/chunks/node.js:4088:26)
      at EnvironmentPluginContainer.transform (file:///D:/program/cloud-based-banking%20(2)/frontend/node_modules/vite/dist/node/chunks/node.js:30151:51)
      at async loadAndTransform (file:///D:/program/cloud-based-banking%20(2)/frontend/node_modules/vite/dist/node/chunks/node.js:20098:26)
      at async viteTransformMiddleware (file:///D:/program/cloud-based-banking%20(2)/frontend/node_modules/vite/dist/node/chunks/node.js:24559:20)
[2m10:03:27 AM[22m [31m[1m[vite][22m[39m [31mInternal server error: Transform failed with 2 errors:

[31m[PARSE_ERROR] [0mMissing catch or finally clause
    [38;5;246m╭[0m[38;5;246m─[0m[38;5;246m[[0m src/utils/pdfExport.js:32:6 [38;5;246m][0m
    [38;5;246m│[0m
 [38;5;246m32 │[0m [38;5;249m [0m[38;5;249m [0m[38;5;249m [0m[38;5;249m [0m[38;5;249m}[0m
 [38;5;240m   │[0m      │ 
 [38;5;240m   │[0m      ╰─ 
 [38;5;240m   │[0m 
 [38;5;240m   │[0m [38;5;115mHelp[0m: Either unwrap this try block or add catch / finally clause
[38;5;246m────╯[0m

[31m[PARSE_ERROR] [0mUnexpected token
    [38;5;246m╭[0m[38;5;246m─[0m[38;5;246m[[0m src/utils/pdfExport.js:33:5 [38;5;246m][0m
    [38;5;246m│[0m
 [38;5;246m33 │[0m [38;5;249m [0m[38;5;249m [0m[38;5;249m}[0m[38;5;249m [0mcatch[38;5;249m [0m[38;5;249m{[0m
 [38;5;240m   │[0m     ──┬──  
 [38;5;240m   │[0m       ╰──── 
[38;5;246m────╯[0m
[39m
  Plugin: [35mvite:oxc[39m
  File: [36mD:/program/cloud-based-banking (2)/frontend/src/utils/pdfExport.js[39m
      at transformWithOxc (file:///D:/program/cloud-based-banking%20(2)/frontend/node_modules/vite/dist/node/chunks/node.js:4017:19)
      at TransformPluginContext.transform (file:///D:/program/cloud-based-banking%20(2)/frontend/node_modules/vite/dist/node/chunks/node.js:4088:26)
      at EnvironmentPluginContainer.transform (file:///D:/program/cloud-based-banking%20(2)/frontend/node_modules/vite/dist/node/chunks/node.js:30151:51)
      at async loadAndTransform (file:///D:/program/cloud-based-banking%20(2)/frontend/node_modules/vite/dist/node/chunks/node.js:20098:26)
      at async viteTransformMiddleware (file:///D:/program/cloud-based-banking%20(2)/frontend/node_modules/vite/dist/node/chunks/node.js:24559:20)
[2m10:03:51 AM[22m [31m[1m[vite][22m[39m [31mInternal server error: Transform failed with 2 errors:

[31m[PARSE_ERROR] [0mMissing catch or finally clause
    [38;5;246m╭[0m[38;5;246m─[0m[38;5;246m[[0m src/utils/pdfExport.js:32:6 [38;5;246m][0m
    [38;5;246m│[0m
 [38;5;246m32 │[0m [38;5;249m [0m[38;5;249m [0m[38;5;249m [0m[38;5;249m [0m[38;5;249m}[0m
 [38;5;240m   │[0m      │ 
 [38;5;240m   │[0m      ╰─ 
 [38;5;240m   │[0m 
 [38;5;240m   │[0m [38;5;115mHelp[0m: Either unwrap this try block or add catch / finally clause
[38;5;246m────╯[0m

[31m[PARSE_ERROR] [0mUnexpected token
    [38;5;246m╭[0m[38;5;246m─[0m[38;5;246m[[0m src/utils/pdfExport.js:33:5 [38;5;246m][0m
    [38;5;246m│[0m
 [38;5;246m33 │[0m [38;5;249m [0m[38;5;249m [0m[38;5;249m}[0m[38;5;249m [0mcatch[38;5;249m [0m[38;5;249m{[0m
 [38;5;240m   │[0m     ──┬──  
 [38;5;240m   │[0m       ╰──── 
[38;5;246m────╯[0m
[39m
  Plugin: [35mvite:oxc[39m
  File: [36mD:/program/cloud-based-banking (2)/frontend/src/utils/pdfExport.js[39m
      at transformWithOxc (file:///D:/program/cloud-based-banking%20(2)/frontend/node_modules/vite/dist/node/chunks/node.js:4017:19)
      at TransformPluginContext.transform (file:///D:/program/cloud-based-banking%20(2)/frontend/node_modules/vite/dist/node/chunks/node.js:4088:26)
      at EnvironmentPluginContainer.transform (file:///D:/program/cloud-based-banking%20(2)/frontend/node_modules/vite/dist/node/chunks/node.js:30151:51)
      at async loadAndTransform (file:///D:/program/cloud-based-banking%20(2)/frontend/node_modules/vite/dist/node/chunks/node.js:20098:26)
      at async viteTransformMiddleware (file:///D:/program/cloud-based-banking%20(2)/frontend/node_modules/vite/dist/node/chunks/node.js:24559:20)
[2m10:03:52 AM[22m [31m[1m[vite][22m[39m [31mInternal server error: Transform failed with 2 errors:

[31m[PARSE_ERROR] [0mMissing catch or finally clause
    [38;5;246m╭[0m[38;5;246m─[0m[38;5;246m[[0m src/utils/pdfExport.js:32:6 [38;5;246m][0m
    [38;5;246m│[0m
 [38;5;246m32 │[0m [38;5;249m [0m[38;5;249m [0m[38;5;249m [0m[38;5;249m [0m[38;5;249m}[0m
 [38;5;240m   │[0m      │ 
 [38;5;240m   │[0m      ╰─ 
 [38;5;240m   │[0m 
 [38;5;240m   │[0m [38;5;115mHelp[0m: Either unwrap this try block or add catch / finally clause
[38;5;246m────╯[0m

[31m[PARSE_ERROR] [0mUnexpected token
    [38;5;246m╭[0m[38;5;246m─[0m[38;5;246m[[0m src/utils/pdfExport.js:33:5 [38;5;246m][0m
    [38;5;246m│[0m
 [38;5;246m33 │[0m [38;5;249m [0m[38;5;249m [0m[38;5;249m}[0m[38;5;249m [0mcatch[38;5;249m [0m[38;5;249m{[0m
 [38;5;240m   │[0m     ──┬──  
 [38;5;240m   │[0m       ╰──── 
[38;5;246m────╯[0m
[39m
  Plugin: [35mvite:oxc[39m
  File: [36mD:/program/cloud-based-banking (2)/frontend/src/utils/pdfExport.js[39m
      at transformWithOxc (file:///D:/program/cloud-based-banking%20(2)/frontend/node_modules/vite/dist/node/chunks/node.js:4017:19)
      at TransformPluginContext.transform (file:///D:/program/cloud-based-banking%20(2)/frontend/node_modules/vite/dist/node/chunks/node.js:4088:26)
      at EnvironmentPluginContainer.transform (file:///D:/program/cloud-based-banking%20(2)/frontend/node_modules/vite/dist/node/chunks/node.js:30151:51)
      at async loadAndTransform (file:///D:/program/cloud-based-banking%20(2)/frontend/node_modules/vite/dist/node/chunks/node.js:20098:26)
      at async viteTransformMiddleware (file:///D:/program/cloud-based-banking%20(2)/frontend/node_modules/vite/dist/node/chunks/node.js:24559:20)
[2m10:03:58 AM[22m [31m[1m[vite][22m[39m [31mInternal server error: Transform failed with 2 errors:

[31m[PARSE_ERROR] [0mMissing catch or finally clause
    [38;5;246m╭[0m[38;5;246m─[0m[38;5;246m[[0m src/utils/pdfExport.js:32:6 [38;5;246m][0m
    [38;5;246m│[0m
 [38;5;246m32 │[0m [38;5;249m [0m[38;5;249m [0m[38;5;249m [0m[38;5;249m [0m[38;5;249m}[0m
 [38;5;240m   │[0m      │ 
 [38;5;240m   │[0m      ╰─ 
 [38;5;240m   │[0m 
 [38;5;240m   │[0m [38;5;115mHelp[0m: Either unwrap this try block or add catch / finally clause
[38;5;246m────╯[0m

[31m[PARSE_ERROR] [0mUnexpected token
    [38;5;246m╭[0m[38;5;246m─[0m[38;5;246m[[0m src/utils/pdfExport.js:33:5 [38;5;246m][0m
    [38;5;246m│[0m
 [38;5;246m33 │[0m [38;5;249m [0m[38;5;249m [0m[38;5;249m}[0m[38;5;249m [0mcatch[38;5;249m [0m[38;5;249m{[0m
 [38;5;240m   │[0m     ──┬──  
 [38;5;240m   │[0m       ╰──── 
[38;5;246m────╯[0m
[39m
  Plugin: [35mvite:oxc[39m
  File: [36mD:/program/cloud-based-banking (2)/frontend/src/utils/pdfExport.js[39m
      at transformWithOxc (file:///D:/program/cloud-based-banking%20(2)/frontend/node_modules/vite/dist/node/chunks/node.js:4017:19)
      at TransformPluginContext.transform (file:///D:/program/cloud-based-banking%20(2)/frontend/node_modules/vite/dist/node/chunks/node.js:4088:26)
      at EnvironmentPluginContainer.transform (file:///D:/program/cloud-based-banking%20(2)/frontend/node_modules/vite/dist/node/chunks/node.js:30151:51)
      at async loadAndTransform (file:///D:/program/cloud-based-banking%20(2)/frontend/node_modules/vite/dist/node/chunks/node.js:20098:26)
      at async viteTransformMiddleware (file:///D:/program/cloud-based-banking%20(2)/frontend/node_modules/vite/dist/node/chunks/node.js:24559:20)
[2m10:03:59 AM[22m [31m[1m[vite][22m[39m [31mInternal server error: Transform failed with 2 errors:

[31m[PARSE_ERROR] [0mMissing catch or finally clause
    [38;5;246m╭[0m[38;5;246m─[0m[38;5;246m[[0m src/utils/pdfExport.js:32:6 [38;5;246m][0m
    [38;5;246m│[0m
 [38;5;246m32 │[0m [38;5;249m [0m[38;5;249m [0m[38;5;249m [0m[38;5;249m [0m[38;5;249m}[0m
 [38;5;240m   │[0m      │ 
 [38;5;240m   │[0m      ╰─ 
 [38;5;240m   │[0m 
 [38;5;240m   │[0m [38;5;115mHelp[0m: Either unwrap this try block or add catch / finally clause
[38;5;246m────╯[0m

[31m[PARSE_ERROR] [0mUnexpected token
    [38;5;246m╭[0m[38;5;246m─[0m[38;5;246m[[0m src/utils/pdfExport.js:33:5 [38;5;246m][0m
    [38;5;246m│[0m
 [38;5;246m33 │[0m [38;5;249m [0m[38;5;249m [0m[38;5;249m}[0m[38;5;249m [0mcatch[38;5;249m [0m[38;5;249m{[0m
 [38;5;240m   │[0m     ──┬──  
 [38;5;240m   │[0m       ╰──── 
[38;5;246m────╯[0m
[39m
  Plugin: [35mvite:oxc[39m
  File: [36mD:/program/cloud-based-banking (2)/frontend/src/utils/pdfExport.js[39m
      at transformWithOxc (file:///D:/program/cloud-based-banking%20(2)/frontend/node_modules/vite/dist/node/chunks/node.js:4017:19)
      at TransformPluginContext.transform (file:///D:/program/cloud-based-banking%20(2)/frontend/node_modules/vite/dist/node/chunks/node.js:4088:26)
      at EnvironmentPluginContainer.transform (file:///D:/program/cloud-based-banking%20(2)/frontend/node_modules/vite/dist/node/chunks/node.js:30151:51)
      at async loadAndTransform (file:///D:/program/cloud-based-banking%20(2)/frontend/node_modules/vite/dist/node/chunks/node.js:20098:26)
      at async viteTransformMiddleware (file:///D:/program/cloud-based-banking%20(2)/frontend/node_modules/vite/dist/node/chunks/node.js:24559:20)
[2m10:04:23 AM[22m [31m[1m[vite][22m[39m [31m[2m(client)[22m[39m Pre-transform error: Transform failed with 1 error:

[31m[PARSE_ERROR] [0mExpected `,` or `)` but found `:`
    [38;5;246m╭[0m[38;5;246m─[0m[38;5;246m[[0m src/pages/settings/UserSettings.jsx:53:30 [38;5;246m][0m
    [38;5;246m│[0m
 [38;5;246m53 │[0m [38;5;249m [0m[38;5;249m [0m[38;5;249mc[0m[38;5;249mo[0m[38;5;249mn[0m[38;5;249ms[0m[38;5;249mt[0m[38;5;249m [0m[38;5;249mt[0m[38;5;249ma[0m[38;5;249mb[0m[38;5;249mB[0m[38;5;249mu[0m[38;5;249mt[0m[38;5;249mt[0m[38;5;249mo[0m[38;5;249mn[0m[38;5;249m [0m[38;5;249m=[0m[38;5;249m [0m([38;5;249mi[0m[38;5;249md[0m[38;5;249m,[0m[38;5;249m [0m[38;5;249mi[0m[38;5;249mc[0m[38;5;249mo[0m[38;5;249mn[0m:[38;5;249m [0m[38;5;249mI[0m[38;5;249mc[0m[38;5;249mo[0m[38;5;249mn[0m[38;5;249m,[0m[38;5;249m [0m[38;5;249ml[0m[38;5;249ma[0m[38;5;249mb[0m[38;5;249me[0m[38;5;249ml[0m[38;5;249m)[0m[38;5;249m [0m[38;5;249m=[0m[38;5;249m>[0m[38;5;249m [0m[38;5;249m([0m
 [38;5;240m   │[0m                     ┬        ┬  
 [38;5;240m   │[0m                     ╰─────────── Opened here
 [38;5;240m   │[0m                              │  
 [38;5;240m   │[0m                              ╰── `,` or `)` expected
[38;5;246m────╯[0m

  Plugin: [35mvite:oxc[39m
  File: [36mD:/program/cloud-based-banking (2)/frontend/src/pages/settings/UserSettings.jsx[39m
[2m10:04:23 AM[22m [31m[1m[vite][22m[39m [31mInternal server error: Transform failed with 1 error:

[31m[PARSE_ERROR] [0mExpected `,` or `)` but found `:`
    [38;5;246m╭[0m[38;5;246m─[0m[38;5;246m[[0m src/pages/settings/UserSettings.jsx:53:30 [38;5;246m][0m
    [38;5;246m│[0m
 [38;5;246m53 │[0m [38;5;249m [0m[38;5;249m [0m[38;5;249mc[0m[38;5;249mo[0m[38;5;249mn[0m[38;5;249ms[0m[38;5;249mt[0m[38;5;249m [0m[38;5;249mt[0m[38;5;249ma[0m[38;5;249mb[0m[38;5;249mB[0m[38;5;249mu[0m[38;5;249mt[0m[38;5;249mt[0m[38;5;249mo[0m[38;5;249mn[0m[38;5;249m [0m[38;5;249m=[0m[38;5;249m [0m([38;5;249mi[0m[38;5;249md[0m[38;5;249m,[0m[38;5;249m [0m[38;5;249mi[0m[38;5;249mc[0m[38;5;249mo[0m[38;5;249mn[0m:[38;5;249m [0m[38;5;249mI[0m[38;5;249mc[0m[38;5;249mo[0m[38;5;249mn[0m[38;5;249m,[0m[38;5;249m [0m[38;5;249ml[0m[38;5;249ma[0m[38;5;249mb[0m[38;5;249me[0m[38;5;249ml[0m[38;5;249m)[0m[38;5;249m [0m[38;5;249m=[0m[38;5;249m>[0m[38;5;249m [0m[38;5;249m([0m
 [38;5;240m   │[0m                     ┬        ┬  
 [38;5;240m   │[0m                     ╰─────────── Opened here
 [38;5;240m   │[0m                              │  
 [38;5;240m   │[0m                              ╰── `,` or `)` expected
[38;5;246m────╯[0m
[39m
  Plugin: [35mvite:oxc[39m
  File: [36mD:/program/cloud-based-banking (2)/frontend/src/pages/settings/UserSettings.jsx[39m
      at transformWithOxc (file:///D:/program/cloud-based-banking%20(2)/frontend/node_modules/vite/dist/node/chunks/node.js:4017:19)
      at TransformPluginContext.transform (file:///D:/program/cloud-based-banking%20(2)/frontend/node_modules/vite/dist/node/chunks/node.js:4088:26)
      at EnvironmentPluginContainer.transform (file:///D:/program/cloud-based-banking%20(2)/frontend/node_modules/vite/dist/node/chunks/node.js:30151:51)
      at async loadAndTransform (file:///D:/program/cloud-based-banking%20(2)/frontend/node_modules/vite/dist/node/chunks/node.js:20098:26)
      at async viteTransformMiddleware (file:///D:/program/cloud-based-banking%20(2)/frontend/node_modules/vite/dist/node/chunks/node.js:24559:20)
[2m10:04:23 AM[22m [31m[1m[vite][22m[39m [31mInternal server error: Transform failed with 1 error:

[31m[PARSE_ERROR] [0mExpected `,` or `)` but found `:`
    [38;5;246m╭[0m[38;5;246m─[0m[38;5;246m[[0m src/pages/settings/UserSettings.jsx:53:30 [38;5;246m][0m
    [38;5;246m│[0m
 [38;5;246m53 │[0m [38;5;249m [0m[38;5;249m [0m[38;5;249mc[0m[38;5;249mo[0m[38;5;249mn[0m[38;5;249ms[0m[38;5;249mt[0m[38;5;249m [0m[38;5;249mt[0m[38;5;249ma[0m[38;5;249mb[0m[38;5;249mB[0m[38;5;249mu[0m[38;5;249mt[0m[38;5;249mt[0m[38;5;249mo[0m[38;5;249mn[0m[38;5;249m [0m[38;5;249m=[0m[38;5;249m [0m([38;5;249mi[0m[38;5;249md[0m[38;5;249m,[0m[38;5;249m [0m[38;5;249mi[0m[38;5;249mc[0m[38;5;249mo[0m[38;5;249mn[0m:[38;5;249m [0m[38;5;249mI[0m[38;5;249mc[0m[38;5;249mo[0m[38;5;249mn[0m[38;5;249m,[0m[38;5;249m [0m[38;5;249ml[0m[38;5;249ma[0m[38;5;249mb[0m[38;5;249me[0m[38;5;249ml[0m[38;5;249m)[0m[38;5;249m [0m[38;5;249m=[0m[38;5;249m>[0m[38;5;249m [0m[38;5;249m([0m
 [38;5;240m   │[0m                     ┬        ┬  
 [38;5;240m   │[0m                     ╰─────────── Opened here
 [38;5;240m   │[0m                              │  
 [38;5;240m   │[0m                              ╰── `,` or `)` expected
[38;5;246m────╯[0m
[39m
  Plugin: [35mvite:oxc[39m
  File: [36mD:/program/cloud-based-banking (2)/frontend/src/pages/settings/UserSettings.jsx[39m
      at transformWithOxc (file:///D:/program/cloud-based-banking%20(2)/frontend/node_modules/vite/dist/node/chunks/node.js:4017:19)
      at TransformPluginContext.transform (file:///D:/program/cloud-based-banking%20(2)/frontend/node_modules/vite/dist/node/chunks/node.js:4088:26)
      at EnvironmentPluginContainer.transform (file:///D:/program/cloud-based-banking%20(2)/frontend/node_modules/vite/dist/node/chunks/node.js:30151:51)
      at async loadAndTransform (file:///D:/program/cloud-based-banking%20(2)/frontend/node_modules/vite/dist/node/chunks/node.js:20098:26)
      at async viteTransformMiddleware (file:///D:/program/cloud-based-banking%20(2)/frontend/node_modules/vite/dist/node/chunks/node.js:24559:20)
[2m10:04:23 AM[22m [31m[1m[vite][22m[39m [31mInternal server error: Transform failed with 2 errors:

[31m[PARSE_ERROR] [0mMissing catch or finally clause
    [38;5;246m╭[0m[38;5;246m─[0m[38;5;246m[[0m src/utils/pdfExport.js:32:6 [38;5;246m][0m
    [38;5;246m│[0m
 [38;5;246m32 │[0m [38;5;249m [0m[38;5;249m [0m[38;5;249m [0m[38;5;249m [0m[38;5;249m}[0m
 [38;5;240m   │[0m      │ 
 [38;5;240m   │[0m      ╰─ 
 [38;5;240m   │[0m 
 [38;5;240m   │[0m [38;5;115mHelp[0m: Either unwrap this try block or add catch / finally clause
[38;5;246m────╯[0m

[31m[PARSE_ERROR] [0mUnexpected token
    [38;5;246m╭[0m[38;5;246m─[0m[38;5;246m[[0m src/utils/pdfExport.js:33:5 [38;5;246m][0m
    [38;5;246m│[0m
 [38;5;246m33 │[0m [38;5;249m [0m[38;5;249m [0m[38;5;249m}[0m[38;5;249m [0mcatch[38;5;249m [0m[38;5;249m{[0m
 [38;5;240m   │[0m     ──┬──  
 [38;5;240m   │[0m       ╰──── 
[38;5;246m────╯[0m
[39m
  Plugin: [35mvite:oxc[39m
  File: [36mD:/program/cloud-based-banking (2)/frontend/src/utils/pdfExport.js[39m
      at transformWithOxc (file:///D:/program/cloud-based-banking%20(2)/frontend/node_modules/vite/dist/node/chunks/node.js:4017:19)
      at TransformPluginContext.transform (file:///D:/program/cloud-based-banking%20(2)/frontend/node_modules/vite/dist/node/chunks/node.js:4088:26)
      at EnvironmentPluginContainer.transform (file:///D:/program/cloud-based-banking%20(2)/frontend/node_modules/vite/dist/node/chunks/node.js:30151:51)
      at async loadAndTransform (file:///D:/program/cloud-based-banking%20(2)/frontend/node_modules/vite/dist/node/chunks/node.js:20098:26)
      at async viteTransformMiddleware (file:///D:/program/cloud-based-banking%20(2)/frontend/node_modules/vite/dist/node/chunks/node.js:24559:20)
[2m10:04:27 AM[22m [31m[1m[vite][22m[39m [31m[2m(client)[22m[39m Pre-transform error: Transform failed with 1 error:

[31m[PARSE_ERROR] [0mExpected `,` or `)` but found `:`
    [38;5;246m╭[0m[38;5;246m─[0m[38;5;246m[[0m src/pages/settings/UserSettings.jsx:53:30 [38;5;246m][0m
    [38;5;246m│[0m
 [38;5;246m53 │[0m [38;5;249m [0m[38;5;249m [0m[38;5;249mc[0m[38;5;249mo[0m[38;5;249mn[0m[38;5;249ms[0m[38;5;249mt[0m[38;5;249m [0m[38;5;249mt[0m[38;5;249ma[0m[38;5;249mb[0m[38;5;249mB[0m[38;5;249mu[0m[38;5;249mt[0m[38;5;249mt[0m[38;5;249mo[0m[38;5;249mn[0m[38;5;249m [0m[38;5;249m=[0m[38;5;249m [0m([38;5;249mi[0m[38;5;249md[0m[38;5;249m,[0m[38;5;249m [0m[38;5;249mi[0m[38;5;249mc[0m[38;5;249mo[0m[38;5;249mn[0m:[38;5;249m [0m[38;5;249mI[0m[38;5;249mc[0m[38;5;249mo[0m[38;5;249mn[0m[38;5;249m,[0m[38;5;249m [0m[38;5;249ml[0m[38;5;249ma[0m[38;5;249mb[0m[38;5;249me[0m[38;5;249ml[0m[38;5;249m)[0m[38;5;249m [0m[38;5;249m=[0m[38;5;249m>[0m[38;5;249m [0m[38;5;249m([0m
 [38;5;240m   │[0m                     ┬        ┬  
 [38;5;240m   │[0m                     ╰─────────── Opened here
 [38;5;240m   │[0m                              │  
 [38;5;240m   │[0m                              ╰── `,` or `)` expected
[38;5;246m────╯[0m

  Plugin: [35mvite:oxc[39m
  File: [36mD:/program/cloud-based-banking (2)/frontend/src/pages/settings/UserSettings.jsx[39m
[2m10:04:27 AM[22m [31m[1m[vite][22m[39m [31mInternal server error: Transform failed with 1 error:

[31m[PARSE_ERROR] [0mExpected `,` or `)` but found `:`
    [38;5;246m╭[0m[38;5;246m─[0m[38;5;246m[[0m src/pages/settings/UserSettings.jsx:53:30 [38;5;246m][0m
    [38;5;246m│[0m
 [38;5;246m53 │[0m [38;5;249m [0m[38;5;249m [0m[38;5;249mc[0m[38;5;249mo[0m[38;5;249mn[0m[38;5;249ms[0m[38;5;249mt[0m[38;5;249m [0m[38;5;249mt[0m[38;5;249ma[0m[38;5;249mb[0m[38;5;249mB[0m[38;5;249mu[0m[38;5;249mt[0m[38;5;249mt[0m[38;5;249mo[0m[38;5;249mn[0m[38;5;249m [0m[38;5;249m=[0m[38;5;249m [0m([38;5;249mi[0m[38;5;249md[0m[38;5;249m,[0m[38;5;249m [0m[38;5;249mi[0m[38;5;249mc[0m[38;5;249mo[0m[38;5;249mn[0m:[38;5;249m [0m[38;5;249mI[0m[38;5;249mc[0m[38;5;249mo[0m[38;5;249mn[0m[38;5;249m,[0m[38;5;249m [0m[38;5;249ml[0m[38;5;249ma[0m[38;5;249mb[0m[38;5;249me[0m[38;5;249ml[0m[38;5;249m)[0m[38;5;249m [0m[38;5;249m=[0m[38;5;249m>[0m[38;5;249m [0m[38;5;249m([0m
 [38;5;240m   │[0m                     ┬        ┬  
 [38;5;240m   │[0m                     ╰─────────── Opened here
 [38;5;240m   │[0m                              │  
 [38;5;240m   │[0m                              ╰── `,` or `)` expected
[38;5;246m────╯[0m
[39m
  Plugin: [35mvite:oxc[39m
  File: [36mD:/program/cloud-based-banking (2)/frontend/src/pages/settings/UserSettings.jsx[39m
      at transformWithOxc (file:///D:/program/cloud-based-banking%20(2)/frontend/node_modules/vite/dist/node/chunks/node.js:4017:19)
      at TransformPluginContext.transform (file:///D:/program/cloud-based-banking%20(2)/frontend/node_modules/vite/dist/node/chunks/node.js:4088:26)
      at EnvironmentPluginContainer.transform (file:///D:/program/cloud-based-banking%20(2)/frontend/node_modules/vite/dist/node/chunks/node.js:30151:51)
      at async loadAndTransform (file:///D:/program/cloud-based-banking%20(2)/frontend/node_modules/vite/dist/node/chunks/node.js:20098:26)
      at async viteTransformMiddleware (file:///D:/program/cloud-based-banking%20(2)/frontend/node_modules/vite/dist/node/chunks/node.js:24559:20)
[2m10:04:27 AM[22m [31m[1m[vite][22m[39m [31mInternal server error: Transform failed with 1 error:

[31m[PARSE_ERROR] [0mExpected `,` or `)` but found `:`
    [38;5;246m╭[0m[38;5;246m─[0m[38;5;246m[[0m src/pages/settings/UserSettings.jsx:53:30 [38;5;246m][0m
    [38;5;246m│[0m
 [38;5;246m53 │[0m [38;5;249m [0m[38;5;249m [0m[38;5;249mc[0m[38;5;249mo[0m[38;5;249mn[0m[38;5;249ms[0m[38;5;249mt[0m[38;5;249m [0m[38;5;249mt[0m[38;5;249ma[0m[38;5;249mb[0m[38;5;249mB[0m[38;5;249mu[0m[38;5;249mt[0m[38;5;249mt[0m[38;5;249mo[0m[38;5;249mn[0m[38;5;249m [0m[38;5;249m=[0m[38;5;249m [0m([38;5;249mi[0m[38;5;249md[0m[38;5;249m,[0m[38;5;249m [0m[38;5;249mi[0m[38;5;249mc[0m[38;5;249mo[0m[38;5;249mn[0m:[38;5;249m [0m[38;5;249mI[0m[38;5;249mc[0m[38;5;249mo[0m[38;5;249mn[0m[38;5;249m,[0m[38;5;249m [0m[38;5;249ml[0m[38;5;249ma[0m[38;5;249mb[0m[38;5;249me[0m[38;5;249ml[0m[38;5;249m)[0m[38;5;249m [0m[38;5;249m=[0m[38;5;249m>[0m[38;5;249m [0m[38;5;249m([0m
 [38;5;240m   │[0m                     ┬        ┬  
 [38;5;240m   │[0m                     ╰─────────── Opened here
 [38;5;240m   │[0m                              │  
 [38;5;240m   │[0m                              ╰── `,` or `)` expected
[38;5;246m────╯[0m
[39m
  Plugin: [35mvite:oxc[39m
  File: [36mD:/program/cloud-based-banking (2)/frontend/src/pages/settings/UserSettings.jsx[39m
      at transformWithOxc (file:///D:/program/cloud-based-banking%20(2)/frontend/node_modules/vite/dist/node/chunks/node.js:4017:19)
      at TransformPluginContext.transform (file:///D:/program/cloud-based-banking%20(2)/frontend/node_modules/vite/dist/node/chunks/node.js:4088:26)
      at EnvironmentPluginContainer.transform (file:///D:/program/cloud-based-banking%20(2)/frontend/node_modules/vite/dist/node/chunks/node.js:30151:51)
      at async loadAndTransform (file:///D:/program/cloud-based-banking%20(2)/frontend/node_modules/vite/dist/node/chunks/node.js:20098:26)
      at async viteTransformMiddleware (file:///D:/program/cloud-based-banking%20(2)/frontend/node_modules/vite/dist/node/chunks/node.js:24559:20)
[2m10:04:27 AM[22m [31m[1m[vite][22m[39m [31mInternal server error: Transform failed with 2 errors:

[31m[PARSE_ERROR] [0mMissing catch or finally clause
    [38;5;246m╭[0m[38;5;246m─[0m[38;5;246m[[0m src/utils/pdfExport.js:32:6 [38;5;246m][0m
    [38;5;246m│[0m
 [38;5;246m32 │[0m [38;5;249m [0m[38;5;249m [0m[38;5;249m [0m[38;5;249m [0m[38;5;249m}[0m
 [38;5;240m   │[0m      │ 
 [38;5;240m   │[0m      ╰─ 
 [38;5;240m   │[0m 
 [38;5;240m   │[0m [38;5;115mHelp[0m: Either unwrap this try block or add catch / finally clause
[38;5;246m────╯[0m

[31m[PARSE_ERROR] [0mUnexpected token
    [38;5;246m╭[0m[38;5;246m─[0m[38;5;246m[[0m src/utils/pdfExport.js:33:5 [38;5;246m][0m
    [38;5;246m│[0m
 [38;5;246m33 │[0m [38;5;249m [0m[38;5;249m [0m[38;5;249m}[0m[38;5;249m [0mcatch[38;5;249m [0m[38;5;249m{[0m
 [38;5;240m   │[0m     ──┬──  
 [38;5;240m   │[0m       ╰──── 
[38;5;246m────╯[0m
[39m
  Plugin: [35mvite:oxc[39m
  File: [36mD:/program/cloud-based-banking (2)/frontend/src/utils/pdfExport.js[39m
      at transformWithOxc (file:///D:/program/cloud-based-banking%20(2)/frontend/node_modules/vite/dist/node/chunks/node.js:4017:19)
      at TransformPluginContext.transform (file:///D:/program/cloud-based-banking%20(2)/frontend/node_modules/vite/dist/node/chunks/node.js:4088:26)
      at EnvironmentPluginContainer.transform (file:///D:/program/cloud-based-banking%20(2)/frontend/node_modules/vite/dist/node/chunks/node.js:30151:51)
      at async loadAndTransform (file:///D:/program/cloud-based-banking%20(2)/frontend/node_modules/vite/dist/node/chunks/node.js:20098:26)
      at async viteTransformMiddleware (file:///D:/program/cloud-based-banking%20(2)/frontend/node_modules/vite/dist/node/chunks/node.js:24559:20)
[2m10:04:31 AM[22m [31m[1m[vite][22m[39m [31m[2m(client)[22m[39m Pre-transform error: Transform failed with 1 error:

[31m[PARSE_ERROR] [0mExpected `,` or `)` but found `:`
    [38;5;246m╭[0m[38;5;246m─[0m[38;5;246m[[0m src/pages/settings/UserSettings.jsx:53:30 [38;5;246m][0m
    [38;5;246m│[0m
 [38;5;246m53 │[0m [38;5;249m [0m[38;5;249m [0m[38;5;249mc[0m[38;5;249mo[0m[38;5;249mn[0m[38;5;249ms[0m[38;5;249mt[0m[38;5;249m [0m[38;5;249mt[0m[38;5;249ma[0m[38;5;249mb[0m[38;5;249mB[0m[38;5;249mu[0m[38;5;249mt[0m[38;5;249mt[0m[38;5;249mo[0m[38;5;249mn[0m[38;5;249m [0m[38;5;249m=[0m[38;5;249m [0m([38;5;249mi[0m[38;5;249md[0m[38;5;249m,[0m[38;5;249m [0m[38;5;249mi[0m[38;5;249mc[0m[38;5;249mo[0m[38;5;249mn[0m:[38;5;249m [0m[38;5;249mI[0m[38;5;249mc[0m[38;5;249mo[0m[38;5;249mn[0m[38;5;249m,[0m[38;5;249m [0m[38;5;249ml[0m[38;5;249ma[0m[38;5;249mb[0m[38;5;249me[0m[38;5;249ml[0m[38;5;249m)[0m[38;5;249m [0m[38;5;249m=[0m[38;5;249m>[0m[38;5;249m [0m[38;5;249m([0m
 [38;5;240m   │[0m                     ┬        ┬  
 [38;5;240m   │[0m                     ╰─────────── Opened here
 [38;5;240m   │[0m                              │  
 [38;5;240m   │[0m                              ╰── `,` or `)` expected
[38;5;246m────╯[0m

  Plugin: [35mvite:oxc[39m
  File: [36mD:/program/cloud-based-banking (2)/frontend/src/pages/settings/UserSettings.jsx[39m
[2m10:04:31 AM[22m [31m[1m[vite][22m[39m [31mInternal server error: Transform failed with 1 error:

[31m[PARSE_ERROR] [0mExpected `,` or `)` but found `:`
    [38;5;246m╭[0m[38;5;246m─[0m[38;5;246m[[0m src/pages/settings/UserSettings.jsx:53:30 [38;5;246m][0m
    [38;5;246m│[0m
 [38;5;246m53 │[0m [38;5;249m [0m[38;5;249m [0m[38;5;249mc[0m[38;5;249mo[0m[38;5;249mn[0m[38;5;249ms[0m[38;5;249mt[0m[38;5;249m [0m[38;5;249mt[0m[38;5;249ma[0m[38;5;249mb[0m[38;5;249mB[0m[38;5;249mu[0m[38;5;249mt[0m[38;5;249mt[0m[38;5;249mo[0m[38;5;249mn[0m[38;5;249m [0m[38;5;249m=[0m[38;5;249m [0m([38;5;249mi[0m[38;5;249md[0m[38;5;249m,[0m[38;5;249m [0m[38;5;249mi[0m[38;5;249mc[0m[38;5;249mo[0m[38;5;249mn[0m:[38;5;249m [0m[38;5;249mI[0m[38;5;249mc[0m[38;5;249mo[0m[38;5;249mn[0m[38;5;249m,[0m[38;5;249m [0m[38;5;249ml[0m[38;5;249ma[0m[38;5;249mb[0m[38;5;249me[0m[38;5;249ml[0m[38;5;249m)[0m[38;5;249m [0m[38;5;249m=[0m[38;5;249m>[0m[38;5;249m [0m[38;5;249m([0m
 [38;5;240m   │[0m                     ┬        ┬  
 [38;5;240m   │[0m                     ╰─────────── Opened here
 [38;5;240m   │[0m                              │  
 [38;5;240m   │[0m                              ╰── `,` or `)` expected
[38;5;246m────╯[0m
[39m
  Plugin: [35mvite:oxc[39m
  File: [36mD:/program/cloud-based-banking (2)/frontend/src/pages/settings/UserSettings.jsx[39m
      at transformWithOxc (file:///D:/program/cloud-based-banking%20(2)/frontend/node_modules/vite/dist/node/chunks/node.js:4017:19)
      at TransformPluginContext.transform (file:///D:/program/cloud-based-banking%20(2)/frontend/node_modules/vite/dist/node/chunks/node.js:4088:26)
      at EnvironmentPluginContainer.transform (file:///D:/program/cloud-based-banking%20(2)/frontend/node_modules/vite/dist/node/chunks/node.js:30151:51)
      at async loadAndTransform (file:///D:/program/cloud-based-banking%20(2)/frontend/node_modules/vite/dist/node/chunks/node.js:20098:26)
      at async viteTransformMiddleware (file:///D:/program/cloud-based-banking%20(2)/frontend/node_modules/vite/dist/node/chunks/node.js:24559:20)
[2m10:04:31 AM[22m [31m[1m[vite][22m[39m [31mInternal server error: Transform failed with 1 error:

[31m[PARSE_ERROR] [0mExpected `,` or `)` but found `:`
    [38;5;246m╭[0m[38;5;246m─[0m[38;5;246m[[0m src/pages/settings/UserSettings.jsx:53:30 [38;5;246m][0m
    [38;5;246m│[0m
 [38;5;246m53 │[0m [38;5;249m [0m[38;5;249m [0m[38;5;249mc[0m[38;5;249mo[0m[38;5;249mn[0m[38;5;249ms[0m[38;5;249mt[0m[38;5;249m [0m[38;5;249mt[0m[38;5;249ma[0m[38;5;249mb[0m[38;5;249mB[0m[38;5;249mu[0m[38;5;249mt[0m[38;5;249mt[0m[38;5;249mo[0m[38;5;249mn[0m[38;5;249m [0m[38;5;249m=[0m[38;5;249m [0m([38;5;249mi[0m[38;5;249md[0m[38;5;249m,[0m[38;5;249m [0m[38;5;249mi[0m[38;5;249mc[0m[38;5;249mo[0m[38;5;249mn[0m:[38;5;249m [0m[38;5;249mI[0m[38;5;249mc[0m[38;5;249mo[0m[38;5;249mn[0m[38;5;249m,[0m[38;5;249m [0m[38;5;249ml[0m[38;5;249ma[0m[38;5;249mb[0m[38;5;249me[0m[38;5;249ml[0m[38;5;249m)[0m[38;5;249m [0m[38;5;249m=[0m[38;5;249m>[0m[38;5;249m [0m[38;5;249m([0m
 [38;5;240m   │[0m                     ┬        ┬  
 [38;5;240m   │[0m                     ╰─────────── Opened here
 [38;5;240m   │[0m                              │  
 [38;5;240m   │[0m                              ╰── `,` or `)` expected
[38;5;246m────╯[0m
[39m
  Plugin: [35mvite:oxc[39m
  File: [36mD:/program/cloud-based-banking (2)/frontend/src/pages/settings/UserSettings.jsx[39m
      at transformWithOxc (file:///D:/program/cloud-based-banking%20(2)/frontend/node_modules/vite/dist/node/chunks/node.js:4017:19)
      at TransformPluginContext.transform (file:///D:/program/cloud-based-banking%20(2)/frontend/node_modules/vite/dist/node/chunks/node.js:4088:26)
      at EnvironmentPluginContainer.transform (file:///D:/program/cloud-based-banking%20(2)/frontend/node_modules/vite/dist/node/chunks/node.js:30151:51)
      at async loadAndTransform (file:///D:/program/cloud-based-banking%20(2)/frontend/node_modules/vite/dist/node/chunks/node.js:20098:26)
      at async viteTransformMiddleware (file:///D:/program/cloud-based-banking%20(2)/frontend/node_modules/vite/dist/node/chunks/node.js:24559:20)
[2m10:04:31 AM[22m [31m[1m[vite][22m[39m [31mInternal server error: Transform failed with 2 errors:

[31m[PARSE_ERROR] [0mMissing catch or finally clause
    [38;5;246m╭[0m[38;5;246m─[0m[38;5;246m[[0m src/utils/pdfExport.js:32:6 [38;5;246m][0m
    [38;5;246m│[0m
 [38;5;246m32 │[0m [38;5;249m [0m[38;5;249m [0m[38;5;249m [0m[38;5;249m [0m[38;5;249m}[0m
 [38;5;240m   │[0m      │ 
 [38;5;240m   │[0m      ╰─ 
 [38;5;240m   │[0m 
 [38;5;240m   │[0m [38;5;115mHelp[0m: Either unwrap this try block or add catch / finally clause
[38;5;246m────╯[0m

[31m[PARSE_ERROR] [0mUnexpected token
    [38;5;246m╭[0m[38;5;246m─[0m[38;5;246m[[0m src/utils/pdfExport.js:33:5 [38;5;246m][0m
    [38;5;246m│[0m
 [38;5;246m33 │[0m [38;5;249m [0m[38;5;249m [0m[38;5;249m}[0m[38;5;249m [0mcatch[38;5;249m [0m[38;5;249m{[0m
 [38;5;240m   │[0m     ──┬──  
 [38;5;240m   │[0m       ╰──── 
[38;5;246m────╯[0m
[39m
  Plugin: [35mvite:oxc[39m
  File: [36mD:/program/cloud-based-banking (2)/frontend/src/utils/pdfExport.js[39m
      at transformWithOxc (file:///D:/program/cloud-based-banking%20(2)/frontend/node_modules/vite/dist/node/chunks/node.js:4017:19)
      at TransformPluginContext.transform (file:///D:/program/cloud-based-banking%20(2)/frontend/node_modules/vite/dist/node/chunks/node.js:4088:26)
      at EnvironmentPluginContainer.transform (file:///D:/program/cloud-based-banking%20(2)/frontend/node_modules/vite/dist/node/chunks/node.js:30151:51)
      at async loadAndTransform (file:///D:/program/cloud-based-banking%20(2)/frontend/node_modules/vite/dist/node/chunks/node.js:20098:26)
      at async viteTransformMiddleware (file:///D:/program/cloud-based-banking%20(2)/frontend/node_modules/vite/dist/node/chunks/node.js:24559:20)
[2m10:04:50 AM[22m [31m[1m[vite][22m[39m [31m[2m(client)[22m[39m Pre-transform error: Transform failed with 1 error:

[31m[PARSE_ERROR] [0mExpected `,` or `)` but found `:`
    [38;5;246m╭[0m[38;5;246m─[0m[38;5;246m[[0m src/pages/settings/UserSettings.jsx:53:30 [38;5;246m][0m
    [38;5;246m│[0m
 [38;5;246m53 │[0m [38;5;249m [0m[38;5;249m [0m[38;5;249mc[0m[38;5;249mo[0m[38;5;249mn[0m[38;5;249ms[0m[38;5;249mt[0m[38;5;249m [0m[38;5;249mt[0m[38;5;249ma[0m[38;5;249mb[0m[38;5;249mB[0m[38;5;249mu[0m[38;5;249mt[0m[38;5;249mt[0m[38;5;249mo[0m[38;5;249mn[0m[38;5;249m [0m[38;5;249m=[0m[38;5;249m [0m([38;5;249mi[0m[38;5;249md[0m[38;5;249m,[0m[38;5;249m [0m[38;5;249mi[0m[38;5;249mc[0m[38;5;249mo[0m[38;5;249mn[0m:[38;5;249m [0m[38;5;249mI[0m[38;5;249mc[0m[38;5;249mo[0m[38;5;249mn[0m[38;5;249m,[0m[38;5;249m [0m[38;5;249ml[0m[38;5;249ma[0m[38;5;249mb[0m[38;5;249me[0m[38;5;249ml[0m[38;5;249m)[0m[38;5;249m [0m[38;5;249m=[0m[38;5;249m>[0m[38;5;249m [0m[38;5;249m([0m
 [38;5;240m   │[0m                     ┬        ┬  
 [38;5;240m   │[0m                     ╰─────────── Opened here
 [38;5;240m   │[0m                              │  
 [38;5;240m   │[0m                              ╰── `,` or `)` expected
[38;5;246m────╯[0m

  Plugin: [35mvite:oxc[39m
  File: [36mD:/program/cloud-based-banking (2)/frontend/src/pages/settings/UserSettings.jsx[39m
[2m10:04:50 AM[22m [31m[1m[vite][22m[39m [31mInternal server error: Transform failed with 1 error:

[31m[PARSE_ERROR] [0mExpected `,` or `)` but found `:`
    [38;5;246m╭[0m[38;5;246m─[0m[38;5;246m[[0m src/pages/settings/UserSettings.jsx:53:30 [38;5;246m][0m
    [38;5;246m│[0m
 [38;5;246m53 │[0m [38;5;249m [0m[38;5;249m [0m[38;5;249mc[0m[38;5;249mo[0m[38;5;249mn[0m[38;5;249ms[0m[38;5;249mt[0m[38;5;249m [0m[38;5;249mt[0m[38;5;249ma[0m[38;5;249mb[0m[38;5;249mB[0m[38;5;249mu[0m[38;5;249mt[0m[38;5;249mt[0m[38;5;249mo[0m[38;5;249mn[0m[38;5;249m [0m[38;5;249m=[0m[38;5;249m [0m([38;5;249mi[0m[38;5;249md[0m[38;5;249m,[0m[38;5;249m [0m[38;5;249mi[0m[38;5;249mc[0m[38;5;249mo[0m[38;5;249mn[0m:[38;5;249m [0m[38;5;249mI[0m[38;5;249mc[0m[38;5;249mo[0m[38;5;249mn[0m[38;5;249m,[0m[38;5;249m [0m[38;5;249ml[0m[38;5;249ma[0m[38;5;249mb[0m[38;5;249me[0m[38;5;249ml[0m[38;5;249m)[0m[38;5;249m [0m[38;5;249m=[0m[38;5;249m>[0m[38;5;249m [0m[38;5;249m([0m
 [38;5;240m   │[0m                     ┬        ┬  
 [38;5;240m   │[0m                     ╰─────────── Opened here
 [38;5;240m   │[0m                              │  
 [38;5;240m   │[0m                              ╰── `,` or `)` expected
[38;5;246m────╯[0m
[39m
  Plugin: [35mvite:oxc[39m
  File: [36mD:/program/cloud-based-banking (2)/frontend/src/pages/settings/UserSettings.jsx[39m
      at transformWithOxc (file:///D:/program/cloud-based-banking%20(2)/frontend/node_modules/vite/dist/node/chunks/node.js:4017:19)
      at TransformPluginContext.transform (file:///D:/program/cloud-based-banking%20(2)/frontend/node_modules/vite/dist/node/chunks/node.js:4088:26)
      at EnvironmentPluginContainer.transform (file:///D:/program/cloud-based-banking%20(2)/frontend/node_modules/vite/dist/node/chunks/node.js:30151:51)
      at async loadAndTransform (file:///D:/program/cloud-based-banking%20(2)/frontend/node_modules/vite/dist/node/chunks/node.js:20098:26)
      at async viteTransformMiddleware (file:///D:/program/cloud-based-banking%20(2)/frontend/node_modules/vite/dist/node/chunks/node.js:24559:20)
[2m10:04:50 AM[22m [31m[1m[vite][22m[39m [31mInternal server error: Transform failed with 1 error:

[31m[PARSE_ERROR] [0mExpected `,` or `)` but found `:`
    [38;5;246m╭[0m[38;5;246m─[0m[38;5;246m[[0m src/pages/settings/UserSettings.jsx:53:30 [38;5;246m][0m
    [38;5;246m│[0m
 [38;5;246m53 │[0m [38;5;249m [0m[38;5;249m [0m[38;5;249mc[0m[38;5;249mo[0m[38;5;249mn[0m[38;5;249ms[0m[38;5;249mt[0m[38;5;249m [0m[38;5;249mt[0m[38;5;249ma[0m[38;5;249mb[0m[38;5;249mB[0m[38;5;249mu[0m[38;5;249mt[0m[38;5;249mt[0m[38;5;249mo[0m[38;5;249mn[0m[38;5;249m [0m[38;5;249m=[0m[38;5;249m [0m([38;5;249mi[0m[38;5;249md[0m[38;5;249m,[0m[38;5;249m [0m[38;5;249mi[0m[38;5;249mc[0m[38;5;249mo[0m[38;5;249mn[0m:[38;5;249m [0m[38;5;249mI[0m[38;5;249mc[0m[38;5;249mo[0m[38;5;249mn[0m[38;5;249m,[0m[38;5;249m [0m[38;5;249ml[0m[38;5;249ma[0m[38;5;249mb[0m[38;5;249me[0m[38;5;249ml[0m[38;5;249m)[0m[38;5;249m [0m[38;5;249m=[0m[38;5;249m>[0m[38;5;249m [0m[38;5;249m([0m
 [38;5;240m   │[0m                     ┬        ┬  
 [38;5;240m   │[0m                     ╰─────────── Opened here
 [38;5;240m   │[0m                              │  
 [38;5;240m   │[0m                              ╰── `,` or `)` expected
[38;5;246m────╯[0m
[39m
  Plugin: [35mvite:oxc[39m
  File: [36mD:/program/cloud-based-banking (2)/frontend/src/pages/settings/UserSettings.jsx[39m
      at transformWithOxc (file:///D:/program/cloud-based-banking%20(2)/frontend/node_modules/vite/dist/node/chunks/node.js:4017:19)
      at TransformPluginContext.transform (file:///D:/program/cloud-based-banking%20(2)/frontend/node_modules/vite/dist/node/chunks/node.js:4088:26)
      at EnvironmentPluginContainer.transform (file:///D:/program/cloud-based-banking%20(2)/frontend/node_modules/vite/dist/node/chunks/node.js:30151:51)
      at async loadAndTransform (file:///D:/program/cloud-based-banking%20(2)/frontend/node_modules/vite/dist/node/chunks/node.js:20098:26)
      at async viteTransformMiddleware (file:///D:/program/cloud-based-banking%20(2)/frontend/node_modules/vite/dist/node/chunks/node.js:24559:20)
[2m10:04:50 AM[22m [31m[1m[vite][22m[39m [31mInternal server error: Transform failed with 2 errors:

[31m[PARSE_ERROR] [0mMissing catch or finally clause
    [38;5;246m╭[0m[38;5;246m─[0m[38;5;246m[[0m src/utils/pdfExport.js:32:6 [38;5;246m][0m
    [38;5;246m│[0m
 [38;5;246m32 │[0m [38;5;249m [0m[38;5;249m [0m[38;5;249m [0m[38;5;249m [0m[38;5;249m}[0m
 [38;5;240m   │[0m      │ 
 [38;5;240m   │[0m      ╰─ 
 [38;5;240m   │[0m 
 [38;5;240m   │[0m [38;5;115mHelp[0m: Either unwrap this try block or add catch / finally clause
[38;5;246m────╯[0m

[31m[PARSE_ERROR] [0mUnexpected token
    [38;5;246m╭[0m[38;5;246m─[0m[38;5;246m[[0m src/utils/pdfExport.js:33:5 [38;5;246m][0m
    [38;5;246m│[0m
 [38;5;246m33 │[0m [38;5;249m [0m[38;5;249m [0m[38;5;249m}[0m[38;5;249m [0mcatch[38;5;249m [0m[38;5;249m{[0m
 [38;5;240m   │[0m     ──┬──  
 [38;5;240m   │[0m       ╰──── 
[38;5;246m────╯[0m
[39m
  Plugin: [35mvite:oxc[39m
  File: [36mD:/program/cloud-based-banking (2)/frontend/src/utils/pdfExport.js[39m
      at transformWithOxc (file:///D:/program/cloud-based-banking%20(2)/frontend/node_modules/vite/dist/node/chunks/node.js:4017:19)
      at TransformPluginContext.transform (file:///D:/program/cloud-based-banking%20(2)/frontend/node_modules/vite/dist/node/chunks/node.js:4088:26)
      at EnvironmentPluginContainer.transform (file:///D:/program/cloud-based-banking%20(2)/frontend/node_modules/vite/dist/node/chunks/node.js:30151:51)
      at async loadAndTransform (file:///D:/program/cloud-based-banking%20(2)/frontend/node_modules/vite/dist/node/chunks/node.js:20098:26)
      at async viteTransformMiddleware (file:///D:/program/cloud-based-banking%20(2)/frontend/node_modules/vite/dist/node/chunks/node.js:24559:20)
[2m10:04:52 AM[22m [31m[1m[vite][22m[39m [31m[2m(client)[22m[39m Pre-transform error: Transform failed with 1 error:

[31m[PARSE_ERROR] [0mExpected `,` or `)` but found `:`
    [38;5;246m╭[0m[38;5;246m─[0m[38;5;246m[[0m src/pages/settings/UserSettings.jsx:53:30 [38;5;246m][0m
    [38;5;246m│[0m
 [38;5;246m53 │[0m [38;5;249m [0m[38;5;249m [0m[38;5;249mc[0m[38;5;249mo[0m[38;5;249mn[0m[38;5;249ms[0m[38;5;249mt[0m[38;5;249m [0m[38;5;249mt[0m[38;5;249ma[0m[38;5;249mb[0m[38;5;249mB[0m[38;5;249mu[0m[38;5;249mt[0m[38;5;249mt[0m[38;5;249mo[0m[38;5;249mn[0m[38;5;249m [0m[38;5;249m=[0m[38;5;249m [0m([38;5;249mi[0m[38;5;249md[0m[38;5;249m,[0m[38;5;249m [0m[38;5;249mi[0m[38;5;249mc[0m[38;5;249mo[0m[38;5;249mn[0m:[38;5;249m [0m[38;5;249mI[0m[38;5;249mc[0m[38;5;249mo[0m[38;5;249mn[0m[38;5;249m,[0m[38;5;249m [0m[38;5;249ml[0m[38;5;249ma[0m[38;5;249mb[0m[38;5;249me[0m[38;5;249ml[0m[38;5;249m)[0m[38;5;249m [0m[38;5;249m=[0m[38;5;249m>[0m[38;5;249m [0m[38;5;249m([0m
 [38;5;240m   │[0m                     ┬        ┬  
 [38;5;240m   │[0m                     ╰─────────── Opened here
 [38;5;240m   │[0m                              │  
 [38;5;240m   │[0m                              ╰── `,` or `)` expected
[38;5;246m────╯[0m

  Plugin: [35mvite:oxc[39m
  File: [36mD:/program/cloud-based-banking (2)/frontend/src/pages/settings/UserSettings.jsx[39m
[2m10:04:52 AM[22m [31m[1m[vite][22m[39m [31mInternal server error: Transform failed with 1 error:

[31m[PARSE_ERROR] [0mExpected `,` or `)` but found `:`
    [38;5;246m╭[0m[38;5;246m─[0m[38;5;246m[[0m src/pages/settings/UserSettings.jsx:53:30 [38;5;246m][0m
    [38;5;246m│[0m
 [38;5;246m53 │[0m [38;5;249m [0m[38;5;249m [0m[38;5;249mc[0m[38;5;249mo[0m[38;5;249mn[0m[38;5;249ms[0m[38;5;249mt[0m[38;5;249m [0m[38;5;249mt[0m[38;5;249ma[0m[38;5;249mb[0m[38;5;249mB[0m[38;5;249mu[0m[38;5;249mt[0m[38;5;249mt[0m[38;5;249mo[0m[38;5;249mn[0m[38;5;249m [0m[38;5;249m=[0m[38;5;249m [0m([38;5;249mi[0m[38;5;249md[0m[38;5;249m,[0m[38;5;249m [0m[38;5;249mi[0m[38;5;249mc[0m[38;5;249mo[0m[38;5;249mn[0m:[38;5;249m [0m[38;5;249mI[0m[38;5;249mc[0m[38;5;249mo[0m[38;5;249mn[0m[38;5;249m,[0m[38;5;249m [0m[38;5;249ml[0m[38;5;249ma[0m[38;5;249mb[0m[38;5;249me[0m[38;5;249ml[0m[38;5;249m)[0m[38;5;249m [0m[38;5;249m=[0m[38;5;249m>[0m[38;5;249m [0m[38;5;249m([0m
 [38;5;240m   │[0m                     ┬        ┬  
 [38;5;240m   │[0m                     ╰─────────── Opened here
 [38;5;240m   │[0m                              │  
 [38;5;240m   │[0m                              ╰── `,` or `)` expected
[38;5;246m────╯[0m
[39m
  Plugin: [35mvite:oxc[39m
  File: [36mD:/program/cloud-based-banking (2)/frontend/src/pages/settings/UserSettings.jsx[39m
      at transformWithOxc (file:///D:/program/cloud-based-banking%20(2)/frontend/node_modules/vite/dist/node/chunks/node.js:4017:19)
      at TransformPluginContext.transform (file:///D:/program/cloud-based-banking%20(2)/frontend/node_modules/vite/dist/node/chunks/node.js:4088:26)
      at EnvironmentPluginContainer.transform (file:///D:/program/cloud-based-banking%20(2)/frontend/node_modules/vite/dist/node/chunks/node.js:30151:51)
      at async loadAndTransform (file:///D:/program/cloud-based-banking%20(2)/frontend/node_modules/vite/dist/node/chunks/node.js:20098:26)
      at async viteTransformMiddleware (file:///D:/program/cloud-based-banking%20(2)/frontend/node_modules/vite/dist/node/chunks/node.js:24559:20)
[2m10:04:53 AM[22m [31m[1m[vite][22m[39m [31mInternal server error: Transform failed with 1 error:

[31m[PARSE_ERROR] [0mExpected `,` or `)` but found `:`
    [38;5;246m╭[0m[38;5;246m─[0m[38;5;246m[[0m src/pages/settings/UserSettings.jsx:53:30 [38;5;246m][0m
    [38;5;246m│[0m
 [38;5;246m53 │[0m [38;5;249m [0m[38;5;249m [0m[38;5;249mc[0m[38;5;249mo[0m[38;5;249mn[0m[38;5;249ms[0m[38;5;249mt[0m[38;5;249m [0m[38;5;249mt[0m[38;5;249ma[0m[38;5;249mb[0m[38;5;249mB[0m[38;5;249mu[0m[38;5;249mt[0m[38;5;249mt[0m[38;5;249mo[0m[38;5;249mn[0m[38;5;249m [0m[38;5;249m=[0m[38;5;249m [0m([38;5;249mi[0m[38;5;249md[0m[38;5;249m,[0m[38;5;249m [0m[38;5;249mi[0m[38;5;249mc[0m[38;5;249mo[0m[38;5;249mn[0m:[38;5;249m [0m[38;5;249mI[0m[38;5;249mc[0m[38;5;249mo[0m[38;5;249mn[0m[38;5;249m,[0m[38;5;249m [0m[38;5;249ml[0m[38;5;249ma[0m[38;5;249mb[0m[38;5;249me[0m[38;5;249ml[0m[38;5;249m)[0m[38;5;249m [0m[38;5;249m=[0m[38;5;249m>[0m[38;5;249m [0m[38;5;249m([0m
 [38;5;240m   │[0m                     ┬        ┬  
 [38;5;240m   │[0m                     ╰─────────── Opened here
 [38;5;240m   │[0m                              │  
 [38;5;240m   │[0m                              ╰── `,` or `)` expected
[38;5;246m────╯[0m
[39m
  Plugin: [35mvite:oxc[39m
  File: [36mD:/program/cloud-based-banking (2)/frontend/src/pages/settings/UserSettings.jsx[39m
      at transformWithOxc (file:///D:/program/cloud-based-banking%20(2)/frontend/node_modules/vite/dist/node/chunks/node.js:4017:19)
      at TransformPluginContext.transform (file:///D:/program/cloud-based-banking%20(2)/frontend/node_modules/vite/dist/node/chunks/node.js:4088:26)
      at EnvironmentPluginContainer.transform (file:///D:/program/cloud-based-banking%20(2)/frontend/node_modules/vite/dist/node/chunks/node.js:30151:51)
      at async loadAndTransform (file:///D:/program/cloud-based-banking%20(2)/frontend/node_modules/vite/dist/node/chunks/node.js:20098:26)
      at async viteTransformMiddleware (file:///D:/program/cloud-based-banking%20(2)/frontend/node_modules/vite/dist/node/chunks/node.js:24559:20)
[2m10:04:53 AM[22m [31m[1m[vite][22m[39m [31mInternal server error: Transform failed with 2 errors:

[31m[PARSE_ERROR] [0mMissing catch or finally clause
    [38;5;246m╭[0m[38;5;246m─[0m[38;5;246m[[0m src/utils/pdfExport.js:32:6 [38;5;246m][0m
    [38;5;246m│[0m
 [38;5;246m32 │[0m [38;5;249m [0m[38;5;249m [0m[38;5;249m [0m[38;5;249m [0m[38;5;249m}[0m
 [38;5;240m   │[0m      │ 
 [38;5;240m   │[0m      ╰─ 
 [38;5;240m   │[0m 
 [38;5;240m   │[0m [38;5;115mHelp[0m: Either unwrap this try block or add catch / finally clause
[38;5;246m────╯[0m

[31m[PARSE_ERROR] [0mUnexpected token
    [38;5;246m╭[0m[38;5;246m─[0m[38;5;246m[[0m src/utils/pdfExport.js:33:5 [38;5;246m][0m
    [38;5;246m│[0m
 [38;5;246m33 │[0m [38;5;249m [0m[38;5;249m [0m[38;5;249m}[0m[38;5;249m [0mcatch[38;5;249m [0m[38;5;249m{[0m
 [38;5;240m   │[0m     ──┬──  
 [38;5;240m   │[0m       ╰──── 
[38;5;246m────╯[0m
[39m
  Plugin: [35mvite:oxc[39m
  File: [36mD:/program/cloud-based-banking (2)/frontend/src/utils/pdfExport.js[39m
      at transformWithOxc (file:///D:/program/cloud-based-banking%20(2)/frontend/node_modules/vite/dist/node/chunks/node.js:4017:19)
      at TransformPluginContext.transform (file:///D:/program/cloud-based-banking%20(2)/frontend/node_modules/vite/dist/node/chunks/node.js:4088:26)
      at EnvironmentPluginContainer.transform (file:///D:/program/cloud-based-banking%20(2)/frontend/node_modules/vite/dist/node/chunks/node.js:30151:51)
      at async loadAndTransform (file:///D:/program/cloud-based-banking%20(2)/frontend/node_modules/vite/dist/node/chunks/node.js:20098:26)
      at async viteTransformMiddleware (file:///D:/program/cloud-based-banking%20(2)/frontend/node_modules/vite/dist/node/chunks/node.js:24559:20)
[2m10:04:57 AM[22m [31m[1m[vite][22m[39m [31m[2m(client)[22m[39m Pre-transform error: Transform failed with 1 error:

[31m[PARSE_ERROR] [0mExpected `,` or `)` but found `:`
    [38;5;246m╭[0m[38;5;246m─[0m[38;5;246m[[0m src/pages/settings/UserSettings.jsx:53:30 [38;5;246m][0m
    [38;5;246m│[0m
 [38;5;246m53 │[0m [38;5;249m [0m[38;5;249m [0m[38;5;249mc[0m[38;5;249mo[0m[38;5;249mn[0m[38;5;249ms[0m[38;5;249mt[0m[38;5;249m [0m[38;5;249mt[0m[38;5;249ma[0m[38;5;249mb[0m[38;5;249mB[0m[38;5;249mu[0m[38;5;249mt[0m[38;5;249mt[0m[38;5;249mo[0m[38;5;249mn[0m[38;5;249m [0m[38;5;249m=[0m[38;5;249m [0m([38;5;249mi[0m[38;5;249md[0m[38;5;249m,[0m[38;5;249m [0m[38;5;249mi[0m[38;5;249mc[0m[38;5;249mo[0m[38;5;249mn[0m:[38;5;249m [0m[38;5;249mI[0m[38;5;249mc[0m[38;5;249mo[0m[38;5;249mn[0m[38;5;249m,[0m[38;5;249m [0m[38;5;249ml[0m[38;5;249ma[0m[38;5;249mb[0m[38;5;249me[0m[38;5;249ml[0m[38;5;249m)[0m[38;5;249m [0m[38;5;249m=[0m[38;5;249m>[0m[38;5;249m [0m[38;5;249m([0m
 [38;5;240m   │[0m                     ┬        ┬  
 [38;5;240m   │[0m                     ╰─────────── Opened here
 [38;5;240m   │[0m                              │  
 [38;5;240m   │[0m                              ╰── `,` or `)` expected
[38;5;246m────╯[0m

  Plugin: [35mvite:oxc[39m
  File: [36mD:/program/cloud-based-banking (2)/frontend/src/pages/settings/UserSettings.jsx[39m
[2m10:04:57 AM[22m [31m[1m[vite][22m[39m [31mInternal server error: Transform failed with 1 error:

[31m[PARSE_ERROR] [0mExpected `,` or `)` but found `:`
    [38;5;246m╭[0m[38;5;246m─[0m[38;5;246m[[0m src/pages/settings/UserSettings.jsx:53:30 [38;5;246m][0m
    [38;5;246m│[0m
 [38;5;246m53 │[0m [38;5;249m [0m[38;5;249m [0m[38;5;249mc[0m[38;5;249mo[0m[38;5;249mn[0m[38;5;249ms[0m[38;5;249mt[0m[38;5;249m [0m[38;5;249mt[0m[38;5;249ma[0m[38;5;249mb[0m[38;5;249mB[0m[38;5;249mu[0m[38;5;249mt[0m[38;5;249mt[0m[38;5;249mo[0m[38;5;249mn[0m[38;5;249m [0m[38;5;249m=[0m[38;5;249m [0m([38;5;249mi[0m[38;5;249md[0m[38;5;249m,[0m[38;5;249m [0m[38;5;249mi[0m[38;5;249mc[0m[38;5;249mo[0m[38;5;249mn[0m:[38;5;249m [0m[38;5;249mI[0m[38;5;249mc[0m[38;5;249mo[0m[38;5;249mn[0m[38;5;249m,[0m[38;5;249m [0m[38;5;249ml[0m[38;5;249ma[0m[38;5;249mb[0m[38;5;249me[0m[38;5;249ml[0m[38;5;249m)[0m[38;5;249m [0m[38;5;249m=[0m[38;5;249m>[0m[38;5;249m [0m[38;5;249m([0m
 [38;5;240m   │[0m                     ┬        ┬  
 [38;5;240m   │[0m                     ╰─────────── Opened here
 [38;5;240m   │[0m                              │  
 [38;5;240m   │[0m                              ╰── `,` or `)` expected
[38;5;246m────╯[0m
[39m
  Plugin: [35mvite:oxc[39m
  File: [36mD:/program/cloud-based-banking (2)/frontend/src/pages/settings/UserSettings.jsx[39m
      at transformWithOxc (file:///D:/program/cloud-based-banking%20(2)/frontend/node_modules/vite/dist/node/chunks/node.js:4017:19)
      at TransformPluginContext.transform (file:///D:/program/cloud-based-banking%20(2)/frontend/node_modules/vite/dist/node/chunks/node.js:4088:26)
      at EnvironmentPluginContainer.transform (file:///D:/program/cloud-based-banking%20(2)/frontend/node_modules/vite/dist/node/chunks/node.js:30151:51)
      at async loadAndTransform (file:///D:/program/cloud-based-banking%20(2)/frontend/node_modules/vite/dist/node/chunks/node.js:20098:26)
      at async viteTransformMiddleware (file:///D:/program/cloud-based-banking%20(2)/frontend/node_modules/vite/dist/node/chunks/node.js:24559:20)
[2m10:04:57 AM[22m [31m[1m[vite][22m[39m [31mInternal server error: Transform failed with 1 error:

[31m[PARSE_ERROR] [0mExpected `,` or `)` but found `:`
    [38;5;246m╭[0m[38;5;246m─[0m[38;5;246m[[0m src/pages/settings/UserSettings.jsx:53:30 [38;5;246m][0m
    [38;5;246m│[0m
 [38;5;246m53 │[0m [38;5;249m [0m[38;5;249m [0m[38;5;249mc[0m[38;5;249mo[0m[38;5;249mn[0m[38;5;249ms[0m[38;5;249mt[0m[38;5;249m [0m[38;5;249mt[0m[38;5;249ma[0m[38;5;249mb[0m[38;5;249mB[0m[38;5;249mu[0m[38;5;249mt[0m[38;5;249mt[0m[38;5;249mo[0m[38;5;249mn[0m[38;5;249m [0m[38;5;249m=[0m[38;5;249m [0m([38;5;249mi[0m[38;5;249md[0m[38;5;249m,[0m[38;5;249m [0m[38;5;249mi[0m[38;5;249mc[0m[38;5;249mo[0m[38;5;249mn[0m:[38;5;249m [0m[38;5;249mI[0m[38;5;249mc[0m[38;5;249mo[0m[38;5;249mn[0m[38;5;249m,[0m[38;5;249m [0m[38;5;249ml[0m[38;5;249ma[0m[38;5;249mb[0m[38;5;249me[0m[38;5;249ml[0m[38;5;249m)[0m[38;5;249m [0m[38;5;249m=[0m[38;5;249m>[0m[38;5;249m [0m[38;5;249m([0m
 [38;5;240m   │[0m                     ┬        ┬  
 [38;5;240m   │[0m                     ╰─────────── Opened here
 [38;5;240m   │[0m                              │  
 [38;5;240m   │[0m                              ╰── `,` or `)` expected
[38;5;246m────╯[0m
[39m
  Plugin: [35mvite:oxc[39m
  File: [36mD:/program/cloud-based-banking (2)/frontend/src/pages/settings/UserSettings.jsx[39m
      at transformWithOxc (file:///D:/program/cloud-based-banking%20(2)/frontend/node_modules/vite/dist/node/chunks/node.js:4017:19)
      at TransformPluginContext.transform (file:///D:/program/cloud-based-banking%20(2)/frontend/node_modules/vite/dist/node/chunks/node.js:4088:26)
      at EnvironmentPluginContainer.transform (file:///D:/program/cloud-based-banking%20(2)/frontend/node_modules/vite/dist/node/chunks/node.js:30151:51)
      at async loadAndTransform (file:///D:/program/cloud-based-banking%20(2)/frontend/node_modules/vite/dist/node/chunks/node.js:20098:26)
      at async viteTransformMiddleware (file:///D:/program/cloud-based-banking%20(2)/frontend/node_modules/vite/dist/node/chunks/node.js:24559:20)
[2m10:04:58 AM[22m [31m[1m[vite][22m[39m [31mInternal server error: Transform failed with 2 errors:

[31m[PARSE_ERROR] [0mMissing catch or finally clause
    [38;5;246m╭[0m[38;5;246m─[0m[38;5;246m[[0m src/utils/pdfExport.js:32:6 [38;5;246m][0m
    [38;5;246m│[0m
 [38;5;246m32 │[0m [38;5;249m [0m[38;5;249m [0m[38;5;249m [0m[38;5;249m [0m[38;5;249m}[0m
 [38;5;240m   │[0m      │ 
 [38;5;240m   │[0m      ╰─ 
 [38;5;240m   │[0m 
 [38;5;240m   │[0m [38;5;115mHelp[0m: Either unwrap this try block or add catch / finally clause
[38;5;246m────╯[0m

[31m[PARSE_ERROR] [0mUnexpected token
    [38;5;246m╭[0m[38;5;246m─[0m[38;5;246m[[0m src/utils/pdfExport.js:33:5 [38;5;246m][0m
    [38;5;246m│[0m
 [38;5;246m33 │[0m [38;5;249m [0m[38;5;249m [0m[38;5;249m}[0m[38;5;249m [0mcatch[38;5;249m [0m[38;5;249m{[0m
 [38;5;240m   │[0m     ──┬──  
 [38;5;240m   │[0m       ╰──── 
[38;5;246m────╯[0m
[39m
  Plugin: [35mvite:oxc[39m
  File: [36mD:/program/cloud-based-banking (2)/frontend/src/utils/pdfExport.js[39m
      at transformWithOxc (file:///D:/program/cloud-based-banking%20(2)/frontend/node_modules/vite/dist/node/chunks/node.js:4017:19)
      at TransformPluginContext.transform (file:///D:/program/cloud-based-banking%20(2)/frontend/node_modules/vite/dist/node/chunks/node.js:4088:26)
      at EnvironmentPluginContainer.transform (file:///D:/program/cloud-based-banking%20(2)/frontend/node_modules/vite/dist/node/chunks/node.js:30151:51)
      at async loadAndTransform (file:///D:/program/cloud-based-banking%20(2)/frontend/node_modules/vite/dist/node/chunks/node.js:20098:26)
      at async viteTransformMiddleware (file:///D:/program/cloud-based-banking%20(2)/frontend/node_modules/vite/dist/node/chunks/node.js:24559:20)
[2m10:04:58 AM[22m [31m[1m[vite][22m[39m [31m[2m(client)[22m[39m Pre-transform error: Transform failed with 1 error:

[31m[PARSE_ERROR] [0mExpected `,` or `)` but found `:`
    [38;5;246m╭[0m[38;5;246m─[0m[38;5;246m[[0m src/pages/settings/UserSettings.jsx:53:30 [38;5;246m][0m
    [38;5;246m│[0m
 [38;5;246m53 │[0m [38;5;249m [0m[38;5;249m [0m[38;5;249mc[0m[38;5;249mo[0m[38;5;249mn[0m[38;5;249ms[0m[38;5;249mt[0m[38;5;249m [0m[38;5;249mt[0m[38;5;249ma[0m[38;5;249mb[0m[38;5;249mB[0m[38;5;249mu[0m[38;5;249mt[0m[38;5;249mt[0m[38;5;249mo[0m[38;5;249mn[0m[38;5;249m [0m[38;5;249m=[0m[38;5;249m [0m([38;5;249mi[0m[38;5;249md[0m[38;5;249m,[0m[38;5;249m [0m[38;5;249mi[0m[38;5;249mc[0m[38;5;249mo[0m[38;5;249mn[0m:[38;5;249m [0m[38;5;249mI[0m[38;5;249mc[0m[38;5;249mo[0m[38;5;249mn[0m[38;5;249m,[0m[38;5;249m [0m[38;5;249ml[0m[38;5;249ma[0m[38;5;249mb[0m[38;5;249me[0m[38;5;249ml[0m[38;5;249m)[0m[38;5;249m [0m[38;5;249m=[0m[38;5;249m>[0m[38;5;249m [0m[38;5;249m([0m
 [38;5;240m   │[0m                     ┬        ┬  
 [38;5;240m   │[0m                     ╰─────────── Opened here
 [38;5;240m   │[0m                              │  
 [38;5;240m   │[0m                              ╰── `,` or `)` expected
[38;5;246m────╯[0m

  Plugin: [35mvite:oxc[39m
  File: [36mD:/program/cloud-based-banking (2)/frontend/src/pages/settings/UserSettings.jsx[39m
[2m10:04:58 AM[22m [31m[1m[vite][22m[39m [31mInternal server error: Transform failed with 1 error:

[31m[PARSE_ERROR] [0mExpected `,` or `)` but found `:`
    [38;5;246m╭[0m[38;5;246m─[0m[38;5;246m[[0m src/pages/settings/UserSettings.jsx:53:30 [38;5;246m][0m
    [38;5;246m│[0m
 [38;5;246m53 │[0m [38;5;249m [0m[38;5;249m [0m[38;5;249mc[0m[38;5;249mo[0m[38;5;249mn[0m[38;5;249ms[0m[38;5;249mt[0m[38;5;249m [0m[38;5;249mt[0m[38;5;249ma[0m[38;5;249mb[0m[38;5;249mB[0m[38;5;249mu[0m[38;5;249mt[0m[38;5;249mt[0m[38;5;249mo[0m[38;5;249mn[0m[38;5;249m [0m[38;5;249m=[0m[38;5;249m [0m([38;5;249mi[0m[38;5;249md[0m[38;5;249m,[0m[38;5;249m [0m[38;5;249mi[0m[38;5;249mc[0m[38;5;249mo[0m[38;5;249mn[0m:[38;5;249m [0m[38;5;249mI[0m[38;5;249mc[0m[38;5;249mo[0m[38;5;249mn[0m[38;5;249m,[0m[38;5;249m [0m[38;5;249ml[0m[38;5;249ma[0m[38;5;249mb[0m[38;5;249me[0m[38;5;249ml[0m[38;5;249m)[0m[38;5;249m [0m[38;5;249m=[0m[38;5;249m>[0m[38;5;249m [0m[38;5;249m([0m
 [38;5;240m   │[0m                     ┬        ┬  
 [38;5;240m   │[0m                     ╰─────────── Opened here
 [38;5;240m   │[0m                              │  
 [38;5;240m   │[0m                              ╰── `,` or `)` expected
[38;5;246m────╯[0m
[39m
  Plugin: [35mvite:oxc[39m
  File: [36mD:/program/cloud-based-banking (2)/frontend/src/pages/settings/UserSettings.jsx[39m
      at transformWithOxc (file:///D:/program/cloud-based-banking%20(2)/frontend/node_modules/vite/dist/node/chunks/node.js:4017:19)
      at TransformPluginContext.transform (file:///D:/program/cloud-based-banking%20(2)/frontend/node_modules/vite/dist/node/chunks/node.js:4088:26)
      at EnvironmentPluginContainer.transform (file:///D:/program/cloud-based-banking%20(2)/frontend/node_modules/vite/dist/node/chunks/node.js:30151:51)
      at async loadAndTransform (file:///D:/program/cloud-based-banking%20(2)/frontend/node_modules/vite/dist/node/chunks/node.js:20098:26)
      at async viteTransformMiddleware (file:///D:/program/cloud-based-banking%20(2)/frontend/node_modules/vite/dist/node/chunks/node.js:24559:20)
[2m10:04:58 AM[22m [31m[1m[vite][22m[39m [31mInternal server error: Transform failed with 2 errors:

[31m[PARSE_ERROR] [0mMissing catch or finally clause
    [38;5;246m╭[0m[38;5;246m─[0m[38;5;246m[[0m src/utils/pdfExport.js:32:6 [38;5;246m][0m
    [38;5;246m│[0m
 [38;5;246m32 │[0m [38;5;249m [0m[38;5;249m [0m[38;5;249m [0m[38;5;249m [0m[38;5;249m}[0m
 [38;5;240m   │[0m      │ 
 [38;5;240m   │[0m      ╰─ 
 [38;5;240m   │[0m 
 [38;5;240m   │[0m [38;5;115mHelp[0m: Either unwrap this try block or add catch / finally clause
[38;5;246m────╯[0m

[31m[PARSE_ERROR] [0mUnexpected token
    [38;5;246m╭[0m[38;5;246m─[0m[38;5;246m[[0m src/utils/pdfExport.js:33:5 [38;5;246m][0m
    [38;5;246m│[0m
 [38;5;246m33 │[0m [38;5;249m [0m[38;5;249m [0m[38;5;249m}[0m[38;5;249m [0mcatch[38;5;249m [0m[38;5;249m{[0m
 [38;5;240m   │[0m     ──┬──  
 [38;5;240m   │[0m       ╰──── 
[38;5;246m────╯[0m
[39m
  Plugin: [35mvite:oxc[39m
  File: [36mD:/program/cloud-based-banking (2)/frontend/src/utils/pdfExport.js[39m
      at transformWithOxc (file:///D:/program/cloud-based-banking%20(2)/frontend/node_modules/vite/dist/node/chunks/node.js:4017:19)
      at TransformPluginContext.transform (file:///D:/program/cloud-based-banking%20(2)/frontend/node_modules/vite/dist/node/chunks/node.js:4088:26)
      at EnvironmentPluginContainer.transform (file:///D:/program/cloud-based-banking%20(2)/frontend/node_modules/vite/dist/node/chunks/node.js:30151:51)
      at async loadAndTransform (file:///D:/program/cloud-based-banking%20(2)/frontend/node_modules/vite/dist/node/chunks/node.js:20098:26)
      at async viteTransformMiddleware (file:///D:/program/cloud-based-banking%20(2)/frontend/node_modules/vite/dist/node/chunks/node.js:24559:20)
[2m10:04:58 AM[22m [31m[1m[vite][22m[39m [31mInternal server error: Transform failed with 1 error:

[31m[PARSE_ERROR] [0mExpected `,` or `)` but found `:`
    [38;5;246m╭[0m[38;5;246m─[0m[38;5;246m[[0m src/pages/settings/UserSettings.jsx:53:30 [38;5;246m][0m
    [38;5;246m│[0m
 [38;5;246m53 │[0m [38;5;249m [0m[38;5;249m [0m[38;5;249mc[0m[38;5;249mo[0m[38;5;249mn[0m[38;5;249ms[0m[38;5;249mt[0m[38;5;249m [0m[38;5;249mt[0m[38;5;249ma[0m[38;5;249mb[0m[38;5;249mB[0m[38;5;249mu[0m[38;5;249mt[0m[38;5;249mt[0m[38;5;249mo[0m[38;5;249mn[0m[38;5;249m [0m[38;5;249m=[0m[38;5;249m [0m([38;5;249mi[0m[38;5;249md[0m[38;5;249m,[0m[38;5;249m [0m[38;5;249mi[0m[38;5;249mc[0m[38;5;249mo[0m[38;5;249mn[0m:[38;5;249m [0m[38;5;249mI[0m[38;5;249mc[0m[38;5;249mo[0m[38;5;249mn[0m[38;5;249m,[0m[38;5;249m [0m[38;5;249ml[0m[38;5;249ma[0m[38;5;249mb[0m[38;5;249me[0m[38;5;249ml[0m[38;5;249m)[0m[38;5;249m [0m[38;5;249m=[0m[38;5;249m>[0m[38;5;249m [0m[38;5;249m([0m
 [38;5;240m   │[0m                     ┬        ┬  
 [38;5;240m   │[0m                     ╰─────────── Opened here
 [38;5;240m   │[0m                              │  
 [38;5;240m   │[0m                              ╰── `,` or `)` expected
[38;5;246m────╯[0m
[39m
  Plugin: [35mvite:oxc[39m
  File: [36mD:/program/cloud-based-banking (2)/frontend/src/pages/settings/UserSettings.jsx[39m
      at transformWithOxc (file:///D:/program/cloud-based-banking%20(2)/frontend/node_modules/vite/dist/node/chunks/node.js:4017:19)
      at TransformPluginContext.transform (file:///D:/program/cloud-based-banking%20(2)/frontend/node_modules/vite/dist/node/chunks/node.js:4088:26)
      at EnvironmentPluginContainer.transform (file:///D:/program/cloud-based-banking%20(2)/frontend/node_modules/vite/dist/node/chunks/node.js:30151:51)
      at async loadAndTransform (file:///D:/program/cloud-based-banking%20(2)/frontend/node_modules/vite/dist/node/chunks/node.js:20098:26)
      at async viteTransformMiddleware (file:///D:/program/cloud-based-banking%20(2)/frontend/node_modules/vite/dist/node/chunks/node.js:24559:20)
[2m10:04:58 AM[22m [31m[1m[vite][22m[39m [31mInternal server error: Transform failed with 2 errors:

[31m[PARSE_ERROR] [0mMissing catch or finally clause
    [38;5;246m╭[0m[38;5;246m─[0m[38;5;246m[[0m src/utils/pdfExport.js:32:6 [38;5;246m][0m
    [38;5;246m│[0m
 [38;5;246m32 │[0m [38;5;249m [0m[38;5;249m [0m[38;5;249m [0m[38;5;249m [0m[38;5;249m}[0m
 [38;5;240m   │[0m      │ 
 [38;5;240m   │[0m      ╰─ 
 [38;5;240m   │[0m 
 [38;5;240m   │[0m [38;5;115mHelp[0m: Either unwrap this try block or add catch / finally clause
[38;5;246m────╯[0m

[31m[PARSE_ERROR] [0mUnexpected token
    [38;5;246m╭[0m[38;5;246m─[0m[38;5;246m[[0m src/utils/pdfExport.js:33:5 [38;5;246m][0m
    [38;5;246m│[0m
 [38;5;246m33 │[0m [38;5;249m [0m[38;5;249m [0m[38;5;249m}[0m[38;5;249m [0mcatch[38;5;249m [0m[38;5;249m{[0m
 [38;5;240m   │[0m     ──┬──  
 [38;5;240m   │[0m       ╰──── 
[38;5;246m────╯[0m
[39m
  Plugin: [35mvite:oxc[39m
  File: [36mD:/program/cloud-based-banking (2)/frontend/src/utils/pdfExport.js[39m
      at transformWithOxc (file:///D:/program/cloud-based-banking%20(2)/frontend/node_modules/vite/dist/node/chunks/node.js:4017:19)
      at TransformPluginContext.transform (file:///D:/program/cloud-based-banking%20(2)/frontend/node_modules/vite/dist/node/chunks/node.js:4088:26)
      at EnvironmentPluginContainer.transform (file:///D:/program/cloud-based-banking%20(2)/frontend/node_modules/vite/dist/node/chunks/node.js:30151:51)
      at async loadAndTransform (file:///D:/program/cloud-based-banking%20(2)/frontend/node_modules/vite/dist/node/chunks/node.js:20098:26)
      at async viteTransformMiddleware (file:///D:/program/cloud-based-banking%20(2)/frontend/node_modules/vite/dist/node/chunks/node.js:24559:20)
[2m10:05:02 AM[22m [31m[1m[vite][22m[39m [31m[2m(client)[22m[39m Pre-transform error: Transform failed with 1 error:

[31m[PARSE_ERROR] [0mExpected `,` or `)` but found `:`
    [38;5;246m╭[0m[38;5;246m─[0m[38;5;246m[[0m src/pages/settings/UserSettings.jsx:53:30 [38;5;246m][0m
    [38;5;246m│[0m
 [38;5;246m53 │[0m [38;5;249m [0m[38;5;249m [0m[38;5;249mc[0m[38;5;249mo[0m[38;5;249mn[0m[38;5;249ms[0m[38;5;249mt[0m[38;5;249m [0m[38;5;249mt[0m[38;5;249ma[0m[38;5;249mb[0m[38;5;249mB[0m[38;5;249mu[0m[38;5;249mt[0m[38;5;249mt[0m[38;5;249mo[0m[38;5;249mn[0m[38;5;249m [0m[38;5;249m=[0m[38;5;249m [0m([38;5;249mi[0m[38;5;249md[0m[38;5;249m,[0m[38;5;249m [0m[38;5;249mi[0m[38;5;249mc[0m[38;5;249mo[0m[38;5;249mn[0m:[38;5;249m [0m[38;5;249mI[0m[38;5;249mc[0m[38;5;249mo[0m[38;5;249mn[0m[38;5;249m,[0m[38;5;249m [0m[38;5;249ml[0m[38;5;249ma[0m[38;5;249mb[0m[38;5;249me[0m[38;5;249ml[0m[38;5;249m)[0m[38;5;249m [0m[38;5;249m=[0m[38;5;249m>[0m[38;5;249m [0m[38;5;249m([0m
 [38;5;240m   │[0m                     ┬        ┬  
 [38;5;240m   │[0m                     ╰─────────── Opened here
 [38;5;240m   │[0m                              │  
 [38;5;240m   │[0m                              ╰── `,` or `)` expected
[38;5;246m────╯[0m

  Plugin: [35mvite:oxc[39m
  File: [36mD:/program/cloud-based-banking (2)/frontend/src/pages/settings/UserSettings.jsx[39m
[2m10:05:02 AM[22m [31m[1m[vite][22m[39m [31mInternal server error: Transform failed with 1 error:

[31m[PARSE_ERROR] [0mExpected `,` or `)` but found `:`
    [38;5;246m╭[0m[38;5;246m─[0m[38;5;246m[[0m src/pages/settings/UserSettings.jsx:53:30 [38;5;246m][0m
    [38;5;246m│[0m
 [38;5;246m53 │[0m [38;5;249m [0m[38;5;249m [0m[38;5;249mc[0m[38;5;249mo[0m[38;5;249mn[0m[38;5;249ms[0m[38;5;249mt[0m[38;5;249m [0m[38;5;249mt[0m[38;5;249ma[0m[38;5;249mb[0m[38;5;249mB[0m[38;5;249mu[0m[38;5;249mt[0m[38;5;249mt[0m[38;5;249mo[0m[38;5;249mn[0m[38;5;249m [0m[38;5;249m=[0m[38;5;249m [0m([38;5;249mi[0m[38;5;249md[0m[38;5;249m,[0m[38;5;249m [0m[38;5;249mi[0m[38;5;249mc[0m[38;5;249mo[0m[38;5;249mn[0m:[38;5;249m [0m[38;5;249mI[0m[38;5;249mc[0m[38;5;249mo[0m[38;5;249mn[0m[38;5;249m,[0m[38;5;249m [0m[38;5;249ml[0m[38;5;249ma[0m[38;5;249mb[0m[38;5;249me[0m[38;5;249ml[0m[38;5;249m)[0m[38;5;249m [0m[38;5;249m=[0m[38;5;249m>[0m[38;5;249m [0m[38;5;249m([0m
 [38;5;240m   │[0m                     ┬        ┬  
 [38;5;240m   │[0m                     ╰─────────── Opened here
 [38;5;240m   │[0m                              │  
 [38;5;240m   │[0m                              ╰── `,` or `)` expected
[38;5;246m────╯[0m
[39m
  Plugin: [35mvite:oxc[39m
  File: [36mD:/program/cloud-based-banking (2)/frontend/src/pages/settings/UserSettings.jsx[39m
      at transformWithOxc (file:///D:/program/cloud-based-banking%20(2)/frontend/node_modules/vite/dist/node/chunks/node.js:4017:19)
      at TransformPluginContext.transform (file:///D:/program/cloud-based-banking%20(2)/frontend/node_modules/vite/dist/node/chunks/node.js:4088:26)
      at EnvironmentPluginContainer.transform (file:///D:/program/cloud-based-banking%20(2)/frontend/node_modules/vite/dist/node/chunks/node.js:30151:51)
      at async loadAndTransform (file:///D:/program/cloud-based-banking%20(2)/frontend/node_modules/vite/dist/node/chunks/node.js:20098:26)
      at async viteTransformMiddleware (file:///D:/program/cloud-based-banking%20(2)/frontend/node_modules/vite/dist/node/chunks/node.js:24559:20)
[2m10:05:02 AM[22m [31m[1m[vite][22m[39m [31mInternal server error: Transform failed with 1 error:

[31m[PARSE_ERROR] [0mExpected `,` or `)` but found `:`
    [38;5;246m╭[0m[38;5;246m─[0m[38;5;246m[[0m src/pages/settings/UserSettings.jsx:53:30 [38;5;246m][0m
    [38;5;246m│[0m
 [38;5;246m53 │[0m [38;5;249m [0m[38;5;249m [0m[38;5;249mc[0m[38;5;249mo[0m[38;5;249mn[0m[38;5;249ms[0m[38;5;249mt[0m[38;5;249m [0m[38;5;249mt[0m[38;5;249ma[0m[38;5;249mb[0m[38;5;249mB[0m[38;5;249mu[0m[38;5;249mt[0m[38;5;249mt[0m[38;5;249mo[0m[38;5;249mn[0m[38;5;249m [0m[38;5;249m=[0m[38;5;249m [0m([38;5;249mi[0m[38;5;249md[0m[38;5;249m,[0m[38;5;249m [0m[38;5;249mi[0m[38;5;249mc[0m[38;5;249mo[0m[38;5;249mn[0m:[38;5;249m [0m[38;5;249mI[0m[38;5;249mc[0m[38;5;249mo[0m[38;5;249mn[0m[38;5;249m,[0m[38;5;249m [0m[38;5;249ml[0m[38;5;249ma[0m[38;5;249mb[0m[38;5;249me[0m[38;5;249ml[0m[38;5;249m)[0m[38;5;249m [0m[38;5;249m=[0m[38;5;249m>[0m[38;5;249m [0m[38;5;249m([0m
 [38;5;240m   │[0m                     ┬        ┬  
 [38;5;240m   │[0m                     ╰─────────── Opened here
 [38;5;240m   │[0m                              │  
 [38;5;240m   │[0m                              ╰── `,` or `)` expected
[38;5;246m────╯[0m
[39m
  Plugin: [35mvite:oxc[39m
  File: [36mD:/program/cloud-based-banking (2)/frontend/src/pages/settings/UserSettings.jsx[39m
      at transformWithOxc (file:///D:/program/cloud-based-banking%20(2)/frontend/node_modules/vite/dist/node/chunks/node.js:4017:19)
      at TransformPluginContext.transform (file:///D:/program/cloud-based-banking%20(2)/frontend/node_modules/vite/dist/node/chunks/node.js:4088:26)
      at EnvironmentPluginContainer.transform (file:///D:/program/cloud-based-banking%20(2)/frontend/node_modules/vite/dist/node/chunks/node.js:30151:51)
      at async loadAndTransform (file:///D:/program/cloud-based-banking%20(2)/frontend/node_modules/vite/dist/node/chunks/node.js:20098:26)
      at async viteTransformMiddleware (file:///D:/program/cloud-based-banking%20(2)/frontend/node_modules/vite/dist/node/chunks/node.js:24559:20)
[2m10:05:02 AM[22m [31m[1m[vite][22m[39m [31mInternal server error: Transform failed with 2 errors:

[31m[PARSE_ERROR] [0mMissing catch or finally clause
    [38;5;246m╭[0m[38;5;246m─[0m[38;5;246m[[0m src/utils/pdfExport.js:32:6 [38;5;246m][0m
    [38;5;246m│[0m
 [38;5;246m32 │[0m [38;5;249m [0m[38;5;249m [0m[38;5;249m [0m[38;5;249m [0m[38;5;249m}[0m
 [38;5;240m   │[0m      │ 
 [38;5;240m   │[0m      ╰─ 
 [38;5;240m   │[0m 
 [38;5;240m   │[0m [38;5;115mHelp[0m: Either unwrap this try block or add catch / finally clause
[38;5;246m────╯[0m

[31m[PARSE_ERROR] [0mUnexpected token
    [38;5;246m╭[0m[38;5;246m─[0m[38;5;246m[[0m src/utils/pdfExport.js:33:5 [38;5;246m][0m
    [38;5;246m│[0m
 [38;5;246m33 │[0m [38;5;249m [0m[38;5;249m [0m[38;5;249m}[0m[38;5;249m [0mcatch[38;5;249m [0m[38;5;249m{[0m
 [38;5;240m   │[0m     ──┬──  
 [38;5;240m   │[0m       ╰──── 
[38;5;246m────╯[0m
[39m
  Plugin: [35mvite:oxc[39m
  File: [36mD:/program/cloud-based-banking (2)/frontend/src/utils/pdfExport.js[39m
      at transformWithOxc (file:///D:/program/cloud-based-banking%20(2)/frontend/node_modules/vite/dist/node/chunks/node.js:4017:19)
      at TransformPluginContext.transform (file:///D:/program/cloud-based-banking%20(2)/frontend/node_modules/vite/dist/node/chunks/node.js:4088:26)
      at EnvironmentPluginContainer.transform (file:///D:/program/cloud-based-banking%20(2)/frontend/node_modules/vite/dist/node/chunks/node.js:30151:51)
      at async loadAndTransform (file:///D:/program/cloud-based-banking%20(2)/frontend/node_modules/vite/dist/node/chunks/node.js:20098:26)
      at async viteTransformMiddleware (file:///D:/program/cloud-based-banking%20(2)/frontend/node_modules/vite/dist/node/chunks/node.js:24559:20)
[2m10:05:03 AM[22m [31m[1m[vite][22m[39m [31m[2m(client)[22m[39m Pre-transform error: Transform failed with 1 error:

[31m[PARSE_ERROR] [0mExpected `,` or `)` but found `:`
    [38;5;246m╭[0m[38;5;246m─[0m[38;5;246m[[0m src/pages/settings/UserSettings.jsx:53:30 [38;5;246m][0m
    [38;5;246m│[0m
 [38;5;246m53 │[0m [38;5;249m [0m[38;5;249m [0m[38;5;249mc[0m[38;5;249mo[0m[38;5;249mn[0m[38;5;249ms[0m[38;5;249mt[0m[38;5;249m [0m[38;5;249mt[0m[38;5;249ma[0m[38;5;249mb[0m[38;5;249mB[0m[38;5;249mu[0m[38;5;249mt[0m[38;5;249mt[0m[38;5;249mo[0m[38;5;249mn[0m[38;5;249m [0m[38;5;249m=[0m[38;5;249m [0m([38;5;249mi[0m[38;5;249md[0m[38;5;249m,[0m[38;5;249m [0m[38;5;249mi[0m[38;5;249mc[0m[38;5;249mo[0m[38;5;249mn[0m:[38;5;249m [0m[38;5;249mI[0m[38;5;249mc[0m[38;5;249mo[0m[38;5;249mn[0m[38;5;249m,[0m[38;5;249m [0m[38;5;249ml[0m[38;5;249ma[0m[38;5;249mb[0m[38;5;249me[0m[38;5;249ml[0m[38;5;249m)[0m[38;5;249m [0m[38;5;249m=[0m[38;5;249m>[0m[38;5;249m [0m[38;5;249m([0m
 [38;5;240m   │[0m                     ┬        ┬  
 [38;5;240m   │[0m                     ╰─────────── Opened here
 [38;5;240m   │[0m                              │  
 [38;5;240m   │[0m                              ╰── `,` or `)` expected
[38;5;246m────╯[0m

  Plugin: [35mvite:oxc[39m
  File: [36mD:/program/cloud-based-banking (2)/frontend/src/pages/settings/UserSettings.jsx[39m
[2m10:05:03 AM[22m [31m[1m[vite][22m[39m [31mInternal server error: Transform failed with 1 error:

[31m[PARSE_ERROR] [0mExpected `,` or `)` but found `:`
    [38;5;246m╭[0m[38;5;246m─[0m[38;5;246m[[0m src/pages/settings/UserSettings.jsx:53:30 [38;5;246m][0m
    [38;5;246m│[0m
 [38;5;246m53 │[0m [38;5;249m [0m[38;5;249m [0m[38;5;249mc[0m[38;5;249mo[0m[38;5;249mn[0m[38;5;249ms[0m[38;5;249mt[0m[38;5;249m [0m[38;5;249mt[0m[38;5;249ma[0m[38;5;249mb[0m[38;5;249mB[0m[38;5;249mu[0m[38;5;249mt[0m[38;5;249mt[0m[38;5;249mo[0m[38;5;249mn[0m[38;5;249m [0m[38;5;249m=[0m[38;5;249m [0m([38;5;249mi[0m[38;5;249md[0m[38;5;249m,[0m[38;5;249m [0m[38;5;249mi[0m[38;5;249mc[0m[38;5;249mo[0m[38;5;249mn[0m:[38;5;249m [0m[38;5;249mI[0m[38;5;249mc[0m[38;5;249mo[0m[38;5;249mn[0m[38;5;249m,[0m[38;5;249m [0m[38;5;249ml[0m[38;5;249ma[0m[38;5;249mb[0m[38;5;249me[0m[38;5;249ml[0m[38;5;249m)[0m[38;5;249m [0m[38;5;249m=[0m[38;5;249m>[0m[38;5;249m [0m[38;5;249m([0m
 [38;5;240m   │[0m                     ┬        ┬  
 [38;5;240m   │[0m                     ╰─────────── Opened here
 [38;5;240m   │[0m                              │  
 [38;5;240m   │[0m                              ╰── `,` or `)` expected
[38;5;246m────╯[0m
[39m
  Plugin: [35mvite:oxc[39m
  File: [36mD:/program/cloud-based-banking (2)/frontend/src/pages/settings/UserSettings.jsx[39m
      at transformWithOxc (file:///D:/program/cloud-based-banking%20(2)/frontend/node_modules/vite/dist/node/chunks/node.js:4017:19)
      at TransformPluginContext.transform (file:///D:/program/cloud-based-banking%20(2)/frontend/node_modules/vite/dist/node/chunks/node.js:4088:26)
      at EnvironmentPluginContainer.transform (file:///D:/program/cloud-based-banking%20(2)/frontend/node_modules/vite/dist/node/chunks/node.js:30151:51)
      at async loadAndTransform (file:///D:/program/cloud-based-banking%20(2)/frontend/node_modules/vite/dist/node/chunks/node.js:20098:26)
      at async viteTransformMiddleware (file:///D:/program/cloud-based-banking%20(2)/frontend/node_modules/vite/dist/node/chunks/node.js:24559:20)
[2m10:05:03 AM[22m [31m[1m[vite][22m[39m [31mInternal server error: Transform failed with 1 error:

[31m[PARSE_ERROR] [0mExpected `,` or `)` but found `:`
    [38;5;246m╭[0m[38;5;246m─[0m[38;5;246m[[0m src/pages/settings/UserSettings.jsx:53:30 [38;5;246m][0m
    [38;5;246m│[0m
 [38;5;246m53 │[0m [38;5;249m [0m[38;5;249m [0m[38;5;249mc[0m[38;5;249mo[0m[38;5;249mn[0m[38;5;249ms[0m[38;5;249mt[0m[38;5;249m [0m[38;5;249mt[0m[38;5;249ma[0m[38;5;249mb[0m[38;5;249mB[0m[38;5;249mu[0m[38;5;249mt[0m[38;5;249mt[0m[38;5;249mo[0m[38;5;249mn[0m[38;5;249m [0m[38;5;249m=[0m[38;5;249m [0m([38;5;249mi[0m[38;5;249md[0m[38;5;249m,[0m[38;5;249m [0m[38;5;249mi[0m[38;5;249mc[0m[38;5;249mo[0m[38;5;249mn[0m:[38;5;249m [0m[38;5;249mI[0m[38;5;249mc[0m[38;5;249mo[0m[38;5;249mn[0m[38;5;249m,[0m[38;5;249m [0m[38;5;249ml[0m[38;5;249ma[0m[38;5;249mb[0m[38;5;249me[0m[38;5;249ml[0m[38;5;249m)[0m[38;5;249m [0m[38;5;249m=[0m[38;5;249m>[0m[38;5;249m [0m[38;5;249m([0m
 [38;5;240m   │[0m                     ┬        ┬  
 [38;5;240m   │[0m                     ╰─────────── Opened here
 [38;5;240m   │[0m                              │  
 [38;5;240m   │[0m                              ╰── `,` or `)` expected
[38;5;246m────╯[0m
[39m
  Plugin: [35mvite:oxc[39m
  File: [36mD:/program/cloud-based-banking (2)/frontend/src/pages/settings/UserSettings.jsx[39m
      at transformWithOxc (file:///D:/program/cloud-based-banking%20(2)/frontend/node_modules/vite/dist/node/chunks/node.js:4017:19)
      at TransformPluginContext.transform (file:///D:/program/cloud-based-banking%20(2)/frontend/node_modules/vite/dist/node/chunks/node.js:4088:26)
      at EnvironmentPluginContainer.transform (file:///D:/program/cloud-based-banking%20(2)/frontend/node_modules/vite/dist/node/chunks/node.js:30151:51)
      at async loadAndTransform (file:///D:/program/cloud-based-banking%20(2)/frontend/node_modules/vite/dist/node/chunks/node.js:20098:26)
      at async viteTransformMiddleware (file:///D:/program/cloud-based-banking%20(2)/frontend/node_modules/vite/dist/node/chunks/node.js:24559:20)
[2m10:05:03 AM[22m [31m[1m[vite][22m[39m [31mInternal server error: Transform failed with 2 errors:

[31m[PARSE_ERROR] [0mMissing catch or finally clause
    [38;5;246m╭[0m[38;5;246m─[0m[38;5;246m[[0m src/utils/pdfExport.js:32:6 [38;5;246m][0m
    [38;5;246m│[0m
 [38;5;246m32 │[0m [38;5;249m [0m[38;5;249m [0m[38;5;249m [0m[38;5;249m [0m[38;5;249m}[0m
 [38;5;240m   │[0m      │ 
 [38;5;240m   │[0m      ╰─ 
 [38;5;240m   │[0m 
 [38;5;240m   │[0m [38;5;115mHelp[0m: Either unwrap this try block or add catch / finally clause
[38;5;246m────╯[0m

[31m[PARSE_ERROR] [0mUnexpected token
    [38;5;246m╭[0m[38;5;246m─[0m[38;5;246m[[0m src/utils/pdfExport.js:33:5 [38;5;246m][0m
    [38;5;246m│[0m
 [38;5;246m33 │[0m [38;5;249m [0m[38;5;249m [0m[38;5;249m}[0m[38;5;249m [0mcatch[38;5;249m [0m[38;5;249m{[0m
 [38;5;240m   │[0m     ──┬──  
 [38;5;240m   │[0m       ╰──── 
[38;5;246m────╯[0m
[39m
  Plugin: [35mvite:oxc[39m
  File: [36mD:/program/cloud-based-banking (2)/frontend/src/utils/pdfExport.js[39m
      at transformWithOxc (file:///D:/program/cloud-based-banking%20(2)/frontend/node_modules/vite/dist/node/chunks/node.js:4017:19)
      at TransformPluginContext.transform (file:///D:/program/cloud-based-banking%20(2)/frontend/node_modules/vite/dist/node/chunks/node.js:4088:26)
      at EnvironmentPluginContainer.transform (file:///D:/program/cloud-based-banking%20(2)/frontend/node_modules/vite/dist/node/chunks/node.js:30151:51)
      at async loadAndTransform (file:///D:/program/cloud-based-banking%20(2)/frontend/node_modules/vite/dist/node/chunks/node.js:20098:26)
      at async viteTransformMiddleware (file:///D:/program/cloud-based-banking%20(2)/frontend/node_modules/vite/dist/node/chunks/node.js:24559:20)
[2m10:05:07 AM[22m [31m[1m[vite][22m[39m [31m[2m(client)[22m[39m Pre-transform error: Transform failed with 1 error:

[31m[PARSE_ERROR] [0mExpected `,` or `)` but found `:`
    [38;5;246m╭[0m[38;5;246m─[0m[38;5;246m[[0m src/pages/settings/UserSettings.jsx:53:30 [38;5;246m][0m
    [38;5;246m│[0m
 [38;5;246m53 │[0m [38;5;249m [0m[38;5;249m [0m[38;5;249mc[0m[38;5;249mo[0m[38;5;249mn[0m[38;5;249ms[0m[38;5;249mt[0m[38;5;249m [0m[38;5;249mt[0m[38;5;249ma[0m[38;5;249mb[0m[38;5;249mB[0m[38;5;249mu[0m[38;5;249mt[0m[38;5;249mt[0m[38;5;249mo[0m[38;5;249mn[0m[38;5;249m [0m[38;5;249m=[0m[38;5;249m [0m([38;5;249mi[0m[38;5;249md[0m[38;5;249m,[0m[38;5;249m [0m[38;5;249mi[0m[38;5;249mc[0m[38;5;249mo[0m[38;5;249mn[0m:[38;5;249m [0m[38;5;249mI[0m[38;5;249mc[0m[38;5;249mo[0m[38;5;249mn[0m[38;5;249m,[0m[38;5;249m [0m[38;5;249ml[0m[38;5;249ma[0m[38;5;249mb[0m[38;5;249me[0m[38;5;249ml[0m[38;5;249m)[0m[38;5;249m [0m[38;5;249m=[0m[38;5;249m>[0m[38;5;249m [0m[38;5;249m([0m
 [38;5;240m   │[0m                     ┬        ┬  
 [38;5;240m   │[0m                     ╰─────────── Opened here
 [38;5;240m   │[0m                              │  
 [38;5;240m   │[0m                              ╰── `,` or `)` expected
[38;5;246m────╯[0m

  Plugin: [35mvite:oxc[39m
  File: [36mD:/program/cloud-based-banking (2)/frontend/src/pages/settings/UserSettings.jsx[39m
[2m10:05:07 AM[22m [31m[1m[vite][22m[39m [31mInternal server error: Transform failed with 1 error:

[31m[PARSE_ERROR] [0mExpected `,` or `)` but found `:`
    [38;5;246m╭[0m[38;5;246m─[0m[38;5;246m[[0m src/pages/settings/UserSettings.jsx:53:30 [38;5;246m][0m
    [38;5;246m│[0m
 [38;5;246m53 │[0m [38;5;249m [0m[38;5;249m [0m[38;5;249mc[0m[38;5;249mo[0m[38;5;249mn[0m[38;5;249ms[0m[38;5;249mt[0m[38;5;249m [0m[38;5;249mt[0m[38;5;249ma[0m[38;5;249mb[0m[38;5;249mB[0m[38;5;249mu[0m[38;5;249mt[0m[38;5;249mt[0m[38;5;249mo[0m[38;5;249mn[0m[38;5;249m [0m[38;5;249m=[0m[38;5;249m [0m([38;5;249mi[0m[38;5;249md[0m[38;5;249m,[0m[38;5;249m [0m[38;5;249mi[0m[38;5;249mc[0m[38;5;249mo[0m[38;5;249mn[0m:[38;5;249m [0m[38;5;249mI[0m[38;5;249mc[0m[38;5;249mo[0m[38;5;249mn[0m[38;5;249m,[0m[38;5;249m [0m[38;5;249ml[0m[38;5;249ma[0m[38;5;249mb[0m[38;5;249me[0m[38;5;249ml[0m[38;5;249m)[0m[38;5;249m [0m[38;5;249m=[0m[38;5;249m>[0m[38;5;249m [0m[38;5;249m([0m
 [38;5;240m   │[0m                     ┬        ┬  
 [38;5;240m   │[0m                     ╰─────────── Opened here
 [38;5;240m   │[0m                              │  
 [38;5;240m   │[0m                              ╰── `,` or `)` expected
[38;5;246m────╯[0m
[39m
  Plugin: [35mvite:oxc[39m
  File: [36mD:/program/cloud-based-banking (2)/frontend/src/pages/settings/UserSettings.jsx[39m
      at transformWithOxc (file:///D:/program/cloud-based-banking%20(2)/frontend/node_modules/vite/dist/node/chunks/node.js:4017:19)
      at TransformPluginContext.transform (file:///D:/program/cloud-based-banking%20(2)/frontend/node_modules/vite/dist/node/chunks/node.js:4088:26)
      at EnvironmentPluginContainer.transform (file:///D:/program/cloud-based-banking%20(2)/frontend/node_modules/vite/dist/node/chunks/node.js:30151:51)
      at async loadAndTransform (file:///D:/program/cloud-based-banking%20(2)/frontend/node_modules/vite/dist/node/chunks/node.js:20098:26)
      at async viteTransformMiddleware (file:///D:/program/cloud-based-banking%20(2)/frontend/node_modules/vite/dist/node/chunks/node.js:24559:20)
[2m10:05:08 AM[22m [31m[1m[vite][22m[39m [31mInternal server error: Transform failed with 2 errors:

[31m[PARSE_ERROR] [0mMissing catch or finally clause
    [38;5;246m╭[0m[38;5;246m─[0m[38;5;246m[[0m src/utils/pdfExport.js:32:6 [38;5;246m][0m
    [38;5;246m│[0m
 [38;5;246m32 │[0m [38;5;249m [0m[38;5;249m [0m[38;5;249m [0m[38;5;249m [0m[38;5;249m}[0m
 [38;5;240m   │[0m      │ 
 [38;5;240m   │[0m      ╰─ 
 [38;5;240m   │[0m 
 [38;5;240m   │[0m [38;5;115mHelp[0m: Either unwrap this try block or add catch / finally clause
[38;5;246m────╯[0m

[31m[PARSE_ERROR] [0mUnexpected token
    [38;5;246m╭[0m[38;5;246m─[0m[38;5;246m[[0m src/utils/pdfExport.js:33:5 [38;5;246m][0m
    [38;5;246m│[0m
 [38;5;246m33 │[0m [38;5;249m [0m[38;5;249m [0m[38;5;249m}[0m[38;5;249m [0mcatch[38;5;249m [0m[38;5;249m{[0m
 [38;5;240m   │[0m     ──┬──  
 [38;5;240m   │[0m       ╰──── 
[38;5;246m────╯[0m
[39m
  Plugin: [35mvite:oxc[39m
  File: [36mD:/program/cloud-based-banking (2)/frontend/src/utils/pdfExport.js[39m
      at transformWithOxc (file:///D:/program/cloud-based-banking%20(2)/frontend/node_modules/vite/dist/node/chunks/node.js:4017:19)
      at TransformPluginContext.transform (file:///D:/program/cloud-based-banking%20(2)/frontend/node_modules/vite/dist/node/chunks/node.js:4088:26)
      at EnvironmentPluginContainer.transform (file:///D:/program/cloud-based-banking%20(2)/frontend/node_modules/vite/dist/node/chunks/node.js:30151:51)
      at async loadAndTransform (file:///D:/program/cloud-based-banking%20(2)/frontend/node_modules/vite/dist/node/chunks/node.js:20098:26)
      at async viteTransformMiddleware (file:///D:/program/cloud-based-banking%20(2)/frontend/node_modules/vite/dist/node/chunks/node.js:24559:20)
[2m10:05:08 AM[22m [31m[1m[vite][22m[39m [31mInternal server error: Transform failed with 1 error:

[31m[PARSE_ERROR] [0mExpected `,` or `)` but found `:`
    [38;5;246m╭[0m[38;5;246m─[0m[38;5;246m[[0m src/pages/settings/UserSettings.jsx:53:30 [38;5;246m][0m
    [38;5;246m│[0m
 [38;5;246m53 │[0m [38;5;249m [0m[38;5;249m [0m[38;5;249mc[0m[38;5;249mo[0m[38;5;249mn[0m[38;5;249ms[0m[38;5;249mt[0m[38;5;249m [0m[38;5;249mt[0m[38;5;249ma[0m[38;5;249mb[0m[38;5;249mB[0m[38;5;249mu[0m[38;5;249mt[0m[38;5;249mt[0m[38;5;249mo[0m[38;5;249mn[0m[38;5;249m [0m[38;5;249m=[0m[38;5;249m [0m([38;5;249mi[0m[38;5;249md[0m[38;5;249m,[0m[38;5;249m [0m[38;5;249mi[0m[38;5;249mc[0m[38;5;249mo[0m[38;5;249mn[0m:[38;5;249m [0m[38;5;249mI[0m[38;5;249mc[0m[38;5;249mo[0m[38;5;249mn[0m[38;5;249m,[0m[38;5;249m [0m[38;5;249ml[0m[38;5;249ma[0m[38;5;249mb[0m[38;5;249me[0m[38;5;249ml[0m[38;5;249m)[0m[38;5;249m [0m[38;5;249m=[0m[38;5;249m>[0m[38;5;249m [0m[38;5;249m([0m
 [38;5;240m   │[0m                     ┬        ┬  
 [38;5;240m   │[0m                     ╰─────────── Opened here
 [38;5;240m   │[0m                              │  
 [38;5;240m   │[0m                              ╰── `,` or `)` expected
[38;5;246m────╯[0m
[39m
  Plugin: [35mvite:oxc[39m
  File: [36mD:/program/cloud-based-banking (2)/frontend/src/pages/settings/UserSettings.jsx[39m
      at transformWithOxc (file:///D:/program/cloud-based-banking%20(2)/frontend/node_modules/vite/dist/node/chunks/node.js:4017:19)
      at TransformPluginContext.transform (file:///D:/program/cloud-based-banking%20(2)/frontend/node_modules/vite/dist/node/chunks/node.js:4088:26)
      at EnvironmentPluginContainer.transform (file:///D:/program/cloud-based-banking%20(2)/frontend/node_modules/vite/dist/node/chunks/node.js:30151:51)
      at async loadAndTransform (file:///D:/program/cloud-based-banking%20(2)/frontend/node_modules/vite/dist/node/chunks/node.js:20098:26)
      at async viteTransformMiddleware (file:///D:/program/cloud-based-banking%20(2)/frontend/node_modules/vite/dist/node/chunks/node.js:24559:20)
[2m10:05:08 AM[22m [31m[1m[vite][22m[39m [31mInternal server error: Transform failed with 2 errors:

[31m[PARSE_ERROR] [0mMissing catch or finally clause
    [38;5;246m╭[0m[38;5;246m─[0m[38;5;246m[[0m src/utils/pdfExport.js:32:6 [38;5;246m][0m
    [38;5;246m│[0m
 [38;5;246m32 │[0m [38;5;249m [0m[38;5;249m [0m[38;5;249m [0m[38;5;249m [0m[38;5;249m}[0m
 [38;5;240m   │[0m      │ 
 [38;5;240m   │[0m      ╰─ 
 [38;5;240m   │[0m 
 [38;5;240m   │[0m [38;5;115mHelp[0m: Either unwrap this try block or add catch / finally clause
[38;5;246m────╯[0m

[31m[PARSE_ERROR] [0mUnexpected token
    [38;5;246m╭[0m[38;5;246m─[0m[38;5;246m[[0m src/utils/pdfExport.js:33:5 [38;5;246m][0m
    [38;5;246m│[0m
 [38;5;246m33 │[0m [38;5;249m [0m[38;5;249m [0m[38;5;249m}[0m[38;5;249m [0mcatch[38;5;249m [0m[38;5;249m{[0m
 [38;5;240m   │[0m     ──┬──  
 [38;5;240m   │[0m       ╰──── 
[38;5;246m────╯[0m
[39m
  Plugin: [35mvite:oxc[39m
  File: [36mD:/program/cloud-based-banking (2)/frontend/src/utils/pdfExport.js[39m
      at transformWithOxc (file:///D:/program/cloud-based-banking%20(2)/frontend/node_modules/vite/dist/node/chunks/node.js:4017:19)
      at TransformPluginContext.transform (file:///D:/program/cloud-based-banking%20(2)/frontend/node_modules/vite/dist/node/chunks/node.js:4088:26)
      at EnvironmentPluginContainer.transform (file:///D:/program/cloud-based-banking%20(2)/frontend/node_modules/vite/dist/node/chunks/node.js:30151:51)
      at async loadAndTransform (file:///D:/program/cloud-based-banking%20(2)/frontend/node_modules/vite/dist/node/chunks/node.js:20098:26)
      at async viteTransformMiddleware (file:///D:/program/cloud-based-banking%20(2)/frontend/node_modules/vite/dist/node/chunks/node.js:24559:20)
[2m10:05:08 AM[22m [31m[1m[vite][22m[39m [31m[2m(client)[22m[39m Pre-transform error: Transform failed with 1 error:

[31m[PARSE_ERROR] [0mExpected `,` or `)` but found `:`
    [38;5;246m╭[0m[38;5;246m─[0m[38;5;246m[[0m src/pages/settings/UserSettings.jsx:53:30 [38;5;246m][0m
    [38;5;246m│[0m
 [38;5;246m53 │[0m [38;5;249m [0m[38;5;249m [0m[38;5;249mc[0m[38;5;249mo[0m[38;5;249mn[0m[38;5;249ms[0m[38;5;249mt[0m[38;5;249m [0m[38;5;249mt[0m[38;5;249ma[0m[38;5;249mb[0m[38;5;249mB[0m[38;5;249mu[0m[38;5;249mt[0m[38;5;249mt[0m[38;5;249mo[0m[38;5;249mn[0m[38;5;249m [0m[38;5;249m=[0m[38;5;249m [0m([38;5;249mi[0m[38;5;249md[0m[38;5;249m,[0m[38;5;249m [0m[38;5;249mi[0m[38;5;249mc[0m[38;5;249mo[0m[38;5;249mn[0m:[38;5;249m [0m[38;5;249mI[0m[38;5;249mc[0m[38;5;249mo[0m[38;5;249mn[0m[38;5;249m,[0m[38;5;249m [0m[38;5;249ml[0m[38;5;249ma[0m[38;5;249mb[0m[38;5;249me[0m[38;5;249ml[0m[38;5;249m)[0m[38;5;249m [0m[38;5;249m=[0m[38;5;249m>[0m[38;5;249m [0m[38;5;249m([0m
 [38;5;240m   │[0m                     ┬        ┬  
 [38;5;240m   │[0m                     ╰─────────── Opened here
 [38;5;240m   │[0m                              │  
 [38;5;240m   │[0m                              ╰── `,` or `)` expected
[38;5;246m────╯[0m

  Plugin: [35mvite:oxc[39m
  File: [36mD:/program/cloud-based-banking (2)/frontend/src/pages/settings/UserSettings.jsx[39m
[2m10:05:09 AM[22m [31m[1m[vite][22m[39m [31mInternal server error: Transform failed with 1 error:

[31m[PARSE_ERROR] [0mExpected `,` or `)` but found `:`
    [38;5;246m╭[0m[38;5;246m─[0m[38;5;246m[[0m src/pages/settings/UserSettings.jsx:53:30 [38;5;246m][0m
    [38;5;246m│[0m
 [38;5;246m53 │[0m [38;5;249m [0m[38;5;249m [0m[38;5;249mc[0m[38;5;249mo[0m[38;5;249mn[0m[38;5;249ms[0m[38;5;249mt[0m[38;5;249m [0m[38;5;249mt[0m[38;5;249ma[0m[38;5;249mb[0m[38;5;249mB[0m[38;5;249mu[0m[38;5;249mt[0m[38;5;249mt[0m[38;5;249mo[0m[38;5;249mn[0m[38;5;249m [0m[38;5;249m=[0m[38;5;249m [0m([38;5;249mi[0m[38;5;249md[0m[38;5;249m,[0m[38;5;249m [0m[38;5;249mi[0m[38;5;249mc[0m[38;5;249mo[0m[38;5;249mn[0m:[38;5;249m [0m[38;5;249mI[0m[38;5;249mc[0m[38;5;249mo[0m[38;5;249mn[0m[38;5;249m,[0m[38;5;249m [0m[38;5;249ml[0m[38;5;249ma[0m[38;5;249mb[0m[38;5;249me[0m[38;5;249ml[0m[38;5;249m)[0m[38;5;249m [0m[38;5;249m=[0m[38;5;249m>[0m[38;5;249m [0m[38;5;249m([0m
 [38;5;240m   │[0m                     ┬        ┬  
 [38;5;240m   │[0m                     ╰─────────── Opened here
 [38;5;240m   │[0m                              │  
 [38;5;240m   │[0m                              ╰── `,` or `)` expected
[38;5;246m────╯[0m
[39m
  Plugin: [35mvite:oxc[39m
  File: [36mD:/program/cloud-based-banking (2)/frontend/src/pages/settings/UserSettings.jsx[39m
      at transformWithOxc (file:///D:/program/cloud-based-banking%20(2)/frontend/node_modules/vite/dist/node/chunks/node.js:4017:19)
      at TransformPluginContext.transform (file:///D:/program/cloud-based-banking%20(2)/frontend/node_modules/vite/dist/node/chunks/node.js:4088:26)
      at EnvironmentPluginContainer.transform (file:///D:/program/cloud-based-banking%20(2)/frontend/node_modules/vite/dist/node/chunks/node.js:30151:51)
      at async loadAndTransform (file:///D:/program/cloud-based-banking%20(2)/frontend/node_modules/vite/dist/node/chunks/node.js:20098:26)
      at async viteTransformMiddleware (file:///D:/program/cloud-based-banking%20(2)/frontend/node_modules/vite/dist/node/chunks/node.js:24559:20)
[2m10:05:09 AM[22m [31m[1m[vite][22m[39m [31mInternal server error: Transform failed with 1 error:

[31m[PARSE_ERROR] [0mExpected `,` or `)` but found `:`
    [38;5;246m╭[0m[38;5;246m─[0m[38;5;246m[[0m src/pages/settings/UserSettings.jsx:53:30 [38;5;246m][0m
    [38;5;246m│[0m
 [38;5;246m53 │[0m [38;5;249m [0m[38;5;249m [0m[38;5;249mc[0m[38;5;249mo[0m[38;5;249mn[0m[38;5;249ms[0m[38;5;249mt[0m[38;5;249m [0m[38;5;249mt[0m[38;5;249ma[0m[38;5;249mb[0m[38;5;249mB[0m[38;5;249mu[0m[38;5;249mt[0m[38;5;249mt[0m[38;5;249mo[0m[38;5;249mn[0m[38;5;249m [0m[38;5;249m=[0m[38;5;249m [0m([38;5;249mi[0m[38;5;249md[0m[38;5;249m,[0m[38;5;249m [0m[38;5;249mi[0m[38;5;249mc[0m[38;5;249mo[0m[38;5;249mn[0m:[38;5;249m [0m[38;5;249mI[0m[38;5;249mc[0m[38;5;249mo[0m[38;5;249mn[0m[38;5;249m,[0m[38;5;249m [0m[38;5;249ml[0m[38;5;249ma[0m[38;5;249mb[0m[38;5;249me[0m[38;5;249ml[0m[38;5;249m)[0m[38;5;249m [0m[38;5;249m=[0m[38;5;249m>[0m[38;5;249m [0m[38;5;249m([0m
 [38;5;240m   │[0m                     ┬        ┬  
 [38;5;240m   │[0m                     ╰─────────── Opened here
 [38;5;240m   │[0m                              │  
 [38;5;240m   │[0m                              ╰── `,` or `)` expected
[38;5;246m────╯[0m
[39m
  Plugin: [35mvite:oxc[39m
  File: [36mD:/program/cloud-based-banking (2)/frontend/src/pages/settings/UserSettings.jsx[39m
      at transformWithOxc (file:///D:/program/cloud-based-banking%20(2)/frontend/node_modules/vite/dist/node/chunks/node.js:4017:19)
      at TransformPluginContext.transform (file:///D:/program/cloud-based-banking%20(2)/frontend/node_modules/vite/dist/node/chunks/node.js:4088:26)
      at EnvironmentPluginContainer.transform (file:///D:/program/cloud-based-banking%20(2)/frontend/node_modules/vite/dist/node/chunks/node.js:30151:51)
      at async loadAndTransform (file:///D:/program/cloud-based-banking%20(2)/frontend/node_modules/vite/dist/node/chunks/node.js:20098:26)
      at async viteTransformMiddleware (file:///D:/program/cloud-based-banking%20(2)/frontend/node_modules/vite/dist/node/chunks/node.js:24559:20)
[2m10:05:09 AM[22m [31m[1m[vite][22m[39m [31mInternal server error: Transform failed with 2 errors:

[31m[PARSE_ERROR] [0mMissing catch or finally clause
    [38;5;246m╭[0m[38;5;246m─[0m[38;5;246m[[0m src/utils/pdfExport.js:32:6 [38;5;246m][0m
    [38;5;246m│[0m
 [38;5;246m32 │[0m [38;5;249m [0m[38;5;249m [0m[38;5;249m [0m[38;5;249m [0m[38;5;249m}[0m
 [38;5;240m   │[0m      │ 
 [38;5;240m   │[0m      ╰─ 
 [38;5;240m   │[0m 
 [38;5;240m   │[0m [38;5;115mHelp[0m: Either unwrap this try block or add catch / finally clause
[38;5;246m────╯[0m

[31m[PARSE_ERROR] [0mUnexpected token
    [38;5;246m╭[0m[38;5;246m─[0m[38;5;246m[[0m src/utils/pdfExport.js:33:5 [38;5;246m][0m
    [38;5;246m│[0m
 [38;5;246m33 │[0m [38;5;249m [0m[38;5;249m [0m[38;5;249m}[0m[38;5;249m [0mcatch[38;5;249m [0m[38;5;249m{[0m
 [38;5;240m   │[0m     ──┬──  
 [38;5;240m   │[0m       ╰──── 
[38;5;246m────╯[0m
[39m
  Plugin: [35mvite:oxc[39m
  File: [36mD:/program/cloud-based-banking (2)/frontend/src/utils/pdfExport.js[39m
      at transformWithOxc (file:///D:/program/cloud-based-banking%20(2)/frontend/node_modules/vite/dist/node/chunks/node.js:4017:19)
      at TransformPluginContext.transform (file:///D:/program/cloud-based-banking%20(2)/frontend/node_modules/vite/dist/node/chunks/node.js:4088:26)
      at EnvironmentPluginContainer.transform (file:///D:/program/cloud-based-banking%20(2)/frontend/node_modules/vite/dist/node/chunks/node.js:30151:51)
      at async loadAndTransform (file:///D:/program/cloud-based-banking%20(2)/frontend/node_modules/vite/dist/node/chunks/node.js:20098:26)
      at async viteTransformMiddleware (file:///D:/program/cloud-based-banking%20(2)/frontend/node_modules/vite/dist/node/chunks/node.js:24559:20)
[2m10:05:14 AM[22m [31m[1m[vite][22m[39m [31m[2m(client)[22m[39m Pre-transform error: Transform failed with 1 error:

[31m[PARSE_ERROR] [0mExpected `,` or `)` but found `:`
    [38;5;246m╭[0m[38;5;246m─[0m[38;5;246m[[0m src/pages/settings/UserSettings.jsx:53:30 [38;5;246m][0m
    [38;5;246m│[0m
 [38;5;246m53 │[0m [38;5;249m [0m[38;5;249m [0m[38;5;249mc[0m[38;5;249mo[0m[38;5;249mn[0m[38;5;249ms[0m[38;5;249mt[0m[38;5;249m [0m[38;5;249mt[0m[38;5;249ma[0m[38;5;249mb[0m[38;5;249mB[0m[38;5;249mu[0m[38;5;249mt[0m[38;5;249mt[0m[38;5;249mo[0m[38;5;249mn[0m[38;5;249m [0m[38;5;249m=[0m[38;5;249m [0m([38;5;249mi[0m[38;5;249md[0m[38;5;249m,[0m[38;5;249m [0m[38;5;249mi[0m[38;5;249mc[0m[38;5;249mo[0m[38;5;249mn[0m:[38;5;249m [0m[38;5;249mI[0m[38;5;249mc[0m[38;5;249mo[0m[38;5;249mn[0m[38;5;249m,[0m[38;5;249m [0m[38;5;249ml[0m[38;5;249ma[0m[38;5;249mb[0m[38;5;249me[0m[38;5;249ml[0m[38;5;249m)[0m[38;5;249m [0m[38;5;249m=[0m[38;5;249m>[0m[38;5;249m [0m[38;5;249m([0m
 [38;5;240m   │[0m                     ┬        ┬  
 [38;5;240m   │[0m                     ╰─────────── Opened here
 [38;5;240m   │[0m                              │  
 [38;5;240m   │[0m                              ╰── `,` or `)` expected
[38;5;246m────╯[0m

  Plugin: [35mvite:oxc[39m
  File: [36mD:/program/cloud-based-banking (2)/frontend/src/pages/settings/UserSettings.jsx[39m
[2m10:05:14 AM[22m [31m[1m[vite][22m[39m [31mInternal server error: Transform failed with 1 error:

[31m[PARSE_ERROR] [0mExpected `,` or `)` but found `:`
    [38;5;246m╭[0m[38;5;246m─[0m[38;5;246m[[0m src/pages/settings/UserSettings.jsx:53:30 [38;5;246m][0m
    [38;5;246m│[0m
 [38;5;246m53 │[0m [38;5;249m [0m[38;5;249m [0m[38;5;249mc[0m[38;5;249mo[0m[38;5;249mn[0m[38;5;249ms[0m[38;5;249mt[0m[38;5;249m [0m[38;5;249mt[0m[38;5;249ma[0m[38;5;249mb[0m[38;5;249mB[0m[38;5;249mu[0m[38;5;249mt[0m[38;5;249mt[0m[38;5;249mo[0m[38;5;249mn[0m[38;5;249m [0m[38;5;249m=[0m[38;5;249m [0m([38;5;249mi[0m[38;5;249md[0m[38;5;249m,[0m[38;5;249m [0m[38;5;249mi[0m[38;5;249mc[0m[38;5;249mo[0m[38;5;249mn[0m:[38;5;249m [0m[38;5;249mI[0m[38;5;249mc[0m[38;5;249mo[0m[38;5;249mn[0m[38;5;249m,[0m[38;5;249m [0m[38;5;249ml[0m[38;5;249ma[0m[38;5;249mb[0m[38;5;249me[0m[38;5;249ml[0m[38;5;249m)[0m[38;5;249m [0m[38;5;249m=[0m[38;5;249m>[0m[38;5;249m [0m[38;5;249m([0m
 [38;5;240m   │[0m                     ┬        ┬  
 [38;5;240m   │[0m                     ╰─────────── Opened here
 [38;5;240m   │[0m                              │  
 [38;5;240m   │[0m                              ╰── `,` or `)` expected
[38;5;246m────╯[0m
[39m
  Plugin: [35mvite:oxc[39m
  File: [36mD:/program/cloud-based-banking (2)/frontend/src/pages/settings/UserSettings.jsx[39m
      at transformWithOxc (file:///D:/program/cloud-based-banking%20(2)/frontend/node_modules/vite/dist/node/chunks/node.js:4017:19)
      at TransformPluginContext.transform (file:///D:/program/cloud-based-banking%20(2)/frontend/node_modules/vite/dist/node/chunks/node.js:4088:26)
      at EnvironmentPluginContainer.transform (file:///D:/program/cloud-based-banking%20(2)/frontend/node_modules/vite/dist/node/chunks/node.js:30151:51)
      at async loadAndTransform (file:///D:/program/cloud-based-banking%20(2)/frontend/node_modules/vite/dist/node/chunks/node.js:20098:26)
      at async viteTransformMiddleware (file:///D:/program/cloud-based-banking%20(2)/frontend/node_modules/vite/dist/node/chunks/node.js:24559:20)
[2m10:05:14 AM[22m [31m[1m[vite][22m[39m [31mInternal server error: Transform failed with 1 error:

[31m[PARSE_ERROR] [0mExpected `,` or `)` but found `:`
    [38;5;246m╭[0m[38;5;246m─[0m[38;5;246m[[0m src/pages/settings/UserSettings.jsx:53:30 [38;5;246m][0m
    [38;5;246m│[0m
 [38;5;246m53 │[0m [38;5;249m [0m[38;5;249m [0m[38;5;249mc[0m[38;5;249mo[0m[38;5;249mn[0m[38;5;249ms[0m[38;5;249mt[0m[38;5;249m [0m[38;5;249mt[0m[38;5;249ma[0m[38;5;249mb[0m[38;5;249mB[0m[38;5;249mu[0m[38;5;249mt[0m[38;5;249mt[0m[38;5;249mo[0m[38;5;249mn[0m[38;5;249m [0m[38;5;249m=[0m[38;5;249m [0m([38;5;249mi[0m[38;5;249md[0m[38;5;249m,[0m[38;5;249m [0m[38;5;249mi[0m[38;5;249mc[0m[38;5;249mo[0m[38;5;249mn[0m:[38;5;249m [0m[38;5;249mI[0m[38;5;249mc[0m[38;5;249mo[0m[38;5;249mn[0m[38;5;249m,[0m[38;5;249m [0m[38;5;249ml[0m[38;5;249ma[0m[38;5;249mb[0m[38;5;249me[0m[38;5;249ml[0m[38;5;249m)[0m[38;5;249m [0m[38;5;249m=[0m[38;5;249m>[0m[38;5;249m [0m[38;5;249m([0m
 [38;5;240m   │[0m                     ┬        ┬  
 [38;5;240m   │[0m                     ╰─────────── Opened here
 [38;5;240m   │[0m                              │  
 [38;5;240m   │[0m                              ╰── `,` or `)` expected
[38;5;246m────╯[0m
[39m
  Plugin: [35mvite:oxc[39m
  File: [36mD:/program/cloud-based-banking (2)/frontend/src/pages/settings/UserSettings.jsx[39m
      at transformWithOxc (file:///D:/program/cloud-based-banking%20(2)/frontend/node_modules/vite/dist/node/chunks/node.js:4017:19)
      at TransformPluginContext.transform (file:///D:/program/cloud-based-banking%20(2)/frontend/node_modules/vite/dist/node/chunks/node.js:4088:26)
      at EnvironmentPluginContainer.transform (file:///D:/program/cloud-based-banking%20(2)/frontend/node_modules/vite/dist/node/chunks/node.js:30151:51)
      at async loadAndTransform (file:///D:/program/cloud-based-banking%20(2)/frontend/node_modules/vite/dist/node/chunks/node.js:20098:26)
      at async viteTransformMiddleware (file:///D:/program/cloud-based-banking%20(2)/frontend/node_modules/vite/dist/node/chunks/node.js:24559:20)
[2m10:05:14 AM[22m [31m[1m[vite][22m[39m [31mInternal server error: Transform failed with 2 errors:

[31m[PARSE_ERROR] [0mMissing catch or finally clause
    [38;5;246m╭[0m[38;5;246m─[0m[38;5;246m[[0m src/utils/pdfExport.js:32:6 [38;5;246m][0m
    [38;5;246m│[0m
 [38;5;246m32 │[0m [38;5;249m [0m[38;5;249m [0m[38;5;249m [0m[38;5;249m [0m[38;5;249m}[0m
 [38;5;240m   │[0m      │ 
 [38;5;240m   │[0m      ╰─ 
 [38;5;240m   │[0m 
 [38;5;240m   │[0m [38;5;115mHelp[0m: Either unwrap this try block or add catch / finally clause
[38;5;246m────╯[0m

[31m[PARSE_ERROR] [0mUnexpected token
    [38;5;246m╭[0m[38;5;246m─[0m[38;5;246m[[0m src/utils/pdfExport.js:33:5 [38;5;246m][0m
    [38;5;246m│[0m
 [38;5;246m33 │[0m [38;5;249m [0m[38;5;249m [0m[38;5;249m}[0m[38;5;249m [0mcatch[38;5;249m [0m[38;5;249m{[0m
 [38;5;240m   │[0m     ──┬──  
 [38;5;240m   │[0m       ╰──── 
[38;5;246m────╯[0m
[39m
  Plugin: [35mvite:oxc[39m
  File: [36mD:/program/cloud-based-banking (2)/frontend/src/utils/pdfExport.js[39m
      at transformWithOxc (file:///D:/program/cloud-based-banking%20(2)/frontend/node_modules/vite/dist/node/chunks/node.js:4017:19)
      at TransformPluginContext.transform (file:///D:/program/cloud-based-banking%20(2)/frontend/node_modules/vite/dist/node/chunks/node.js:4088:26)
      at EnvironmentPluginContainer.transform (file:///D:/program/cloud-based-banking%20(2)/frontend/node_modules/vite/dist/node/chunks/node.js:30151:51)
      at async loadAndTransform (file:///D:/program/cloud-based-banking%20(2)/frontend/node_modules/vite/dist/node/chunks/node.js:20098:26)
      at async viteTransformMiddleware (file:///D:/program/cloud-based-banking%20(2)/frontend/node_modules/vite/dist/node/chunks/node.js:24559:20)
[2m10:05:14 AM[22m [31m[1m[vite][22m[39m [31m[2m(client)[22m[39m Pre-transform error: Transform failed with 1 error:

[31m[PARSE_ERROR] [0mExpected `,` or `)` but found `:`
    [38;5;246m╭[0m[38;5;246m─[0m[38;5;246m[[0m src/pages/settings/UserSettings.jsx:53:30 [38;5;246m][0m
    [38;5;246m│[0m
 [38;5;246m53 │[0m [38;5;249m [0m[38;5;249m [0m[38;5;249mc[0m[38;5;249mo[0m[38;5;249mn[0m[38;5;249ms[0m[38;5;249mt[0m[38;5;249m [0m[38;5;249mt[0m[38;5;249ma[0m[38;5;249mb[0m[38;5;249mB[0m[38;5;249mu[0m[38;5;249mt[0m[38;5;249mt[0m[38;5;249mo[0m[38;5;249mn[0m[38;5;249m [0m[38;5;249m=[0m[38;5;249m [0m([38;5;249mi[0m[38;5;249md[0m[38;5;249m,[0m[38;5;249m [0m[38;5;249mi[0m[38;5;249mc[0m[38;5;249mo[0m[38;5;249mn[0m:[38;5;249m [0m[38;5;249mI[0m[38;5;249mc[0m[38;5;249mo[0m[38;5;249mn[0m[38;5;249m,[0m[38;5;249m [0m[38;5;249ml[0m[38;5;249ma[0m[38;5;249mb[0m[38;5;249me[0m[38;5;249ml[0m[38;5;249m)[0m[38;5;249m [0m[38;5;249m=[0m[38;5;249m>[0m[38;5;249m [0m[38;5;249m([0m
 [38;5;240m   │[0m                     ┬        ┬  
 [38;5;240m   │[0m                     ╰─────────── Opened here
 [38;5;240m   │[0m                              │  
 [38;5;240m   │[0m                              ╰── `,` or `)` expected
[38;5;246m────╯[0m

  Plugin: [35mvite:oxc[39m
  File: [36mD:/program/cloud-based-banking (2)/frontend/src/pages/settings/UserSettings.jsx[39m
[2m10:05:15 AM[22m [31m[1m[vite][22m[39m [31mInternal server error: Transform failed with 1 error:

[31m[PARSE_ERROR] [0mExpected `,` or `)` but found `:`
    [38;5;246m╭[0m[38;5;246m─[0m[38;5;246m[[0m src/pages/settings/UserSettings.jsx:53:30 [38;5;246m][0m
    [38;5;246m│[0m
 [38;5;246m53 │[0m [38;5;249m [0m[38;5;249m [0m[38;5;249mc[0m[38;5;249mo[0m[38;5;249mn[0m[38;5;249ms[0m[38;5;249mt[0m[38;5;249m [0m[38;5;249mt[0m[38;5;249ma[0m[38;5;249mb[0m[38;5;249mB[0m[38;5;249mu[0m[38;5;249mt[0m[38;5;249mt[0m[38;5;249mo[0m[38;5;249mn[0m[38;5;249m [0m[38;5;249m=[0m[38;5;249m [0m([38;5;249mi[0m[38;5;249md[0m[38;5;249m,[0m[38;5;249m [0m[38;5;249mi[0m[38;5;249mc[0m[38;5;249mo[0m[38;5;249mn[0m:[38;5;249m [0m[38;5;249mI[0m[38;5;249mc[0m[38;5;249mo[0m[38;5;249mn[0m[38;5;249m,[0m[38;5;249m [0m[38;5;249ml[0m[38;5;249ma[0m[38;5;249mb[0m[38;5;249me[0m[38;5;249ml[0m[38;5;249m)[0m[38;5;249m [0m[38;5;249m=[0m[38;5;249m>[0m[38;5;249m [0m[38;5;249m([0m
 [38;5;240m   │[0m                     ┬        ┬  
 [38;5;240m   │[0m                     ╰─────────── Opened here
 [38;5;240m   │[0m                              │  
 [38;5;240m   │[0m                              ╰── `,` or `)` expected
[38;5;246m────╯[0m
[39m
  Plugin: [35mvite:oxc[39m
  File: [36mD:/program/cloud-based-banking (2)/frontend/src/pages/settings/UserSettings.jsx[39m
      at transformWithOxc (file:///D:/program/cloud-based-banking%20(2)/frontend/node_modules/vite/dist/node/chunks/node.js:4017:19)
      at TransformPluginContext.transform (file:///D:/program/cloud-based-banking%20(2)/frontend/node_modules/vite/dist/node/chunks/node.js:4088:26)
      at EnvironmentPluginContainer.transform (file:///D:/program/cloud-based-banking%20(2)/frontend/node_modules/vite/dist/node/chunks/node.js:30151:51)
      at async loadAndTransform (file:///D:/program/cloud-based-banking%20(2)/frontend/node_modules/vite/dist/node/chunks/node.js:20098:26)
      at async viteTransformMiddleware (file:///D:/program/cloud-based-banking%20(2)/frontend/node_modules/vite/dist/node/chunks/node.js:24559:20)
[2m10:05:15 AM[22m [31m[1m[vite][22m[39m [31mInternal server error: Transform failed with 1 error:

[31m[PARSE_ERROR] [0mExpected `,` or `)` but found `:`
    [38;5;246m╭[0m[38;5;246m─[0m[38;5;246m[[0m src/pages/settings/UserSettings.jsx:53:30 [38;5;246m][0m
    [38;5;246m│[0m
 [38;5;246m53 │[0m [38;5;249m [0m[38;5;249m [0m[38;5;249mc[0m[38;5;249mo[0m[38;5;249mn[0m[38;5;249ms[0m[38;5;249mt[0m[38;5;249m [0m[38;5;249mt[0m[38;5;249ma[0m[38;5;249mb[0m[38;5;249mB[0m[38;5;249mu[0m[38;5;249mt[0m[38;5;249mt[0m[38;5;249mo[0m[38;5;249mn[0m[38;5;249m [0m[38;5;249m=[0m[38;5;249m [0m([38;5;249mi[0m[38;5;249md[0m[38;5;249m,[0m[38;5;249m [0m[38;5;249mi[0m[38;5;249mc[0m[38;5;249mo[0m[38;5;249mn[0m:[38;5;249m [0m[38;5;249mI[0m[38;5;249mc[0m[38;5;249mo[0m[38;5;249mn[0m[38;5;249m,[0m[38;5;249m [0m[38;5;249ml[0m[38;5;249ma[0m[38;5;249mb[0m[38;5;249me[0m[38;5;249ml[0m[38;5;249m)[0m[38;5;249m [0m[38;5;249m=[0m[38;5;249m>[0m[38;5;249m [0m[38;5;249m([0m
 [38;5;240m   │[0m                     ┬        ┬  
 [38;5;240m   │[0m                     ╰─────────── Opened here
 [38;5;240m   │[0m                              │  
 [38;5;240m   │[0m                              ╰── `,` or `)` expected
[38;5;246m────╯[0m
[39m
  Plugin: [35mvite:oxc[39m
  File: [36mD:/program/cloud-based-banking (2)/frontend/src/pages/settings/UserSettings.jsx[39m
      at transformWithOxc (file:///D:/program/cloud-based-banking%20(2)/frontend/node_modules/vite/dist/node/chunks/node.js:4017:19)
      at TransformPluginContext.transform (file:///D:/program/cloud-based-banking%20(2)/frontend/node_modules/vite/dist/node/chunks/node.js:4088:26)
      at EnvironmentPluginContainer.transform (file:///D:/program/cloud-based-banking%20(2)/frontend/node_modules/vite/dist/node/chunks/node.js:30151:51)
      at async loadAndTransform (file:///D:/program/cloud-based-banking%20(2)/frontend/node_modules/vite/dist/node/chunks/node.js:20098:26)
      at async viteTransformMiddleware (file:///D:/program/cloud-based-banking%20(2)/frontend/node_modules/vite/dist/node/chunks/node.js:24559:20)
[2m10:05:15 AM[22m [31m[1m[vite][22m[39m [31mInternal server error: Transform failed with 2 errors:

[31m[PARSE_ERROR] [0mMissing catch or finally clause
    [38;5;246m╭[0m[38;5;246m─[0m[38;5;246m[[0m src/utils/pdfExport.js:32:6 [38;5;246m][0m
    [38;5;246m│[0m
 [38;5;246m32 │[0m [38;5;249m [0m[38;5;249m [0m[38;5;249m [0m[38;5;249m [0m[38;5;249m}[0m
 [38;5;240m   │[0m      │ 
 [38;5;240m   │[0m      ╰─ 
 [38;5;240m   │[0m 
 [38;5;240m   │[0m [38;5;115mHelp[0m: Either unwrap this try block or add catch / finally clause
[38;5;246m────╯[0m

[31m[PARSE_ERROR] [0mUnexpected token
    [38;5;246m╭[0m[38;5;246m─[0m[38;5;246m[[0m src/utils/pdfExport.js:33:5 [38;5;246m][0m
    [38;5;246m│[0m
 [38;5;246m33 │[0m [38;5;249m [0m[38;5;249m [0m[38;5;249m}[0m[38;5;249m [0mcatch[38;5;249m [0m[38;5;249m{[0m
 [38;5;240m   │[0m     ──┬──  
 [38;5;240m   │[0m       ╰──── 
[38;5;246m────╯[0m
[39m
  Plugin: [35mvite:oxc[39m
  File: [36mD:/program/cloud-based-banking (2)/frontend/src/utils/pdfExport.js[39m
      at transformWithOxc (file:///D:/program/cloud-based-banking%20(2)/frontend/node_modules/vite/dist/node/chunks/node.js:4017:19)
      at TransformPluginContext.transform (file:///D:/program/cloud-based-banking%20(2)/frontend/node_modules/vite/dist/node/chunks/node.js:4088:26)
      at EnvironmentPluginContainer.transform (file:///D:/program/cloud-based-banking%20(2)/frontend/node_modules/vite/dist/node/chunks/node.js:30151:51)
      at async loadAndTransform (file:///D:/program/cloud-based-banking%20(2)/frontend/node_modules/vite/dist/node/chunks/node.js:20098:26)
      at async viteTransformMiddleware (file:///D:/program/cloud-based-banking%20(2)/frontend/node_modules/vite/dist/node/chunks/node.js:24559:20)
[2m10:05:15 AM[22m [31m[1m[vite][22m[39m [31mInternal server error: Transform failed with 2 errors:

[31m[PARSE_ERROR] [0mMissing catch or finally clause
    [38;5;246m╭[0m[38;5;246m─[0m[38;5;246m[[0m src/utils/pdfExport.js:32:6 [38;5;246m][0m
    [38;5;246m│[0m
 [38;5;246m32 │[0m [38;5;249m [0m[38;5;249m [0m[38;5;249m [0m[38;5;249m [0m[38;5;249m}[0m
 [38;5;240m   │[0m      │ 
 [38;5;240m   │[0m      ╰─ 
 [38;5;240m   │[0m 
 [38;5;240m   │[0m [38;5;115mHelp[0m: Either unwrap this try block or add catch / finally clause
[38;5;246m────╯[0m

[31m[PARSE_ERROR] [0mUnexpected token
    [38;5;246m╭[0m[38;5;246m─[0m[38;5;246m[[0m src/utils/pdfExport.js:33:5 [38;5;246m][0m
    [38;5;246m│[0m
 [38;5;246m33 │[0m [38;5;249m [0m[38;5;249m [0m[38;5;249m}[0m[38;5;249m [0mcatch[38;5;249m [0m[38;5;249m{[0m
 [38;5;240m   │[0m     ──┬──  
 [38;5;240m   │[0m       ╰──── 
[38;5;246m────╯[0m
[39m
  Plugin: [35mvite:oxc[39m
  File: [36mD:/program/cloud-based-banking (2)/frontend/src/utils/pdfExport.js[39m
      at transformWithOxc (file:///D:/program/cloud-based-banking%20(2)/frontend/node_modules/vite/dist/node/chunks/node.js:4017:19)
      at TransformPluginContext.transform (file:///D:/program/cloud-based-banking%20(2)/frontend/node_modules/vite/dist/node/chunks/node.js:4088:26)
      at EnvironmentPluginContainer.transform (file:///D:/program/cloud-based-banking%20(2)/frontend/node_modules/vite/dist/node/chunks/node.js:30151:51)
      at async loadAndTransform (file:///D:/program/cloud-based-banking%20(2)/frontend/node_modules/vite/dist/node/chunks/node.js:20098:26)
      at async viteTransformMiddleware (file:///D:/program/cloud-based-banking%20(2)/frontend/node_modules/vite/dist/node/chunks/node.js:24559:20)
[2m10:05:18 AM[22m [31m[1m[vite][22m[39m [31m[2m(client)[22m[39m Pre-transform error: Transform failed with 1 error:

[31m[PARSE_ERROR] [0mExpected `,` or `)` but found `:`
    [38;5;246m╭[0m[38;5;246m─[0m[38;5;246m[[0m src/pages/settings/UserSettings.jsx:53:30 [38;5;246m][0m
    [38;5;246m│[0m
 [38;5;246m53 │[0m [38;5;249m [0m[38;5;249m [0m[38;5;249mc[0m[38;5;249mo[0m[38;5;249mn[0m[38;5;249ms[0m[38;5;249mt[0m[38;5;249m [0m[38;5;249mt[0m[38;5;249ma[0m[38;5;249mb[0m[38;5;249mB[0m[38;5;249mu[0m[38;5;249mt[0m[38;5;249mt[0m[38;5;249mo[0m[38;5;249mn[0m[38;5;249m [0m[38;5;249m=[0m[38;5;249m [0m([38;5;249mi[0m[38;5;249md[0m[38;5;249m,[0m[38;5;249m [0m[38;5;249mi[0m[38;5;249mc[0m[38;5;249mo[0m[38;5;249mn[0m:[38;5;249m [0m[38;5;249mI[0m[38;5;249mc[0m[38;5;249mo[0m[38;5;249mn[0m[38;5;249m,[0m[38;5;249m [0m[38;5;249ml[0m[38;5;249ma[0m[38;5;249mb[0m[38;5;249me[0m[38;5;249ml[0m[38;5;249m)[0m[38;5;249m [0m[38;5;249m=[0m[38;5;249m>[0m[38;5;249m [0m[38;5;249m([0m
 [38;5;240m   │[0m                     ┬        ┬  
 [38;5;240m   │[0m                     ╰─────────── Opened here
 [38;5;240m   │[0m                              │  
 [38;5;240m   │[0m                              ╰── `,` or `)` expected
[38;5;246m────╯[0m

  Plugin: [35mvite:oxc[39m
  File: [36mD:/program/cloud-based-banking (2)/frontend/src/pages/settings/UserSettings.jsx[39m
[2m10:05:19 AM[22m [31m[1m[vite][22m[39m [31mInternal server error: Transform failed with 1 error:

[31m[PARSE_ERROR] [0mExpected `,` or `)` but found `:`
    [38;5;246m╭[0m[38;5;246m─[0m[38;5;246m[[0m src/pages/settings/UserSettings.jsx:53:30 [38;5;246m][0m
    [38;5;246m│[0m
 [38;5;246m53 │[0m [38;5;249m [0m[38;5;249m [0m[38;5;249mc[0m[38;5;249mo[0m[38;5;249mn[0m[38;5;249ms[0m[38;5;249mt[0m[38;5;249m [0m[38;5;249mt[0m[38;5;249ma[0m[38;5;249mb[0m[38;5;249mB[0m[38;5;249mu[0m[38;5;249mt[0m[38;5;249mt[0m[38;5;249mo[0m[38;5;249mn[0m[38;5;249m [0m[38;5;249m=[0m[38;5;249m [0m([38;5;249mi[0m[38;5;249md[0m[38;5;249m,[0m[38;5;249m [0m[38;5;249mi[0m[38;5;249mc[0m[38;5;249mo[0m[38;5;249mn[0m:[38;5;249m [0m[38;5;249mI[0m[38;5;249mc[0m[38;5;249mo[0m[38;5;249mn[0m[38;5;249m,[0m[38;5;249m [0m[38;5;249ml[0m[38;5;249ma[0m[38;5;249mb[0m[38;5;249me[0m[38;5;249ml[0m[38;5;249m)[0m[38;5;249m [0m[38;5;249m=[0m[38;5;249m>[0m[38;5;249m [0m[38;5;249m([0m
 [38;5;240m   │[0m                     ┬        ┬  
 [38;5;240m   │[0m                     ╰─────────── Opened here
 [38;5;240m   │[0m                              │  
 [38;5;240m   │[0m                              ╰── `,` or `)` expected
[38;5;246m────╯[0m
[39m
  Plugin: [35mvite:oxc[39m
  File: [36mD:/program/cloud-based-banking (2)/frontend/src/pages/settings/UserSettings.jsx[39m
      at transformWithOxc (file:///D:/program/cloud-based-banking%20(2)/frontend/node_modules/vite/dist/node/chunks/node.js:4017:19)
      at TransformPluginContext.transform (file:///D:/program/cloud-based-banking%20(2)/frontend/node_modules/vite/dist/node/chunks/node.js:4088:26)
      at EnvironmentPluginContainer.transform (file:///D:/program/cloud-based-banking%20(2)/frontend/node_modules/vite/dist/node/chunks/node.js:30151:51)
      at async loadAndTransform (file:///D:/program/cloud-based-banking%20(2)/frontend/node_modules/vite/dist/node/chunks/node.js:20098:26)
[2m10:05:19 AM[22m [31m[1m[vite][22m[39m [31m[2m(client)[22m[39m Pre-transform error: Transform failed with 1 error:

[31m[PARSE_ERROR] [0mExpected `,` or `)` but found `:`
    [38;5;246m╭[0m[38;5;246m─[0m[38;5;246m[[0m src/pages/settings/UserSettings.jsx:53:30 [38;5;246m][0m
    [38;5;246m│[0m
 [38;5;246m53 │[0m [38;5;249m [0m[38;5;249m [0m[38;5;249mc[0m[38;5;249mo[0m[38;5;249mn[0m[38;5;249ms[0m[38;5;249mt[0m[38;5;249m [0m[38;5;249mt[0m[38;5;249ma[0m[38;5;249mb[0m[38;5;249mB[0m[38;5;249mu[0m[38;5;249mt[0m[38;5;249mt[0m[38;5;249mo[0m[38;5;249mn[0m[38;5;249m [0m[38;5;249m=[0m[38;5;249m [0m([38;5;249mi[0m[38;5;249md[0m[38;5;249m,[0m[38;5;249m [0m[38;5;249mi[0m[38;5;249mc[0m[38;5;249mo[0m[38;5;249mn[0m:[38;5;249m [0m[38;5;249mI[0m[38;5;249mc[0m[38;5;249mo[0m[38;5;249mn[0m[38;5;249m,[0m[38;5;249m [0m[38;5;249ml[0m[38;5;249ma[0m[38;5;249mb[0m[38;5;249me[0m[38;5;249ml[0m[38;5;249m)[0m[38;5;249m [0m[38;5;249m=[0m[38;5;249m>[0m[38;5;249m [0m[38;5;249m([0m
 [38;5;240m   │[0m                     ┬        ┬  
 [38;5;240m   │[0m                     ╰─────────── Opened here
 [38;5;240m   │[0m                              │  
 [38;5;240m   │[0m                              ╰── `,` or `)` expected
[38;5;246m────╯[0m

  Plugin: [35mvite:oxc[39m
  File: [36mD:/program/cloud-based-banking (2)/frontend/src/pages/settings/UserSettings.jsx[39m
[2m10:05:19 AM[22m [31m[1m[vite][22m[39m [31mInternal server error: Transform failed with 2 errors:

[31m[PARSE_ERROR] [0mMissing catch or finally clause
    [38;5;246m╭[0m[38;5;246m─[0m[38;5;246m[[0m src/utils/pdfExport.js:32:6 [38;5;246m][0m
    [38;5;246m│[0m
 [38;5;246m32 │[0m [38;5;249m [0m[38;5;249m [0m[38;5;249m [0m[38;5;249m [0m[38;5;249m}[0m
 [38;5;240m   │[0m      │ 
 [38;5;240m   │[0m      ╰─ 
 [38;5;240m   │[0m 
 [38;5;240m   │[0m [38;5;115mHelp[0m: Either unwrap this try block or add catch / finally clause
[38;5;246m────╯[0m

[31m[PARSE_ERROR] [0mUnexpected token
    [38;5;246m╭[0m[38;5;246m─[0m[38;5;246m[[0m src/utils/pdfExport.js:33:5 [38;5;246m][0m
    [38;5;246m│[0m
 [38;5;246m33 │[0m [38;5;249m [0m[38;5;249m [0m[38;5;249m}[0m[38;5;249m [0mcatch[38;5;249m [0m[38;5;249m{[0m
 [38;5;240m   │[0m     ──┬──  
 [38;5;240m   │[0m       ╰──── 
[38;5;246m────╯[0m
[39m
  Plugin: [35mvite:oxc[39m
  File: [36mD:/program/cloud-based-banking (2)/frontend/src/utils/pdfExport.js[39m
      at transformWithOxc (file:///D:/program/cloud-based-banking%20(2)/frontend/node_modules/vite/dist/node/chunks/node.js:4017:19)
      at TransformPluginContext.transform (file:///D:/program/cloud-based-banking%20(2)/frontend/node_modules/vite/dist/node/chunks/node.js:4088:26)
      at EnvironmentPluginContainer.transform (file:///D:/program/cloud-based-banking%20(2)/frontend/node_modules/vite/dist/node/chunks/node.js:30151:51)
      at async loadAndTransform (file:///D:/program/cloud-based-banking%20(2)/frontend/node_modules/vite/dist/node/chunks/node.js:20098:26)
      at async viteTransformMiddleware (file:///D:/program/cloud-based-banking%20(2)/frontend/node_modules/vite/dist/node/chunks/node.js:24559:20)
[2m10:05:19 AM[22m [31m[1m[vite][22m[39m [31mInternal server error: Transform failed with 1 error:

[31m[PARSE_ERROR] [0mExpected `,` or `)` but found `:`
    [38;5;246m╭[0m[38;5;246m─[0m[38;5;246m[[0m src/pages/settings/UserSettings.jsx:53:30 [38;5;246m][0m
    [38;5;246m│[0m
 [38;5;246m53 │[0m [38;5;249m [0m[38;5;249m [0m[38;5;249mc[0m[38;5;249mo[0m[38;5;249mn[0m[38;5;249ms[0m[38;5;249mt[0m[38;5;249m [0m[38;5;249mt[0m[38;5;249ma[0m[38;5;249mb[0m[38;5;249mB[0m[38;5;249mu[0m[38;5;249mt[0m[38;5;249mt[0m[38;5;249mo[0m[38;5;249mn[0m[38;5;249m [0m[38;5;249m=[0m[38;5;249m [0m([38;5;249mi[0m[38;5;249md[0m[38;5;249m,[0m[38;5;249m [0m[38;5;249mi[0m[38;5;249mc[0m[38;5;249mo[0m[38;5;249mn[0m:[38;5;249m [0m[38;5;249mI[0m[38;5;249mc[0m[38;5;249mo[0m[38;5;249mn[0m[38;5;249m,[0m[38;5;249m [0m[38;5;249ml[0m[38;5;249ma[0m[38;5;249mb[0m[38;5;249me[0m[38;5;249ml[0m[38;5;249m)[0m[38;5;249m [0m[38;5;249m=[0m[38;5;249m>[0m[38;5;249m [0m[38;5;249m([0m
 [38;5;240m   │[0m                     ┬        ┬  
 [38;5;240m   │[0m                     ╰─────────── Opened here
 [38;5;240m   │[0m                              │  
 [38;5;240m   │[0m                              ╰── `,` or `)` expected
[38;5;246m────╯[0m
[39m
  Plugin: [35mvite:oxc[39m
  File: [36mD:/program/cloud-based-banking (2)/frontend/src/pages/settings/UserSettings.jsx[39m
      at transformWithOxc (file:///D:/program/cloud-based-banking%20(2)/frontend/node_modules/vite/dist/node/chunks/node.js:4017:19)
      at TransformPluginContext.transform (file:///D:/program/cloud-based-banking%20(2)/frontend/node_modules/vite/dist/node/chunks/node.js:4088:26)
      at EnvironmentPluginContainer.transform (file:///D:/program/cloud-based-banking%20(2)/frontend/node_modules/vite/dist/node/chunks/node.js:30151:51)
      at async loadAndTransform (file:///D:/program/cloud-based-banking%20(2)/frontend/node_modules/vite/dist/node/chunks/node.js:20098:26)
      at async viteTransformMiddleware (file:///D:/program/cloud-based-banking%20(2)/frontend/node_modules/vite/dist/node/chunks/node.js:24559:20)
[2m10:05:19 AM[22m [31m[1m[vite][22m[39m [31m[2m(client)[22m[39m Pre-transform error: Transform failed with 1 error:

[31m[PARSE_ERROR] [0mExpected `,` or `)` but found `:`
    [38;5;246m╭[0m[38;5;246m─[0m[38;5;246m[[0m src/pages/settings/UserSettings.jsx:53:30 [38;5;246m][0m
    [38;5;246m│[0m
 [38;5;246m53 │[0m [38;5;249m [0m[38;5;249m [0m[38;5;249mc[0m[38;5;249mo[0m[38;5;249mn[0m[38;5;249ms[0m[38;5;249mt[0m[38;5;249m [0m[38;5;249mt[0m[38;5;249ma[0m[38;5;249mb[0m[38;5;249mB[0m[38;5;249mu[0m[38;5;249mt[0m[38;5;249mt[0m[38;5;249mo[0m[38;5;249mn[0m[38;5;249m [0m[38;5;249m=[0m[38;5;249m [0m([38;5;249mi[0m[38;5;249md[0m[38;5;249m,[0m[38;5;249m [0m[38;5;249mi[0m[38;5;249mc[0m[38;5;249mo[0m[38;5;249mn[0m:[38;5;249m [0m[38;5;249mI[0m[38;5;249mc[0m[38;5;249mo[0m[38;5;249mn[0m[38;5;249m,[0m[38;5;249m [0m[38;5;249ml[0m[38;5;249ma[0m[38;5;249mb[0m[38;5;249me[0m[38;5;249ml[0m[38;5;249m)[0m[38;5;249m [0m[38;5;249m=[0m[38;5;249m>[0m[38;5;249m [0m[38;5;249m([0m
 [38;5;240m   │[0m                     ┬        ┬  
 [38;5;240m   │[0m                     ╰─────────── Opened here
 [38;5;240m   │[0m                              │  
 [38;5;240m   │[0m                              ╰── `,` or `)` expected
[38;5;246m────╯[0m

  Plugin: [35mvite:oxc[39m
  File: [36mD:/program/cloud-based-banking (2)/frontend/src/pages/settings/UserSettings.jsx[39m
[2m10:05:20 AM[22m [31m[1m[vite][22m[39m [31mInternal server error: Transform failed with 1 error:

[31m[PARSE_ERROR] [0mExpected `,` or `)` but found `:`
    [38;5;246m╭[0m[38;5;246m─[0m[38;5;246m[[0m src/pages/settings/UserSettings.jsx:53:30 [38;5;246m][0m
    [38;5;246m│[0m
 [38;5;246m53 │[0m [38;5;249m [0m[38;5;249m [0m[38;5;249mc[0m[38;5;249mo[0m[38;5;249mn[0m[38;5;249ms[0m[38;5;249mt[0m[38;5;249m [0m[38;5;249mt[0m[38;5;249ma[0m[38;5;249mb[0m[38;5;249mB[0m[38;5;249mu[0m[38;5;249mt[0m[38;5;249mt[0m[38;5;249mo[0m[38;5;249mn[0m[38;5;249m [0m[38;5;249m=[0m[38;5;249m [0m([38;5;249mi[0m[38;5;249md[0m[38;5;249m,[0m[38;5;249m [0m[38;5;249mi[0m[38;5;249mc[0m[38;5;249mo[0m[38;5;249mn[0m:[38;5;249m [0m[38;5;249mI[0m[38;5;249mc[0m[38;5;249mo[0m[38;5;249mn[0m[38;5;249m,[0m[38;5;249m [0m[38;5;249ml[0m[38;5;249ma[0m[38;5;249mb[0m[38;5;249me[0m[38;5;249ml[0m[38;5;249m)[0m[38;5;249m [0m[38;5;249m=[0m[38;5;249m>[0m[38;5;249m [0m[38;5;249m([0m
 [38;5;240m   │[0m                     ┬        ┬  
 [38;5;240m   │[0m                     ╰─────────── Opened here
 [38;5;240m   │[0m                              │  
 [38;5;240m   │[0m                              ╰── `,` or `)` expected
[38;5;246m────╯[0m
[39m
  Plugin: [35mvite:oxc[39m
  File: [36mD:/program/cloud-based-banking (2)/frontend/src/pages/settings/UserSettings.jsx[39m
      at transformWithOxc (file:///D:/program/cloud-based-banking%20(2)/frontend/node_modules/vite/dist/node/chunks/node.js:4017:19)
      at TransformPluginContext.transform (file:///D:/program/cloud-based-banking%20(2)/frontend/node_modules/vite/dist/node/chunks/node.js:4088:26)
      at EnvironmentPluginContainer.transform (file:///D:/program/cloud-based-banking%20(2)/frontend/node_modules/vite/dist/node/chunks/node.js:30151:51)
      at async loadAndTransform (file:///D:/program/cloud-based-banking%20(2)/frontend/node_modules/vite/dist/node/chunks/node.js:20098:26)
      at async viteTransformMiddleware (file:///D:/program/cloud-based-banking%20(2)/frontend/node_modules/vite/dist/node/chunks/node.js:24559:20)
[2m10:05:20 AM[22m [31m[1m[vite][22m[39m [31mInternal server error: Transform failed with 1 error:

[31m[PARSE_ERROR] [0mExpected `,` or `)` but found `:`
    [38;5;246m╭[0m[38;5;246m─[0m[38;5;246m[[0m src/pages/settings/UserSettings.jsx:53:30 [38;5;246m][0m
    [38;5;246m│[0m
 [38;5;246m53 │[0m [38;5;249m [0m[38;5;249m [0m[38;5;249mc[0m[38;5;249mo[0m[38;5;249mn[0m[38;5;249ms[0m[38;5;249mt[0m[38;5;249m [0m[38;5;249mt[0m[38;5;249ma[0m[38;5;249mb[0m[38;5;249mB[0m[38;5;249mu[0m[38;5;249mt[0m[38;5;249mt[0m[38;5;249mo[0m[38;5;249mn[0m[38;5;249m [0m[38;5;249m=[0m[38;5;249m [0m([38;5;249mi[0m[38;5;249md[0m[38;5;249m,[0m[38;5;249m [0m[38;5;249mi[0m[38;5;249mc[0m[38;5;249mo[0m[38;5;249mn[0m:[38;5;249m [0m[38;5;249mI[0m[38;5;249mc[0m[38;5;249mo[0m[38;5;249mn[0m[38;5;249m,[0m[38;5;249m [0m[38;5;249ml[0m[38;5;249ma[0m[38;5;249mb[0m[38;5;249me[0m[38;5;249ml[0m[38;5;249m)[0m[38;5;249m [0m[38;5;249m=[0m[38;5;249m>[0m[38;5;249m [0m[38;5;249m([0m
 [38;5;240m   │[0m                     ┬        ┬  
 [38;5;240m   │[0m                     ╰─────────── Opened here
 [38;5;240m   │[0m                              │  
 [38;5;240m   │[0m                              ╰── `,` or `)` expected
[38;5;246m────╯[0m
[39m
  Plugin: [35mvite:oxc[39m
  File: [36mD:/program/cloud-based-banking (2)/frontend/src/pages/settings/UserSettings.jsx[39m
      at transformWithOxc (file:///D:/program/cloud-based-banking%20(2)/frontend/node_modules/vite/dist/node/chunks/node.js:4017:19)
      at TransformPluginContext.transform (file:///D:/program/cloud-based-banking%20(2)/frontend/node_modules/vite/dist/node/chunks/node.js:4088:26)
      at EnvironmentPluginContainer.transform (file:///D:/program/cloud-based-banking%20(2)/frontend/node_modules/vite/dist/node/chunks/node.js:30151:51)
      at async loadAndTransform (file:///D:/program/cloud-based-banking%20(2)/frontend/node_modules/vite/dist/node/chunks/node.js:20098:26)
      at async viteTransformMiddleware (file:///D:/program/cloud-based-banking%20(2)/frontend/node_modules/vite/dist/node/chunks/node.js:24559:20)
[2m10:05:20 AM[22m [31m[1m[vite][22m[39m [31mInternal server error: Transform failed with 2 errors:

[31m[PARSE_ERROR] [0mMissing catch or finally clause
    [38;5;246m╭[0m[38;5;246m─[0m[38;5;246m[[0m src/utils/pdfExport.js:32:6 [38;5;246m][0m
    [38;5;246m│[0m
 [38;5;246m32 │[0m [38;5;249m [0m[38;5;249m [0m[38;5;249m [0m[38;5;249m [0m[38;5;249m}[0m
 [38;5;240m   │[0m      │ 
 [38;5;240m   │[0m      ╰─ 
 [38;5;240m   │[0m 
 [38;5;240m   │[0m [38;5;115mHelp[0m: Either unwrap this try block or add catch / finally clause
[38;5;246m────╯[0m

[31m[PARSE_ERROR] [0mUnexpected token
    [38;5;246m╭[0m[38;5;246m─[0m[38;5;246m[[0m src/utils/pdfExport.js:33:5 [38;5;246m][0m
    [38;5;246m│[0m
 [38;5;246m33 │[0m [38;5;249m [0m[38;5;249m [0m[38;5;249m}[0m[38;5;249m [0mcatch[38;5;249m [0m[38;5;249m{[0m
 [38;5;240m   │[0m     ──┬──  
 [38;5;240m   │[0m       ╰──── 
[38;5;246m────╯[0m
[39m
  Plugin: [35mvite:oxc[39m
  File: [36mD:/program/cloud-based-banking (2)/frontend/src/utils/pdfExport.js[39m
      at transformWithOxc (file:///D:/program/cloud-based-banking%20(2)/frontend/node_modules/vite/dist/node/chunks/node.js:4017:19)
      at TransformPluginContext.transform (file:///D:/program/cloud-based-banking%20(2)/frontend/node_modules/vite/dist/node/chunks/node.js:4088:26)
      at EnvironmentPluginContainer.transform (file:///D:/program/cloud-based-banking%20(2)/frontend/node_modules/vite/dist/node/chunks/node.js:30151:51)
      at async loadAndTransform (file:///D:/program/cloud-based-banking%20(2)/frontend/node_modules/vite/dist/node/chunks/node.js:20098:26)
      at async viteTransformMiddleware (file:///D:/program/cloud-based-banking%20(2)/frontend/node_modules/vite/dist/node/chunks/node.js:24559:20)
[2m10:05:23 AM[22m [31m[1m[vite][22m[39m [31m[2m(client)[22m[39m Pre-transform error: Transform failed with 1 error:

[31m[PARSE_ERROR] [0mExpected `,` or `)` but found `:`
    [38;5;246m╭[0m[38;5;246m─[0m[38;5;246m[[0m src/pages/settings/UserSettings.jsx:53:30 [38;5;246m][0m
    [38;5;246m│[0m
 [38;5;246m53 │[0m [38;5;249m [0m[38;5;249m [0m[38;5;249mc[0m[38;5;249mo[0m[38;5;249mn[0m[38;5;249ms[0m[38;5;249mt[0m[38;5;249m [0m[38;5;249mt[0m[38;5;249ma[0m[38;5;249mb[0m[38;5;249mB[0m[38;5;249mu[0m[38;5;249mt[0m[38;5;249mt[0m[38;5;249mo[0m[38;5;249mn[0m[38;5;249m [0m[38;5;249m=[0m[38;5;249m [0m([38;5;249mi[0m[38;5;249md[0m[38;5;249m,[0m[38;5;249m [0m[38;5;249mi[0m[38;5;249mc[0m[38;5;249mo[0m[38;5;249mn[0m:[38;5;249m [0m[38;5;249mI[0m[38;5;249mc[0m[38;5;249mo[0m[38;5;249mn[0m[38;5;249m,[0m[38;5;249m [0m[38;5;249ml[0m[38;5;249ma[0m[38;5;249mb[0m[38;5;249me[0m[38;5;249ml[0m[38;5;249m)[0m[38;5;249m [0m[38;5;249m=[0m[38;5;249m>[0m[38;5;249m [0m[38;5;249m([0m
 [38;5;240m   │[0m                     ┬        ┬  
 [38;5;240m   │[0m                     ╰─────────── Opened here
 [38;5;240m   │[0m                              │  
 [38;5;240m   │[0m                              ╰── `,` or `)` expected
[38;5;246m────╯[0m

  Plugin: [35mvite:oxc[39m
  File: [36mD:/program/cloud-based-banking (2)/frontend/src/pages/settings/UserSettings.jsx[39m
[2m10:05:24 AM[22m [31m[1m[vite][22m[39m [31mInternal server error: Transform failed with 1 error:

[31m[PARSE_ERROR] [0mExpected `,` or `)` but found `:`
    [38;5;246m╭[0m[38;5;246m─[0m[38;5;246m[[0m src/pages/settings/UserSettings.jsx:53:30 [38;5;246m][0m
    [38;5;246m│[0m
 [38;5;246m53 │[0m [38;5;249m [0m[38;5;249m [0m[38;5;249mc[0m[38;5;249mo[0m[38;5;249mn[0m[38;5;249ms[0m[38;5;249mt[0m[38;5;249m [0m[38;5;249mt[0m[38;5;249ma[0m[38;5;249mb[0m[38;5;249mB[0m[38;5;249mu[0m[38;5;249mt[0m[38;5;249mt[0m[38;5;249mo[0m[38;5;249mn[0m[38;5;249m [0m[38;5;249m=[0m[38;5;249m [0m([38;5;249mi[0m[38;5;249md[0m[38;5;249m,[0m[38;5;249m [0m[38;5;249mi[0m[38;5;249mc[0m[38;5;249mo[0m[38;5;249mn[0m:[38;5;249m [0m[38;5;249mI[0m[38;5;249mc[0m[38;5;249mo[0m[38;5;249mn[0m[38;5;249m,[0m[38;5;249m [0m[38;5;249ml[0m[38;5;249ma[0m[38;5;249mb[0m[38;5;249me[0m[38;5;249ml[0m[38;5;249m)[0m[38;5;249m [0m[38;5;249m=[0m[38;5;249m>[0m[38;5;249m [0m[38;5;249m([0m
 [38;5;240m   │[0m                     ┬        ┬  
 [38;5;240m   │[0m                     ╰─────────── Opened here
 [38;5;240m   │[0m                              │  
 [38;5;240m   │[0m                              ╰── `,` or `)` expected
[38;5;246m────╯[0m
[39m
  Plugin: [35mvite:oxc[39m
  File: [36mD:/program/cloud-based-banking (2)/frontend/src/pages/settings/UserSettings.jsx[39m
      at transformWithOxc (file:///D:/program/cloud-based-banking%20(2)/frontend/node_modules/vite/dist/node/chunks/node.js:4017:19)
      at TransformPluginContext.transform (file:///D:/program/cloud-based-banking%20(2)/frontend/node_modules/vite/dist/node/chunks/node.js:4088:26)
      at EnvironmentPluginContainer.transform (file:///D:/program/cloud-based-banking%20(2)/frontend/node_modules/vite/dist/node/chunks/node.js:30151:51)
      at async loadAndTransform (file:///D:/program/cloud-based-banking%20(2)/frontend/node_modules/vite/dist/node/chunks/node.js:20098:26)
      at async viteTransformMiddleware (file:///D:/program/cloud-based-banking%20(2)/frontend/node_modules/vite/dist/node/chunks/node.js:24559:20)
[2m10:05:24 AM[22m [31m[1m[vite][22m[39m [31mInternal server error: Transform failed with 1 error:

[31m[PARSE_ERROR] [0mExpected `,` or `)` but found `:`
    [38;5;246m╭[0m[38;5;246m─[0m[38;5;246m[[0m src/pages/settings/UserSettings.jsx:53:30 [38;5;246m][0m
    [38;5;246m│[0m
 [38;5;246m53 │[0m [38;5;249m [0m[38;5;249m [0m[38;5;249mc[0m[38;5;249mo[0m[38;5;249mn[0m[38;5;249ms[0m[38;5;249mt[0m[38;5;249m [0m[38;5;249mt[0m[38;5;249ma[0m[38;5;249mb[0m[38;5;249mB[0m[38;5;249mu[0m[38;5;249mt[0m[38;5;249mt[0m[38;5;249mo[0m[38;5;249mn[0m[38;5;249m [0m[38;5;249m=[0m[38;5;249m [0m([38;5;249mi[0m[38;5;249md[0m[38;5;249m,[0m[38;5;249m [0m[38;5;249mi[0m[38;5;249mc[0m[38;5;249mo[0m[38;5;249mn[0m:[38;5;249m [0m[38;5;249mI[0m[38;5;249mc[0m[38;5;249mo[0m[38;5;249mn[0m[38;5;249m,[0m[38;5;249m [0m[38;5;249ml[0m[38;5;249ma[0m[38;5;249mb[0m[38;5;249me[0m[38;5;249ml[0m[38;5;249m)[0m[38;5;249m [0m[38;5;249m=[0m[38;5;249m>[0m[38;5;249m [0m[38;5;249m([0m
 [38;5;240m   │[0m                     ┬        ┬  
 [38;5;240m   │[0m                     ╰─────────── Opened here
 [38;5;240m   │[0m                              │  
 [38;5;240m   │[0m                              ╰── `,` or `)` expected
[38;5;246m────╯[0m
[39m
  Plugin: [35mvite:oxc[39m
  File: [36mD:/program/cloud-based-banking (2)/frontend/src/pages/settings/UserSettings.jsx[39m
      at transformWithOxc (file:///D:/program/cloud-based-banking%20(2)/frontend/node_modules/vite/dist/node/chunks/node.js:4017:19)
      at TransformPluginContext.transform (file:///D:/program/cloud-based-banking%20(2)/frontend/node_modules/vite/dist/node/chunks/node.js:4088:26)
      at EnvironmentPluginContainer.transform (file:///D:/program/cloud-based-banking%20(2)/frontend/node_modules/vite/dist/node/chunks/node.js:30151:51)
      at async loadAndTransform (file:///D:/program/cloud-based-banking%20(2)/frontend/node_modules/vite/dist/node/chunks/node.js:20098:26)
      at async viteTransformMiddleware (file:///D:/program/cloud-based-banking%20(2)/frontend/node_modules/vite/dist/node/chunks/node.js:24559:20)
[2m10:05:24 AM[22m [31m[1m[vite][22m[39m [31mInternal server error: Transform failed with 2 errors:

[31m[PARSE_ERROR] [0mMissing catch or finally clause
    [38;5;246m╭[0m[38;5;246m─[0m[38;5;246m[[0m src/utils/pdfExport.js:32:6 [38;5;246m][0m
    [38;5;246m│[0m
 [38;5;246m32 │[0m [38;5;249m [0m[38;5;249m [0m[38;5;249m [0m[38;5;249m [0m[38;5;249m}[0m
 [38;5;240m   │[0m      │ 
 [38;5;240m   │[0m      ╰─ 
 [38;5;240m   │[0m 
 [38;5;240m   │[0m [38;5;115mHelp[0m: Either unwrap this try block or add catch / finally clause
[38;5;246m────╯[0m

[31m[PARSE_ERROR] [0mUnexpected token
    [38;5;246m╭[0m[38;5;246m─[0m[38;5;246m[[0m src/utils/pdfExport.js:33:5 [38;5;246m][0m
    [38;5;246m│[0m
 [38;5;246m33 │[0m [38;5;249m [0m[38;5;249m [0m[38;5;249m}[0m[38;5;249m [0mcatch[38;5;249m [0m[38;5;249m{[0m
 [38;5;240m   │[0m     ──┬──  
 [38;5;240m   │[0m       ╰──── 
[38;5;246m────╯[0m
[39m
  Plugin: [35mvite:oxc[39m
  File: [36mD:/program/cloud-based-banking (2)/frontend/src/utils/pdfExport.js[39m
      at transformWithOxc (file:///D:/program/cloud-based-banking%20(2)/frontend/node_modules/vite/dist/node/chunks/node.js:4017:19)
      at TransformPluginContext.transform (file:///D:/program/cloud-based-banking%20(2)/frontend/node_modules/vite/dist/node/chunks/node.js:4088:26)
      at EnvironmentPluginContainer.transform (file:///D:/program/cloud-based-banking%20(2)/frontend/node_modules/vite/dist/node/chunks/node.js:30151:51)
      at async loadAndTransform (file:///D:/program/cloud-based-banking%20(2)/frontend/node_modules/vite/dist/node/chunks/node.js:20098:26)
      at async viteTransformMiddleware (file:///D:/program/cloud-based-banking%20(2)/frontend/node_modules/vite/dist/node/chunks/node.js:24559:20)
[2m10:05:25 AM[22m [31m[1m[vite][22m[39m [31m[2m(client)[22m[39m Pre-transform error: Transform failed with 1 error:

[31m[PARSE_ERROR] [0mExpected `,` or `)` but found `:`
    [38;5;246m╭[0m[38;5;246m─[0m[38;5;246m[[0m src/pages/settings/UserSettings.jsx:53:30 [38;5;246m][0m
    [38;5;246m│[0m
 [38;5;246m53 │[0m [38;5;249m [0m[38;5;249m [0m[38;5;249mc[0m[38;5;249mo[0m[38;5;249mn[0m[38;5;249ms[0m[38;5;249mt[0m[38;5;249m [0m[38;5;249mt[0m[38;5;249ma[0m[38;5;249mb[0m[38;5;249mB[0m[38;5;249mu[0m[38;5;249mt[0m[38;5;249mt[0m[38;5;249mo[0m[38;5;249mn[0m[38;5;249m [0m[38;5;249m=[0m[38;5;249m [0m([38;5;249mi[0m[38;5;249md[0m[38;5;249m,[0m[38;5;249m [0m[38;5;249mi[0m[38;5;249mc[0m[38;5;249mo[0m[38;5;249mn[0m:[38;5;249m [0m[38;5;249mI[0m[38;5;249mc[0m[38;5;249mo[0m[38;5;249mn[0m[38;5;249m,[0m[38;5;249m [0m[38;5;249ml[0m[38;5;249ma[0m[38;5;249mb[0m[38;5;249me[0m[38;5;249ml[0m[38;5;249m)[0m[38;5;249m [0m[38;5;249m=[0m[38;5;249m>[0m[38;5;249m [0m[38;5;249m([0m
 [38;5;240m   │[0m                     ┬        ┬  
 [38;5;240m   │[0m                     ╰─────────── Opened here
 [38;5;240m   │[0m                              │  
 [38;5;240m   │[0m                              ╰── `,` or `)` expected
[38;5;246m────╯[0m

  Plugin: [35mvite:oxc[39m
  File: [36mD:/program/cloud-based-banking (2)/frontend/src/pages/settings/UserSettings.jsx[39m
[2m10:05:25 AM[22m [31m[1m[vite][22m[39m [31mInternal server error: Transform failed with 1 error:

[31m[PARSE_ERROR] [0mExpected `,` or `)` but found `:`
    [38;5;246m╭[0m[38;5;246m─[0m[38;5;246m[[0m src/pages/settings/UserSettings.jsx:53:30 [38;5;246m][0m
    [38;5;246m│[0m
 [38;5;246m53 │[0m [38;5;249m [0m[38;5;249m [0m[38;5;249mc[0m[38;5;249mo[0m[38;5;249mn[0m[38;5;249ms[0m[38;5;249mt[0m[38;5;249m [0m[38;5;249mt[0m[38;5;249ma[0m[38;5;249mb[0m[38;5;249mB[0m[38;5;249mu[0m[38;5;249mt[0m[38;5;249mt[0m[38;5;249mo[0m[38;5;249mn[0m[38;5;249m [0m[38;5;249m=[0m[38;5;249m [0m([38;5;249mi[0m[38;5;249md[0m[38;5;249m,[0m[38;5;249m [0m[38;5;249mi[0m[38;5;249mc[0m[38;5;249mo[0m[38;5;249mn[0m:[38;5;249m [0m[38;5;249mI[0m[38;5;249mc[0m[38;5;249mo[0m[38;5;249mn[0m[38;5;249m,[0m[38;5;249m [0m[38;5;249ml[0m[38;5;249ma[0m[38;5;249mb[0m[38;5;249me[0m[38;5;249ml[0m[38;5;249m)[0m[38;5;249m [0m[38;5;249m=[0m[38;5;249m>[0m[38;5;249m [0m[38;5;249m([0m
 [38;5;240m   │[0m                     ┬        ┬  
 [38;5;240m   │[0m                     ╰─────────── Opened here
 [38;5;240m   │[0m                              │  
 [38;5;240m   │[0m                              ╰── `,` or `)` expected
[38;5;246m────╯[0m
[39m
  Plugin: [35mvite:oxc[39m
  File: [36mD:/program/cloud-based-banking (2)/frontend/src/pages/settings/UserSettings.jsx[39m
      at transformWithOxc (file:///D:/program/cloud-based-banking%20(2)/frontend/node_modules/vite/dist/node/chunks/node.js:4017:19)
      at TransformPluginContext.transform (file:///D:/program/cloud-based-banking%20(2)/frontend/node_modules/vite/dist/node/chunks/node.js:4088:26)
      at EnvironmentPluginContainer.transform (file:///D:/program/cloud-based-banking%20(2)/frontend/node_modules/vite/dist/node/chunks/node.js:30151:51)
      at async loadAndTransform (file:///D:/program/cloud-based-banking%20(2)/frontend/node_modules/vite/dist/node/chunks/node.js:20098:26)
      at async viteTransformMiddleware (file:///D:/program/cloud-based-banking%20(2)/frontend/node_modules/vite/dist/node/chunks/node.js:24559:20)
[2m10:05:25 AM[22m [31m[1m[vite][22m[39m [31mInternal server error: Transform failed with 1 error:

[31m[PARSE_ERROR] [0mExpected `,` or `)` but found `:`
    [38;5;246m╭[0m[38;5;246m─[0m[38;5;246m[[0m src/pages/settings/UserSettings.jsx:53:30 [38;5;246m][0m
    [38;5;246m│[0m
 [38;5;246m53 │[0m [38;5;249m [0m[38;5;249m [0m[38;5;249mc[0m[38;5;249mo[0m[38;5;249mn[0m[38;5;249ms[0m[38;5;249mt[0m[38;5;249m [0m[38;5;249mt[0m[38;5;249ma[0m[38;5;249mb[0m[38;5;249mB[0m[38;5;249mu[0m[38;5;249mt[0m[38;5;249mt[0m[38;5;249mo[0m[38;5;249mn[0m[38;5;249m [0m[38;5;249m=[0m[38;5;249m [0m([38;5;249mi[0m[38;5;249md[0m[38;5;249m,[0m[38;5;249m [0m[38;5;249mi[0m[38;5;249mc[0m[38;5;249mo[0m[38;5;249mn[0m:[38;5;249m [0m[38;5;249mI[0m[38;5;249mc[0m[38;5;249mo[0m[38;5;249mn[0m[38;5;249m,[0m[38;5;249m [0m[38;5;249ml[0m[38;5;249ma[0m[38;5;249mb[0m[38;5;249me[0m[38;5;249ml[0m[38;5;249m)[0m[38;5;249m [0m[38;5;249m=[0m[38;5;249m>[0m[38;5;249m [0m[38;5;249m([0m
 [38;5;240m   │[0m                     ┬        ┬  
 [38;5;240m   │[0m                     ╰─────────── Opened here
 [38;5;240m   │[0m                              │  
 [38;5;240m   │[0m                              ╰── `,` or `)` expected
[38;5;246m────╯[0m
[39m
  Plugin: [35mvite:oxc[39m
  File: [36mD:/program/cloud-based-banking (2)/frontend/src/pages/settings/UserSettings.jsx[39m
      at transformWithOxc (file:///D:/program/cloud-based-banking%20(2)/frontend/node_modules/vite/dist/node/chunks/node.js:4017:19)
      at TransformPluginContext.transform (file:///D:/program/cloud-based-banking%20(2)/frontend/node_modules/vite/dist/node/chunks/node.js:4088:26)
      at EnvironmentPluginContainer.transform (file:///D:/program/cloud-based-banking%20(2)/frontend/node_modules/vite/dist/node/chunks/node.js:30151:51)
      at async loadAndTransform (file:///D:/program/cloud-based-banking%20(2)/frontend/node_modules/vite/dist/node/chunks/node.js:20098:26)
      at async viteTransformMiddleware (file:///D:/program/cloud-based-banking%20(2)/frontend/node_modules/vite/dist/node/chunks/node.js:24559:20)
[2m10:05:25 AM[22m [31m[1m[vite][22m[39m [31mInternal server error: Transform failed with 2 errors:

[31m[PARSE_ERROR] [0mMissing catch or finally clause
    [38;5;246m╭[0m[38;5;246m─[0m[38;5;246m[[0m src/utils/pdfExport.js:32:6 [38;5;246m][0m
    [38;5;246m│[0m
 [38;5;246m32 │[0m [38;5;249m [0m[38;5;249m [0m[38;5;249m [0m[38;5;249m [0m[38;5;249m}[0m
 [38;5;240m   │[0m      │ 
 [38;5;240m   │[0m      ╰─ 
 [38;5;240m   │[0m 
 [38;5;240m   │[0m [38;5;115mHelp[0m: Either unwrap this try block or add catch / finally clause
[38;5;246m────╯[0m

[31m[PARSE_ERROR] [0mUnexpected token
    [38;5;246m╭[0m[38;5;246m─[0m[38;5;246m[[0m src/utils/pdfExport.js:33:5 [38;5;246m][0m
    [38;5;246m│[0m
 [38;5;246m33 │[0m [38;5;249m [0m[38;5;249m [0m[38;5;249m}[0m[38;5;249m [0mcatch[38;5;249m [0m[38;5;249m{[0m
 [38;5;240m   │[0m     ──┬──  
 [38;5;240m   │[0m       ╰──── 
[38;5;246m────╯[0m
[39m
  Plugin: [35mvite:oxc[39m
  File: [36mD:/program/cloud-based-banking (2)/frontend/src/utils/pdfExport.js[39m
      at transformWithOxc (file:///D:/program/cloud-based-banking%20(2)/frontend/node_modules/vite/dist/node/chunks/node.js:4017:19)
      at TransformPluginContext.transform (file:///D:/program/cloud-based-banking%20(2)/frontend/node_modules/vite/dist/node/chunks/node.js:4088:26)
      at EnvironmentPluginContainer.transform (file:///D:/program/cloud-based-banking%20(2)/frontend/node_modules/vite/dist/node/chunks/node.js:30151:51)
      at async loadAndTransform (file:///D:/program/cloud-based-banking%20(2)/frontend/node_modules/vite/dist/node/chunks/node.js:20098:26)
      at async viteTransformMiddleware (file:///D:/program/cloud-based-banking%20(2)/frontend/node_modules/vite/dist/node/chunks/node.js:24559:20)
[2m10:05:28 AM[22m [31m[1m[vite][22m[39m [31m[2m(client)[22m[39m Pre-transform error: Transform failed with 1 error:

[31m[PARSE_ERROR] [0mExpected `,` or `)` but found `:`
    [38;5;246m╭[0m[38;5;246m─[0m[38;5;246m[[0m src/pages/settings/UserSettings.jsx:53:30 [38;5;246m][0m
    [38;5;246m│[0m
 [38;5;246m53 │[0m [38;5;249m [0m[38;5;249m [0m[38;5;249mc[0m[38;5;249mo[0m[38;5;249mn[0m[38;5;249ms[0m[38;5;249mt[0m[38;5;249m [0m[38;5;249mt[0m[38;5;249ma[0m[38;5;249mb[0m[38;5;249mB[0m[38;5;249mu[0m[38;5;249mt[0m[38;5;249mt[0m[38;5;249mo[0m[38;5;249mn[0m[38;5;249m [0m[38;5;249m=[0m[38;5;249m [0m([38;5;249mi[0m[38;5;249md[0m[38;5;249m,[0m[38;5;249m [0m[38;5;249mi[0m[38;5;249mc[0m[38;5;249mo[0m[38;5;249mn[0m:[38;5;249m [0m[38;5;249mI[0m[38;5;249mc[0m[38;5;249mo[0m[38;5;249mn[0m[38;5;249m,[0m[38;5;249m [0m[38;5;249ml[0m[38;5;249ma[0m[38;5;249mb[0m[38;5;249me[0m[38;5;249ml[0m[38;5;249m)[0m[38;5;249m [0m[38;5;249m=[0m[38;5;249m>[0m[38;5;249m [0m[38;5;249m([0m
 [38;5;240m   │[0m                     ┬        ┬  
 [38;5;240m   │[0m                     ╰─────────── Opened here
 [38;5;240m   │[0m                              │  
 [38;5;240m   │[0m                              ╰── `,` or `)` expected
[38;5;246m────╯[0m

  Plugin: [35mvite:oxc[39m
  File: [36mD:/program/cloud-based-banking (2)/frontend/src/pages/settings/UserSettings.jsx[39m
[2m10:05:29 AM[22m [31m[1m[vite][22m[39m [31mInternal server error: Transform failed with 1 error:

[31m[PARSE_ERROR] [0mExpected `,` or `)` but found `:`
    [38;5;246m╭[0m[38;5;246m─[0m[38;5;246m[[0m src/pages/settings/UserSettings.jsx:53:30 [38;5;246m][0m
    [38;5;246m│[0m
 [38;5;246m53 │[0m [38;5;249m [0m[38;5;249m [0m[38;5;249mc[0m[38;5;249mo[0m[38;5;249mn[0m[38;5;249ms[0m[38;5;249mt[0m[38;5;249m [0m[38;5;249mt[0m[38;5;249ma[0m[38;5;249mb[0m[38;5;249mB[0m[38;5;249mu[0m[38;5;249mt[0m[38;5;249mt[0m[38;5;249mo[0m[38;5;249mn[0m[38;5;249m [0m[38;5;249m=[0m[38;5;249m [0m([38;5;249mi[0m[38;5;249md[0m[38;5;249m,[0m[38;5;249m [0m[38;5;249mi[0m[38;5;249mc[0m[38;5;249mo[0m[38;5;249mn[0m:[38;5;249m [0m[38;5;249mI[0m[38;5;249mc[0m[38;5;249mo[0m[38;5;249mn[0m[38;5;249m,[0m[38;5;249m [0m[38;5;249ml[0m[38;5;249ma[0m[38;5;249mb[0m[38;5;249me[0m[38;5;249ml[0m[38;5;249m)[0m[38;5;249m [0m[38;5;249m=[0m[38;5;249m>[0m[38;5;249m [0m[38;5;249m([0m
 [38;5;240m   │[0m                     ┬        ┬  
 [38;5;240m   │[0m                     ╰─────────── Opened here
 [38;5;240m   │[0m                              │  
 [38;5;240m   │[0m                              ╰── `,` or `)` expected
[38;5;246m────╯[0m
[39m
  Plugin: [35mvite:oxc[39m
  File: [36mD:/program/cloud-based-banking (2)/frontend/src/pages/settings/UserSettings.jsx[39m
      at transformWithOxc (file:///D:/program/cloud-based-banking%20(2)/frontend/node_modules/vite/dist/node/chunks/node.js:4017:19)
      at TransformPluginContext.transform (file:///D:/program/cloud-based-banking%20(2)/frontend/node_modules/vite/dist/node/chunks/node.js:4088:26)
      at EnvironmentPluginContainer.transform (file:///D:/program/cloud-based-banking%20(2)/frontend/node_modules/vite/dist/node/chunks/node.js:30151:51)
      at async loadAndTransform (file:///D:/program/cloud-based-banking%20(2)/frontend/node_modules/vite/dist/node/chunks/node.js:20098:26)
      at async viteTransformMiddleware (file:///D:/program/cloud-based-banking%20(2)/frontend/node_modules/vite/dist/node/chunks/node.js:24559:20)
[2m10:05:29 AM[22m [31m[1m[vite][22m[39m [31mInternal server error: Transform failed with 2 errors:

[31m[PARSE_ERROR] [0mMissing catch or finally clause
    [38;5;246m╭[0m[38;5;246m─[0m[38;5;246m[[0m src/utils/pdfExport.js:32:6 [38;5;246m][0m
    [38;5;246m│[0m
 [38;5;246m32 │[0m [38;5;249m [0m[38;5;249m [0m[38;5;249m [0m[38;5;249m [0m[38;5;249m}[0m
 [38;5;240m   │[0m      │ 
 [38;5;240m   │[0m      ╰─ 
 [38;5;240m   │[0m 
 [38;5;240m   │[0m [38;5;115mHelp[0m: Either unwrap this try block or add catch / finally clause
[38;5;246m────╯[0m

[31m[PARSE_ERROR] [0mUnexpected token
    [38;5;246m╭[0m[38;5;246m─[0m[38;5;246m[[0m src/utils/pdfExport.js:33:5 [38;5;246m][0m
    [38;5;246m│[0m
 [38;5;246m33 │[0m [38;5;249m [0m[38;5;249m [0m[38;5;249m}[0m[38;5;249m [0mcatch[38;5;249m [0m[38;5;249m{[0m
 [38;5;240m   │[0m     ──┬──  
 [38;5;240m   │[0m       ╰──── 
[38;5;246m────╯[0m
[39m
  Plugin: [35mvite:oxc[39m
  File: [36mD:/program/cloud-based-banking (2)/frontend/src/utils/pdfExport.js[39m
      at transformWithOxc (file:///D:/program/cloud-based-banking%20(2)/frontend/node_modules/vite/dist/node/chunks/node.js:4017:19)
      at TransformPluginContext.transform (file:///D:/program/cloud-based-banking%20(2)/frontend/node_modules/vite/dist/node/chunks/node.js:4088:26)
      at EnvironmentPluginContainer.transform (file:///D:/program/cloud-based-banking%20(2)/frontend/node_modules/vite/dist/node/chunks/node.js:30151:51)
      at async loadAndTransform (file:///D:/program/cloud-based-banking%20(2)/frontend/node_modules/vite/dist/node/chunks/node.js:20098:26)
      at async viteTransformMiddleware (file:///D:/program/cloud-based-banking%20(2)/frontend/node_modules/vite/dist/node/chunks/node.js:24559:20)
[2m10:05:29 AM[22m [31m[1m[vite][22m[39m [31mInternal server error: Transform failed with 1 error:

[31m[PARSE_ERROR] [0mExpected `,` or `)` but found `:`
    [38;5;246m╭[0m[38;5;246m─[0m[38;5;246m[[0m src/pages/settings/UserSettings.jsx:53:30 [38;5;246m][0m
    [38;5;246m│[0m
 [38;5;246m53 │[0m [38;5;249m [0m[38;5;249m [0m[38;5;249mc[0m[38;5;249mo[0m[38;5;249mn[0m[38;5;249ms[0m[38;5;249mt[0m[38;5;249m [0m[38;5;249mt[0m[38;5;249ma[0m[38;5;249mb[0m[38;5;249mB[0m[38;5;249mu[0m[38;5;249mt[0m[38;5;249mt[0m[38;5;249mo[0m[38;5;249mn[0m[38;5;249m [0m[38;5;249m=[0m[38;5;249m [0m([38;5;249mi[0m[38;5;249md[0m[38;5;249m,[0m[38;5;249m [0m[38;5;249mi[0m[38;5;249mc[0m[38;5;249mo[0m[38;5;249mn[0m:[38;5;249m [0m[38;5;249mI[0m[38;5;249mc[0m[38;5;249mo[0m[38;5;249mn[0m[38;5;249m,[0m[38;5;249m [0m[38;5;249ml[0m[38;5;249ma[0m[38;5;249mb[0m[38;5;249me[0m[38;5;249ml[0m[38;5;249m)[0m[38;5;249m [0m[38;5;249m=[0m[38;5;249m>[0m[38;5;249m [0m[38;5;249m([0m
 [38;5;240m   │[0m                     ┬        ┬  
 [38;5;240m   │[0m                     ╰─────────── Opened here
 [38;5;240m   │[0m                              │  
 [38;5;240m   │[0m                              ╰── `,` or `)` expected
[38;5;246m────╯[0m
[39m
  Plugin: [35mvite:oxc[39m
  File: [36mD:/program/cloud-based-banking (2)/frontend/src/pages/settings/UserSettings.jsx[39m
      at transformWithOxc (file:///D:/program/cloud-based-banking%20(2)/frontend/node_modules/vite/dist/node/chunks/node.js:4017:19)
      at TransformPluginContext.transform (file:///D:/program/cloud-based-banking%20(2)/frontend/node_modules/vite/dist/node/chunks/node.js:4088:26)
      at EnvironmentPluginContainer.transform (file:///D:/program/cloud-based-banking%20(2)/frontend/node_modules/vite/dist/node/chunks/node.js:30151:51)
      at async loadAndTransform (file:///D:/program/cloud-based-banking%20(2)/frontend/node_modules/vite/dist/node/chunks/node.js:20098:26)
      at async viteTransformMiddleware (file:///D:/program/cloud-based-banking%20(2)/frontend/node_modules/vite/dist/node/chunks/node.js:24559:20)
[2m10:05:29 AM[22m [31m[1m[vite][22m[39m [31mInternal server error: Transform failed with 2 errors:

[31m[PARSE_ERROR] [0mMissing catch or finally clause
    [38;5;246m╭[0m[38;5;246m─[0m[38;5;246m[[0m src/utils/pdfExport.js:32:6 [38;5;246m][0m
    [38;5;246m│[0m
 [38;5;246m32 │[0m [38;5;249m [0m[38;5;249m [0m[38;5;249m [0m[38;5;249m [0m[38;5;249m}[0m
 [38;5;240m   │[0m      │ 
 [38;5;240m   │[0m      ╰─ 
 [38;5;240m   │[0m 
 [38;5;240m   │[0m [38;5;115mHelp[0m: Either unwrap this try block or add catch / finally clause
[38;5;246m────╯[0m

[31m[PARSE_ERROR] [0mUnexpected token
    [38;5;246m╭[0m[38;5;246m─[0m[38;5;246m[[0m src/utils/pdfExport.js:33:5 [38;5;246m][0m
    [38;5;246m│[0m
 [38;5;246m33 │[0m [38;5;249m [0m[38;5;249m [0m[38;5;249m}[0m[38;5;249m [0mcatch[38;5;249m [0m[38;5;249m{[0m
 [38;5;240m   │[0m     ──┬──  
 [38;5;240m   │[0m       ╰──── 
[38;5;246m────╯[0m
[39m
  Plugin: [35mvite:oxc[39m
  File: [36mD:/program/cloud-based-banking (2)/frontend/src/utils/pdfExport.js[39m
      at transformWithOxc (file:///D:/program/cloud-based-banking%20(2)/frontend/node_modules/vite/dist/node/chunks/node.js:4017:19)
      at TransformPluginContext.transform (file:///D:/program/cloud-based-banking%20(2)/frontend/node_modules/vite/dist/node/chunks/node.js:4088:26)
      at EnvironmentPluginContainer.transform (file:///D:/program/cloud-based-banking%20(2)/frontend/node_modules/vite/dist/node/chunks/node.js:30151:51)
      at async loadAndTransform (file:///D:/program/cloud-based-banking%20(2)/frontend/node_modules/vite/dist/node/chunks/node.js:20098:26)
      at async viteTransformMiddleware (file:///D:/program/cloud-based-banking%20(2)/frontend/node_modules/vite/dist/node/chunks/node.js:24559:20)
[2m10:05:30 AM[22m [31m[1m[vite][22m[39m [31m[2m(client)[22m[39m Pre-transform error: Transform failed with 1 error:

[31m[PARSE_ERROR] [0mExpected `,` or `)` but found `:`
    [38;5;246m╭[0m[38;5;246m─[0m[38;5;246m[[0m src/pages/settings/UserSettings.jsx:53:30 [38;5;246m][0m
    [38;5;246m│[0m
 [38;5;246m53 │[0m [38;5;249m [0m[38;5;249m [0m[38;5;249mc[0m[38;5;249mo[0m[38;5;249mn[0m[38;5;249ms[0m[38;5;249mt[0m[38;5;249m [0m[38;5;249mt[0m[38;5;249ma[0m[38;5;249mb[0m[38;5;249mB[0m[38;5;249mu[0m[38;5;249mt[0m[38;5;249mt[0m[38;5;249mo[0m[38;5;249mn[0m[38;5;249m [0m[38;5;249m=[0m[38;5;249m [0m([38;5;249mi[0m[38;5;249md[0m[38;5;249m,[0m[38;5;249m [0m[38;5;249mi[0m[38;5;249mc[0m[38;5;249mo[0m[38;5;249mn[0m:[38;5;249m [0m[38;5;249mI[0m[38;5;249mc[0m[38;5;249mo[0m[38;5;249mn[0m[38;5;249m,[0m[38;5;249m [0m[38;5;249ml[0m[38;5;249ma[0m[38;5;249mb[0m[38;5;249me[0m[38;5;249ml[0m[38;5;249m)[0m[38;5;249m [0m[38;5;249m=[0m[38;5;249m>[0m[38;5;249m [0m[38;5;249m([0m
 [38;5;240m   │[0m                     ┬        ┬  
 [38;5;240m   │[0m                     ╰─────────── Opened here
 [38;5;240m   │[0m                              │  
 [38;5;240m   │[0m                              ╰── `,` or `)` expected
[38;5;246m────╯[0m

  Plugin: [35mvite:oxc[39m
  File: [36mD:/program/cloud-based-banking (2)/frontend/src/pages/settings/UserSettings.jsx[39m
[2m10:05:31 AM[22m [31m[1m[vite][22m[39m [31mInternal server error: Transform failed with 1 error:

[31m[PARSE_ERROR] [0mExpected `,` or `)` but found `:`
    [38;5;246m╭[0m[38;5;246m─[0m[38;5;246m[[0m src/pages/settings/UserSettings.jsx:53:30 [38;5;246m][0m
    [38;5;246m│[0m
 [38;5;246m53 │[0m [38;5;249m [0m[38;5;249m [0m[38;5;249mc[0m[38;5;249mo[0m[38;5;249mn[0m[38;5;249ms[0m[38;5;249mt[0m[38;5;249m [0m[38;5;249mt[0m[38;5;249ma[0m[38;5;249mb[0m[38;5;249mB[0m[38;5;249mu[0m[38;5;249mt[0m[38;5;249mt[0m[38;5;249mo[0m[38;5;249mn[0m[38;5;249m [0m[38;5;249m=[0m[38;5;249m [0m([38;5;249mi[0m[38;5;249md[0m[38;5;249m,[0m[38;5;249m [0m[38;5;249mi[0m[38;5;249mc[0m[38;5;249mo[0m[38;5;249mn[0m:[38;5;249m [0m[38;5;249mI[0m[38;5;249mc[0m[38;5;249mo[0m[38;5;249mn[0m[38;5;249m,[0m[38;5;249m [0m[38;5;249ml[0m[38;5;249ma[0m[38;5;249mb[0m[38;5;249me[0m[38;5;249ml[0m[38;5;249m)[0m[38;5;249m [0m[38;5;249m=[0m[38;5;249m>[0m[38;5;249m [0m[38;5;249m([0m
 [38;5;240m   │[0m                     ┬        ┬  
 [38;5;240m   │[0m                     ╰─────────── Opened here
 [38;5;240m   │[0m                              │  
 [38;5;240m   │[0m                              ╰── `,` or `)` expected
[38;5;246m────╯[0m
[39m
  Plugin: [35mvite:oxc[39m
  File: [36mD:/program/cloud-based-banking (2)/frontend/src/pages/settings/UserSettings.jsx[39m
      at transformWithOxc (file:///D:/program/cloud-based-banking%20(2)/frontend/node_modules/vite/dist/node/chunks/node.js:4017:19)
      at TransformPluginContext.transform (file:///D:/program/cloud-based-banking%20(2)/frontend/node_modules/vite/dist/node/chunks/node.js:4088:26)
      at EnvironmentPluginContainer.transform (file:///D:/program/cloud-based-banking%20(2)/frontend/node_modules/vite/dist/node/chunks/node.js:30151:51)
      at async loadAndTransform (file:///D:/program/cloud-based-banking%20(2)/frontend/node_modules/vite/dist/node/chunks/node.js:20098:26)
      at async viteTransformMiddleware (file:///D:/program/cloud-based-banking%20(2)/frontend/node_modules/vite/dist/node/chunks/node.js:24559:20)
[2m10:05:31 AM[22m [31m[1m[vite][22m[39m [31mInternal server error: Transform failed with 1 error:

[31m[PARSE_ERROR] [0mExpected `,` or `)` but found `:`
    [38;5;246m╭[0m[38;5;246m─[0m[38;5;246m[[0m src/pages/settings/UserSettings.jsx:53:30 [38;5;246m][0m
    [38;5;246m│[0m
 [38;5;246m53 │[0m [38;5;249m [0m[38;5;249m [0m[38;5;249mc[0m[38;5;249mo[0m[38;5;249mn[0m[38;5;249ms[0m[38;5;249mt[0m[38;5;249m [0m[38;5;249mt[0m[38;5;249ma[0m[38;5;249mb[0m[38;5;249mB[0m[38;5;249mu[0m[38;5;249mt[0m[38;5;249mt[0m[38;5;249mo[0m[38;5;249mn[0m[38;5;249m [0m[38;5;249m=[0m[38;5;249m [0m([38;5;249mi[0m[38;5;249md[0m[38;5;249m,[0m[38;5;249m [0m[38;5;249mi[0m[38;5;249mc[0m[38;5;249mo[0m[38;5;249mn[0m:[38;5;249m [0m[38;5;249mI[0m[38;5;249mc[0m[38;5;249mo[0m[38;5;249mn[0m[38;5;249m,[0m[38;5;249m [0m[38;5;249ml[0m[38;5;249ma[0m[38;5;249mb[0m[38;5;249me[0m[38;5;249ml[0m[38;5;249m)[0m[38;5;249m [0m[38;5;249m=[0m[38;5;249m>[0m[38;5;249m [0m[38;5;249m([0m
 [38;5;240m   │[0m                     ┬        ┬  
 [38;5;240m   │[0m                     ╰─────────── Opened here
 [38;5;240m   │[0m                              │  
 [38;5;240m   │[0m                              ╰── `,` or `)` expected
[38;5;246m────╯[0m
[39m
  Plugin: [35mvite:oxc[39m
  File: [36mD:/program/cloud-based-banking (2)/frontend/src/pages/settings/UserSettings.jsx[39m
      at transformWithOxc (file:///D:/program/cloud-based-banking%20(2)/frontend/node_modules/vite/dist/node/chunks/node.js:4017:19)
      at TransformPluginContext.transform (file:///D:/program/cloud-based-banking%20(2)/frontend/node_modules/vite/dist/node/chunks/node.js:4088:26)
      at EnvironmentPluginContainer.transform (file:///D:/program/cloud-based-banking%20(2)/frontend/node_modules/vite/dist/node/chunks/node.js:30151:51)
      at async loadAndTransform (file:///D:/program/cloud-based-banking%20(2)/frontend/node_modules/vite/dist/node/chunks/node.js:20098:26)
      at async viteTransformMiddleware (file:///D:/program/cloud-based-banking%20(2)/frontend/node_modules/vite/dist/node/chunks/node.js:24559:20)
[2m10:05:31 AM[22m [31m[1m[vite][22m[39m [31mInternal server error: Transform failed with 2 errors:

[31m[PARSE_ERROR] [0mMissing catch or finally clause
    [38;5;246m╭[0m[38;5;246m─[0m[38;5;246m[[0m src/utils/pdfExport.js:32:6 [38;5;246m][0m
    [38;5;246m│[0m
 [38;5;246m32 │[0m [38;5;249m [0m[38;5;249m [0m[38;5;249m [0m[38;5;249m [0m[38;5;249m}[0m
 [38;5;240m   │[0m      │ 
 [38;5;240m   │[0m      ╰─ 
 [38;5;240m   │[0m 
 [38;5;240m   │[0m [38;5;115mHelp[0m: Either unwrap this try block or add catch / finally clause
[38;5;246m────╯[0m

[31m[PARSE_ERROR] [0mUnexpected token
    [38;5;246m╭[0m[38;5;246m─[0m[38;5;246m[[0m src/utils/pdfExport.js:33:5 [38;5;246m][0m
    [38;5;246m│[0m
 [38;5;246m33 │[0m [38;5;249m [0m[38;5;249m [0m[38;5;249m}[0m[38;5;249m [0mcatch[38;5;249m [0m[38;5;249m{[0m
 [38;5;240m   │[0m     ──┬──  
 [38;5;240m   │[0m       ╰──── 
[38;5;246m────╯[0m
[39m
  Plugin: [35mvite:oxc[39m
  File: [36mD:/program/cloud-based-banking (2)/frontend/src/utils/pdfExport.js[39m
      at transformWithOxc (file:///D:/program/cloud-based-banking%20(2)/frontend/node_modules/vite/dist/node/chunks/node.js:4017:19)
      at TransformPluginContext.transform (file:///D:/program/cloud-based-banking%20(2)/frontend/node_modules/vite/dist/node/chunks/node.js:4088:26)
      at EnvironmentPluginContainer.transform (file:///D:/program/cloud-based-banking%20(2)/frontend/node_modules/vite/dist/node/chunks/node.js:30151:51)
      at async loadAndTransform (file:///D:/program/cloud-based-banking%20(2)/frontend/node_modules/vite/dist/node/chunks/node.js:20098:26)
      at async viteTransformMiddleware (file:///D:/program/cloud-based-banking%20(2)/frontend/node_modules/vite/dist/node/chunks/node.js:24559:20)
[2m10:05:35 AM[22m [31m[1m[vite][22m[39m [31m[2m(client)[22m[39m Pre-transform error: Transform failed with 1 error:

[31m[PARSE_ERROR] [0mExpected `,` or `)` but found `:`
    [38;5;246m╭[0m[38;5;246m─[0m[38;5;246m[[0m src/pages/settings/UserSettings.jsx:53:30 [38;5;246m][0m
    [38;5;246m│[0m
 [38;5;246m53 │[0m [38;5;249m [0m[38;5;249m [0m[38;5;249mc[0m[38;5;249mo[0m[38;5;249mn[0m[38;5;249ms[0m[38;5;249mt[0m[38;5;249m [0m[38;5;249mt[0m[38;5;249ma[0m[38;5;249mb[0m[38;5;249mB[0m[38;5;249mu[0m[38;5;249mt[0m[38;5;249mt[0m[38;5;249mo[0m[38;5;249mn[0m[38;5;249m [0m[38;5;249m=[0m[38;5;249m [0m([38;5;249mi[0m[38;5;249md[0m[38;5;249m,[0m[38;5;249m [0m[38;5;249mi[0m[38;5;249mc[0m[38;5;249mo[0m[38;5;249mn[0m:[38;5;249m [0m[38;5;249mI[0m[38;5;249mc[0m[38;5;249mo[0m[38;5;249mn[0m[38;5;249m,[0m[38;5;249m [0m[38;5;249ml[0m[38;5;249ma[0m[38;5;249mb[0m[38;5;249me[0m[38;5;249ml[0m[38;5;249m)[0m[38;5;249m [0m[38;5;249m=[0m[38;5;249m>[0m[38;5;249m [0m[38;5;249m([0m
 [38;5;240m   │[0m                     ┬        ┬  
 [38;5;240m   │[0m                     ╰─────────── Opened here
 [38;5;240m   │[0m                              │  
 [38;5;240m   │[0m                              ╰── `,` or `)` expected
[38;5;246m────╯[0m

  Plugin: [35mvite:oxc[39m
  File: [36mD:/program/cloud-based-banking (2)/frontend/src/pages/settings/UserSettings.jsx[39m
[2m10:05:35 AM[22m [31m[1m[vite][22m[39m [31m[2m(client)[22m[39m Pre-transform error: Transform failed with 1 error:

[31m[PARSE_ERROR] [0mExpected `,` or `)` but found `:`
    [38;5;246m╭[0m[38;5;246m─[0m[38;5;246m[[0m src/pages/settings/UserSettings.jsx:53:30 [38;5;246m][0m
    [38;5;246m│[0m
 [38;5;246m53 │[0m [38;5;249m [0m[38;5;249m [0m[38;5;249mc[0m[38;5;249mo[0m[38;5;249mn[0m[38;5;249ms[0m[38;5;249mt[0m[38;5;249m [0m[38;5;249mt[0m[38;5;249ma[0m[38;5;249mb[0m[38;5;249mB[0m[38;5;249mu[0m[38;5;249mt[0m[38;5;249mt[0m[38;5;249mo[0m[38;5;249mn[0m[38;5;249m [0m[38;5;249m=[0m[38;5;249m [0m([38;5;249mi[0m[38;5;249md[0m[38;5;249m,[0m[38;5;249m [0m[38;5;249mi[0m[38;5;249mc[0m[38;5;249mo[0m[38;5;249mn[0m:[38;5;249m [0m[38;5;249mI[0m[38;5;249mc[0m[38;5;249mo[0m[38;5;249mn[0m[38;5;249m,[0m[38;5;249m [0m[38;5;249ml[0m[38;5;249ma[0m[38;5;249mb[0m[38;5;249me[0m[38;5;249ml[0m[38;5;249m)[0m[38;5;249m [0m[38;5;249m=[0m[38;5;249m>[0m[38;5;249m [0m[38;5;249m([0m
 [38;5;240m   │[0m                     ┬        ┬  
 [38;5;240m   │[0m                     ╰─────────── Opened here
 [38;5;240m   │[0m                              │  
 [38;5;240m   │[0m                              ╰── `,` or `)` expected
[38;5;246m────╯[0m

  Plugin: [35mvite:oxc[39m
  File: [36mD:/program/cloud-based-banking (2)/frontend/src/pages/settings/UserSettings.jsx[39m
[2m10:05:35 AM[22m [31m[1m[vite][22m[39m [31m[2m(client)[22m[39m Pre-transform error: Transform failed with 2 errors:

[31m[PARSE_ERROR] [0mMissing catch or finally clause
    [38;5;246m╭[0m[38;5;246m─[0m[38;5;246m[[0m src/utils/pdfExport.js:32:6 [38;5;246m][0m
    [38;5;246m│[0m
 [38;5;246m32 │[0m [38;5;249m [0m[38;5;249m [0m[38;5;249m [0m[38;5;249m [0m[38;5;249m}[0m
 [38;5;240m   │[0m      │ 
 [38;5;240m   │[0m      ╰─ 
 [38;5;240m   │[0m 
 [38;5;240m   │[0m [38;5;115mHelp[0m: Either unwrap this try block or add catch / finally clause
[38;5;246m────╯[0m

[31m[PARSE_ERROR] [0mUnexpected token
    [38;5;246m╭[0m[38;5;246m─[0m[38;5;246m[[0m src/utils/pdfExport.js:33:5 [38;5;246m][0m
    [38;5;246m│[0m
 [38;5;246m33 │[0m [38;5;249m [0m[38;5;249m [0m[38;5;249m}[0m[38;5;249m [0mcatch[38;5;249m [0m[38;5;249m{[0m
 [38;5;240m   │[0m     ──┬──  
 [38;5;240m   │[0m       ╰──── 
[38;5;246m────╯[0m

  Plugin: [35mvite:oxc[39m
  File: [36mD:/program/cloud-based-banking (2)/frontend/src/utils/pdfExport.js[39m
[2m10:05:35 AM[22m [31m[1m[vite][22m[39m [31m[2m(client)[22m[39m Pre-transform error: Transform failed with 2 errors:

[31m[PARSE_ERROR] [0mMissing catch or finally clause
    [38;5;246m╭[0m[38;5;246m─[0m[38;5;246m[[0m src/utils/pdfExport.js:32:6 [38;5;246m][0m
    [38;5;246m│[0m
 [38;5;246m32 │[0m [38;5;249m [0m[38;5;249m [0m[38;5;249m [0m[38;5;249m [0m[38;5;249m}[0m
 [38;5;240m   │[0m      │ 
 [38;5;240m   │[0m      ╰─ 
 [38;5;240m   │[0m 
 [38;5;240m   │[0m [38;5;115mHelp[0m: Either unwrap this try block or add catch / finally clause
[38;5;246m────╯[0m

[31m[PARSE_ERROR] [0mUnexpected token
    [38;5;246m╭[0m[38;5;246m─[0m[38;5;246m[[0m src/utils/pdfExport.js:33:5 [38;5;246m][0m
    [38;5;246m│[0m
 [38;5;246m33 │[0m [38;5;249m [0m[38;5;249m [0m[38;5;249m}[0m[38;5;249m [0mcatch[38;5;249m [0m[38;5;249m{[0m
 [38;5;240m   │[0m     ──┬──  
 [38;5;240m   │[0m       ╰──── 
[38;5;246m────╯[0m

  Plugin: [35mvite:oxc[39m
  File: [36mD:/program/cloud-based-banking (2)/frontend/src/utils/pdfExport.js[39m
[2m10:05:35 AM[22m [31m[1m[vite][22m[39m [31mInternal server error: Transform failed with 1 error:

[31m[PARSE_ERROR] [0mExpected `,` or `)` but found `:`
    [38;5;246m╭[0m[38;5;246m─[0m[38;5;246m[[0m src/pages/settings/UserSettings.jsx:53:30 [38;5;246m][0m
    [38;5;246m│[0m
 [38;5;246m53 │[0m [38;5;249m [0m[38;5;249m [0m[38;5;249mc[0m[38;5;249mo[0m[38;5;249mn[0m[38;5;249ms[0m[38;5;249mt[0m[38;5;249m [0m[38;5;249mt[0m[38;5;249ma[0m[38;5;249mb[0m[38;5;249mB[0m[38;5;249mu[0m[38;5;249mt[0m[38;5;249mt[0m[38;5;249mo[0m[38;5;249mn[0m[38;5;249m [0m[38;5;249m=[0m[38;5;249m [0m([38;5;249mi[0m[38;5;249md[0m[38;5;249m,[0m[38;5;249m [0m[38;5;249mi[0m[38;5;249mc[0m[38;5;249mo[0m[38;5;249mn[0m:[38;5;249m [0m[38;5;249mI[0m[38;5;249mc[0m[38;5;249mo[0m[38;5;249mn[0m[38;5;249m,[0m[38;5;249m [0m[38;5;249ml[0m[38;5;249ma[0m[38;5;249mb[0m[38;5;249me[0m[38;5;249ml[0m[38;5;249m)[0m[38;5;249m [0m[38;5;249m=[0m[38;5;249m>[0m[38;5;249m [0m[38;5;249m([0m
 [38;5;240m   │[0m                     ┬        ┬  
 [38;5;240m   │[0m                     ╰─────────── Opened here
 [38;5;240m   │[0m                              │  
 [38;5;240m   │[0m                              ╰── `,` or `)` expected
[38;5;246m────╯[0m
[39m
  Plugin: [35mvite:oxc[39m
  File: [36mD:/program/cloud-based-banking (2)/frontend/src/pages/settings/UserSettings.jsx[39m
      at transformWithOxc (file:///D:/program/cloud-based-banking%20(2)/frontend/node_modules/vite/dist/node/chunks/node.js:4017:19)
      at TransformPluginContext.transform (file:///D:/program/cloud-based-banking%20(2)/frontend/node_modules/vite/dist/node/chunks/node.js:4088:26)
      at EnvironmentPluginContainer.transform (file:///D:/program/cloud-based-banking%20(2)/frontend/node_modules/vite/dist/node/chunks/node.js:30151:51)
      at async loadAndTransform (file:///D:/program/cloud-based-banking%20(2)/frontend/node_modules/vite/dist/node/chunks/node.js:20098:26)
      at async viteTransformMiddleware (file:///D:/program/cloud-based-banking%20(2)/frontend/node_modules/vite/dist/node/chunks/node.js:24559:20)
[2m10:05:35 AM[22m [31m[1m[vite][22m[39m [31mInternal server error: Transform failed with 1 error:

[31m[PARSE_ERROR] [0mExpected `,` or `)` but found `:`
    [38;5;246m╭[0m[38;5;246m─[0m[38;5;246m[[0m src/pages/settings/UserSettings.jsx:53:30 [38;5;246m][0m
    [38;5;246m│[0m
 [38;5;246m53 │[0m [38;5;249m [0m[38;5;249m [0m[38;5;249mc[0m[38;5;249mo[0m[38;5;249mn[0m[38;5;249ms[0m[38;5;249mt[0m[38;5;249m [0m[38;5;249mt[0m[38;5;249ma[0m[38;5;249mb[0m[38;5;249mB[0m[38;5;249mu[0m[38;5;249mt[0m[38;5;249mt[0m[38;5;249mo[0m[38;5;249mn[0m[38;5;249m [0m[38;5;249m=[0m[38;5;249m [0m([38;5;249mi[0m[38;5;249md[0m[38;5;249m,[0m[38;5;249m [0m[38;5;249mi[0m[38;5;249mc[0m[38;5;249mo[0m[38;5;249mn[0m:[38;5;249m [0m[38;5;249mI[0m[38;5;249mc[0m[38;5;249mo[0m[38;5;249mn[0m[38;5;249m,[0m[38;5;249m [0m[38;5;249ml[0m[38;5;249ma[0m[38;5;249mb[0m[38;5;249me[0m[38;5;249ml[0m[38;5;249m)[0m[38;5;249m [0m[38;5;249m=[0m[38;5;249m>[0m[38;5;249m [0m[38;5;249m([0m
 [38;5;240m   │[0m                     ┬        ┬  
 [38;5;240m   │[0m                     ╰─────────── Opened here
 [38;5;240m   │[0m                              │  
 [38;5;240m   │[0m                              ╰── `,` or `)` expected
[38;5;246m────╯[0m
[39m
  Plugin: [35mvite:oxc[39m
  File: [36mD:/program/cloud-based-banking (2)/frontend/src/pages/settings/UserSettings.jsx[39m
      at transformWithOxc (file:///D:/program/cloud-based-banking%20(2)/frontend/node_modules/vite/dist/node/chunks/node.js:4017:19)
      at TransformPluginContext.transform (file:///D:/program/cloud-based-banking%20(2)/frontend/node_modules/vite/dist/node/chunks/node.js:4088:26)
      at EnvironmentPluginContainer.transform (file:///D:/program/cloud-based-banking%20(2)/frontend/node_modules/vite/dist/node/chunks/node.js:30151:51)
      at async loadAndTransform (file:///D:/program/cloud-based-banking%20(2)/frontend/node_modules/vite/dist/node/chunks/node.js:20098:26)
      at async viteTransformMiddleware (file:///D:/program/cloud-based-banking%20(2)/frontend/node_modules/vite/dist/node/chunks/node.js:24559:20)
[2m10:05:36 AM[22m [31m[1m[vite][22m[39m [31mInternal server error: Transform failed with 2 errors:

[31m[PARSE_ERROR] [0mMissing catch or finally clause
    [38;5;246m╭[0m[38;5;246m─[0m[38;5;246m[[0m src/utils/pdfExport.js:32:6 [38;5;246m][0m
    [38;5;246m│[0m
 [38;5;246m32 │[0m [38;5;249m [0m[38;5;249m [0m[38;5;249m [0m[38;5;249m [0m[38;5;249m}[0m
 [38;5;240m   │[0m      │ 
 [38;5;240m   │[0m      ╰─ 
 [38;5;240m   │[0m 
 [38;5;240m   │[0m [38;5;115mHelp[0m: Either unwrap this try block or add catch / finally clause
[38;5;246m────╯[0m

[31m[PARSE_ERROR] [0mUnexpected token
    [38;5;246m╭[0m[38;5;246m─[0m[38;5;246m[[0m src/utils/pdfExport.js:33:5 [38;5;246m][0m
    [38;5;246m│[0m
 [38;5;246m33 │[0m [38;5;249m [0m[38;5;249m [0m[38;5;249m}[0m[38;5;249m [0mcatch[38;5;249m [0m[38;5;249m{[0m
 [38;5;240m   │[0m     ──┬──  
 [38;5;240m   │[0m       ╰──── 
[38;5;246m────╯[0m
[39m
  Plugin: [35mvite:oxc[39m
  File: [36mD:/program/cloud-based-banking (2)/frontend/src/utils/pdfExport.js[39m
      at transformWithOxc (file:///D:/program/cloud-based-banking%20(2)/frontend/node_modules/vite/dist/node/chunks/node.js:4017:19)
      at TransformPluginContext.transform (file:///D:/program/cloud-based-banking%20(2)/frontend/node_modules/vite/dist/node/chunks/node.js:4088:26)
      at EnvironmentPluginContainer.transform (file:///D:/program/cloud-based-banking%20(2)/frontend/node_modules/vite/dist/node/chunks/node.js:30151:51)
      at async loadAndTransform (file:///D:/program/cloud-based-banking%20(2)/frontend/node_modules/vite/dist/node/chunks/node.js:20098:26)
      at async viteTransformMiddleware (file:///D:/program/cloud-based-banking%20(2)/frontend/node_modules/vite/dist/node/chunks/node.js:24559:20)
[2m10:05:36 AM[22m [31m[1m[vite][22m[39m [31mInternal server error: Transform failed with 2 errors:

[31m[PARSE_ERROR] [0mMissing catch or finally clause
    [38;5;246m╭[0m[38;5;246m─[0m[38;5;246m[[0m src/utils/pdfExport.js:32:6 [38;5;246m][0m
    [38;5;246m│[0m
 [38;5;246m32 │[0m [38;5;249m [0m[38;5;249m [0m[38;5;249m [0m[38;5;249m [0m[38;5;249m}[0m
 [38;5;240m   │[0m      │ 
 [38;5;240m   │[0m      ╰─ 
 [38;5;240m   │[0m 
 [38;5;240m   │[0m [38;5;115mHelp[0m: Either unwrap this try block or add catch / finally clause
[38;5;246m────╯[0m

[31m[PARSE_ERROR] [0mUnexpected token
    [38;5;246m╭[0m[38;5;246m─[0m[38;5;246m[[0m src/utils/pdfExport.js:33:5 [38;5;246m][0m
    [38;5;246m│[0m
 [38;5;246m33 │[0m [38;5;249m [0m[38;5;249m [0m[38;5;249m}[0m[38;5;249m [0mcatch[38;5;249m [0m[38;5;249m{[0m
 [38;5;240m   │[0m     ──┬──  
 [38;5;240m   │[0m       ╰──── 
[38;5;246m────╯[0m
[39m
  Plugin: [35mvite:oxc[39m
  File: [36mD:/program/cloud-based-banking (2)/frontend/src/utils/pdfExport.js[39m
      at transformWithOxc (file:///D:/program/cloud-based-banking%20(2)/frontend/node_modules/vite/dist/node/chunks/node.js:4017:19)
      at TransformPluginContext.transform (file:///D:/program/cloud-based-banking%20(2)/frontend/node_modules/vite/dist/node/chunks/node.js:4088:26)
      at EnvironmentPluginContainer.transform (file:///D:/program/cloud-based-banking%20(2)/frontend/node_modules/vite/dist/node/chunks/node.js:30151:51)
      at async loadAndTransform (file:///D:/program/cloud-based-banking%20(2)/frontend/node_modules/vite/dist/node/chunks/node.js:20098:26)
      at async viteTransformMiddleware (file:///D:/program/cloud-based-banking%20(2)/frontend/node_modules/vite/dist/node/chunks/node.js:24559:20)
[2m10:05:38 AM[22m [31m[1m[vite][22m[39m [31m[2m(client)[22m[39m Pre-transform error: Transform failed with 1 error:

[31m[PARSE_ERROR] [0mExpected `,` or `)` but found `:`
    [38;5;246m╭[0m[38;5;246m─[0m[38;5;246m[[0m src/pages/settings/UserSettings.jsx:53:30 [38;5;246m][0m
    [38;5;246m│[0m
 [38;5;246m53 │[0m [38;5;249m [0m[38;5;249m [0m[38;5;249mc[0m[38;5;249mo[0m[38;5;249mn[0m[38;5;249ms[0m[38;5;249mt[0m[38;5;249m [0m[38;5;249mt[0m[38;5;249ma[0m[38;5;249mb[0m[38;5;249mB[0m[38;5;249mu[0m[38;5;249mt[0m[38;5;249mt[0m[38;5;249mo[0m[38;5;249mn[0m[38;5;249m [0m[38;5;249m=[0m[38;5;249m [0m([38;5;249mi[0m[38;5;249md[0m[38;5;249m,[0m[38;5;249m [0m[38;5;249mi[0m[38;5;249mc[0m[38;5;249mo[0m[38;5;249mn[0m:[38;5;249m [0m[38;5;249mI[0m[38;5;249mc[0m[38;5;249mo[0m[38;5;249mn[0m[38;5;249m,[0m[38;5;249m [0m[38;5;249ml[0m[38;5;249ma[0m[38;5;249mb[0m[38;5;249me[0m[38;5;249ml[0m[38;5;249m)[0m[38;5;249m [0m[38;5;249m=[0m[38;5;249m>[0m[38;5;249m [0m[38;5;249m([0m
 [38;5;240m   │[0m                     ┬        ┬  
 [38;5;240m   │[0m                     ╰─────────── Opened here
 [38;5;240m   │[0m                              │  
 [38;5;240m   │[0m                              ╰── `,` or `)` expected
[38;5;246m────╯[0m

  Plugin: [35mvite:oxc[39m
  File: [36mD:/program/cloud-based-banking (2)/frontend/src/pages/settings/UserSettings.jsx[39m
[2m10:05:39 AM[22m [31m[1m[vite][22m[39m [31mInternal server error: Transform failed with 1 error:

[31m[PARSE_ERROR] [0mExpected `,` or `)` but found `:`
    [38;5;246m╭[0m[38;5;246m─[0m[38;5;246m[[0m src/pages/settings/UserSettings.jsx:53:30 [38;5;246m][0m
    [38;5;246m│[0m
 [38;5;246m53 │[0m [38;5;249m [0m[38;5;249m [0m[38;5;249mc[0m[38;5;249mo[0m[38;5;249mn[0m[38;5;249ms[0m[38;5;249mt[0m[38;5;249m [0m[38;5;249mt[0m[38;5;249ma[0m[38;5;249mb[0m[38;5;249mB[0m[38;5;249mu[0m[38;5;249mt[0m[38;5;249mt[0m[38;5;249mo[0m[38;5;249mn[0m[38;5;249m [0m[38;5;249m=[0m[38;5;249m [0m([38;5;249mi[0m[38;5;249md[0m[38;5;249m,[0m[38;5;249m [0m[38;5;249mi[0m[38;5;249mc[0m[38;5;249mo[0m[38;5;249mn[0m:[38;5;249m [0m[38;5;249mI[0m[38;5;249mc[0m[38;5;249mo[0m[38;5;249mn[0m[38;5;249m,[0m[38;5;249m [0m[38;5;249ml[0m[38;5;249ma[0m[38;5;249mb[0m[38;5;249me[0m[38;5;249ml[0m[38;5;249m)[0m[38;5;249m [0m[38;5;249m=[0m[38;5;249m>[0m[38;5;249m [0m[38;5;249m([0m
 [38;5;240m   │[0m                     ┬        ┬  
 [38;5;240m   │[0m                     ╰─────────── Opened here
 [38;5;240m   │[0m                              │  
 [38;5;240m   │[0m                              ╰── `,` or `)` expected
[38;5;246m────╯[0m
[39m
  Plugin: [35mvite:oxc[39m
  File: [36mD:/program/cloud-based-banking (2)/frontend/src/pages/settings/UserSettings.jsx[39m
      at transformWithOxc (file:///D:/program/cloud-based-banking%20(2)/frontend/node_modules/vite/dist/node/chunks/node.js:4017:19)
      at TransformPluginContext.transform (file:///D:/program/cloud-based-banking%20(2)/frontend/node_modules/vite/dist/node/chunks/node.js:4088:26)
      at EnvironmentPluginContainer.transform (file:///D:/program/cloud-based-banking%20(2)/frontend/node_modules/vite/dist/node/chunks/node.js:30151:51)
      at async loadAndTransform (file:///D:/program/cloud-based-banking%20(2)/frontend/node_modules/vite/dist/node/chunks/node.js:20098:26)
      at async viteTransformMiddleware (file:///D:/program/cloud-based-banking%20(2)/frontend/node_modules/vite/dist/node/chunks/node.js:24559:20)
[2m10:05:39 AM[22m [31m[1m[vite][22m[39m [31mInternal server error: Transform failed with 1 error:

[31m[PARSE_ERROR] [0mExpected `,` or `)` but found `:`
    [38;5;246m╭[0m[38;5;246m─[0m[38;5;246m[[0m src/pages/settings/UserSettings.jsx:53:30 [38;5;246m][0m
    [38;5;246m│[0m
 [38;5;246m53 │[0m [38;5;249m [0m[38;5;249m [0m[38;5;249mc[0m[38;5;249mo[0m[38;5;249mn[0m[38;5;249ms[0m[38;5;249mt[0m[38;5;249m [0m[38;5;249mt[0m[38;5;249ma[0m[38;5;249mb[0m[38;5;249mB[0m[38;5;249mu[0m[38;5;249mt[0m[38;5;249mt[0m[38;5;249mo[0m[38;5;249mn[0m[38;5;249m [0m[38;5;249m=[0m[38;5;249m [0m([38;5;249mi[0m[38;5;249md[0m[38;5;249m,[0m[38;5;249m [0m[38;5;249mi[0m[38;5;249mc[0m[38;5;249mo[0m[38;5;249mn[0m:[38;5;249m [0m[38;5;249mI[0m[38;5;249mc[0m[38;5;249mo[0m[38;5;249mn[0m[38;5;249m,[0m[38;5;249m [0m[38;5;249ml[0m[38;5;249ma[0m[38;5;249mb[0m[38;5;249me[0m[38;5;249ml[0m[38;5;249m)[0m[38;5;249m [0m[38;5;249m=[0m[38;5;249m>[0m[38;5;249m [0m[38;5;249m([0m
 [38;5;240m   │[0m                     ┬        ┬  
 [38;5;240m   │[0m                     ╰─────────── Opened here
 [38;5;240m   │[0m                              │  
 [38;5;240m   │[0m                              ╰── `,` or `)` expected
[38;5;246m────╯[0m
[39m
  Plugin: [35mvite:oxc[39m
  File: [36mD:/program/cloud-based-banking (2)/frontend/src/pages/settings/UserSettings.jsx[39m
      at transformWithOxc (file:///D:/program/cloud-based-banking%20(2)/frontend/node_modules/vite/dist/node/chunks/node.js:4017:19)
      at TransformPluginContext.transform (file:///D:/program/cloud-based-banking%20(2)/frontend/node_modules/vite/dist/node/chunks/node.js:4088:26)
      at EnvironmentPluginContainer.transform (file:///D:/program/cloud-based-banking%20(2)/frontend/node_modules/vite/dist/node/chunks/node.js:30151:51)
      at async loadAndTransform (file:///D:/program/cloud-based-banking%20(2)/frontend/node_modules/vite/dist/node/chunks/node.js:20098:26)
      at async viteTransformMiddleware (file:///D:/program/cloud-based-banking%20(2)/frontend/node_modules/vite/dist/node/chunks/node.js:24559:20)
[2m10:05:39 AM[22m [31m[1m[vite][22m[39m [31mInternal server error: Transform failed with 2 errors:

[31m[PARSE_ERROR] [0mMissing catch or finally clause
    [38;5;246m╭[0m[38;5;246m─[0m[38;5;246m[[0m src/utils/pdfExport.js:32:6 [38;5;246m][0m
    [38;5;246m│[0m
 [38;5;246m32 │[0m [38;5;249m [0m[38;5;249m [0m[38;5;249m [0m[38;5;249m [0m[38;5;249m}[0m
 [38;5;240m   │[0m      │ 
 [38;5;240m   │[0m      ╰─ 
 [38;5;240m   │[0m 
 [38;5;240m   │[0m [38;5;115mHelp[0m: Either unwrap this try block or add catch / finally clause
[38;5;246m────╯[0m

[31m[PARSE_ERROR] [0mUnexpected token
    [38;5;246m╭[0m[38;5;246m─[0m[38;5;246m[[0m src/utils/pdfExport.js:33:5 [38;5;246m][0m
    [38;5;246m│[0m
 [38;5;246m33 │[0m [38;5;249m [0m[38;5;249m [0m[38;5;249m}[0m[38;5;249m [0mcatch[38;5;249m [0m[38;5;249m{[0m
 [38;5;240m   │[0m     ──┬──  
 [38;5;240m   │[0m       ╰──── 
[38;5;246m────╯[0m
[39m
  Plugin: [35mvite:oxc[39m
  File: [36mD:/program/cloud-based-banking (2)/frontend/src/utils/pdfExport.js[39m
      at transformWithOxc (file:///D:/program/cloud-based-banking%20(2)/frontend/node_modules/vite/dist/node/chunks/node.js:4017:19)
      at TransformPluginContext.transform (file:///D:/program/cloud-based-banking%20(2)/frontend/node_modules/vite/dist/node/chunks/node.js:4088:26)
      at EnvironmentPluginContainer.transform (file:///D:/program/cloud-based-banking%20(2)/frontend/node_modules/vite/dist/node/chunks/node.js:30151:51)
      at async loadAndTransform (file:///D:/program/cloud-based-banking%20(2)/frontend/node_modules/vite/dist/node/chunks/node.js:20098:26)
      at async viteTransformMiddleware (file:///D:/program/cloud-based-banking%20(2)/frontend/node_modules/vite/dist/node/chunks/node.js:24559:20)
[2m10:05:39 AM[22m [31m[1m[vite][22m[39m [31mInternal server error: Transform failed with 2 errors:

[31m[PARSE_ERROR] [0mMissing catch or finally clause
    [38;5;246m╭[0m[38;5;246m─[0m[38;5;246m[[0m src/utils/pdfExport.js:32:6 [38;5;246m][0m
    [38;5;246m│[0m
 [38;5;246m32 │[0m [38;5;249m [0m[38;5;249m [0m[38;5;249m [0m[38;5;249m [0m[38;5;249m}[0m
 [38;5;240m   │[0m      │ 
 [38;5;240m   │[0m      ╰─ 
 [38;5;240m   │[0m 
 [38;5;240m   │[0m [38;5;115mHelp[0m: Either unwrap this try block or add catch / finally clause
[38;5;246m────╯[0m

[31m[PARSE_ERROR] [0mUnexpected token
    [38;5;246m╭[0m[38;5;246m─[0m[38;5;246m[[0m src/utils/pdfExport.js:33:5 [38;5;246m][0m
    [38;5;246m│[0m
 [38;5;246m33 │[0m [38;5;249m [0m[38;5;249m [0m[38;5;249m}[0m[38;5;249m [0mcatch[38;5;249m [0m[38;5;249m{[0m
 [38;5;240m   │[0m     ──┬──  
 [38;5;240m   │[0m       ╰──── 
[38;5;246m────╯[0m
[39m
  Plugin: [35mvite:oxc[39m
  File: [36mD:/program/cloud-based-banking (2)/frontend/src/utils/pdfExport.js[39m
      at transformWithOxc (file:///D:/program/cloud-based-banking%20(2)/frontend/node_modules/vite/dist/node/chunks/node.js:4017:19)
      at TransformPluginContext.transform (file:///D:/program/cloud-based-banking%20(2)/frontend/node_modules/vite/dist/node/chunks/node.js:4088:26)
      at EnvironmentPluginContainer.transform (file:///D:/program/cloud-based-banking%20(2)/frontend/node_modules/vite/dist/node/chunks/node.js:30151:51)
      at async loadAndTransform (file:///D:/program/cloud-based-banking%20(2)/frontend/node_modules/vite/dist/node/chunks/node.js:20098:26)
      at async viteTransformMiddleware (file:///D:/program/cloud-based-banking%20(2)/frontend/node_modules/vite/dist/node/chunks/node.js:24559:20)
[2m10:05:40 AM[22m [31m[1m[vite][22m[39m [31m[2m(client)[22m[39m Pre-transform error: Transform failed with 1 error:

[31m[PARSE_ERROR] [0mExpected `,` or `)` but found `:`
    [38;5;246m╭[0m[38;5;246m─[0m[38;5;246m[[0m src/pages/settings/UserSettings.jsx:53:30 [38;5;246m][0m
    [38;5;246m│[0m
 [38;5;246m53 │[0m [38;5;249m [0m[38;5;249m [0m[38;5;249mc[0m[38;5;249mo[0m[38;5;249mn[0m[38;5;249ms[0m[38;5;249mt[0m[38;5;249m [0m[38;5;249mt[0m[38;5;249ma[0m[38;5;249mb[0m[38;5;249mB[0m[38;5;249mu[0m[38;5;249mt[0m[38;5;249mt[0m[38;5;249mo[0m[38;5;249mn[0m[38;5;249m [0m[38;5;249m=[0m[38;5;249m [0m([38;5;249mi[0m[38;5;249md[0m[38;5;249m,[0m[38;5;249m [0m[38;5;249mi[0m[38;5;249mc[0m[38;5;249mo[0m[38;5;249mn[0m:[38;5;249m [0m[38;5;249mI[0m[38;5;249mc[0m[38;5;249mo[0m[38;5;249mn[0m[38;5;249m,[0m[38;5;249m [0m[38;5;249ml[0m[38;5;249ma[0m[38;5;249mb[0m[38;5;249me[0m[38;5;249ml[0m[38;5;249m)[0m[38;5;249m [0m[38;5;249m=[0m[38;5;249m>[0m[38;5;249m [0m[38;5;249m([0m
 [38;5;240m   │[0m                     ┬        ┬  
 [38;5;240m   │[0m                     ╰─────────── Opened here
 [38;5;240m   │[0m                              │  
 [38;5;240m   │[0m                              ╰── `,` or `)` expected
[38;5;246m────╯[0m

  Plugin: [35mvite:oxc[39m
  File: [36mD:/program/cloud-based-banking (2)/frontend/src/pages/settings/UserSettings.jsx[39m
[2m10:05:41 AM[22m [31m[1m[vite][22m[39m [31mInternal server error: Transform failed with 1 error:

[31m[PARSE_ERROR] [0mExpected `,` or `)` but found `:`
    [38;5;246m╭[0m[38;5;246m─[0m[38;5;246m[[0m src/pages/settings/UserSettings.jsx:53:30 [38;5;246m][0m
    [38;5;246m│[0m
 [38;5;246m53 │[0m [38;5;249m [0m[38;5;249m [0m[38;5;249mc[0m[38;5;249mo[0m[38;5;249mn[0m[38;5;249ms[0m[38;5;249mt[0m[38;5;249m [0m[38;5;249mt[0m[38;5;249ma[0m[38;5;249mb[0m[38;5;249mB[0m[38;5;249mu[0m[38;5;249mt[0m[38;5;249mt[0m[38;5;249mo[0m[38;5;249mn[0m[38;5;249m [0m[38;5;249m=[0m[38;5;249m [0m([38;5;249mi[0m[38;5;249md[0m[38;5;249m,[0m[38;5;249m [0m[38;5;249mi[0m[38;5;249mc[0m[38;5;249mo[0m[38;5;249mn[0m:[38;5;249m [0m[38;5;249mI[0m[38;5;249mc[0m[38;5;249mo[0m[38;5;249mn[0m[38;5;249m,[0m[38;5;249m [0m[38;5;249ml[0m[38;5;249ma[0m[38;5;249mb[0m[38;5;249me[0m[38;5;249ml[0m[38;5;249m)[0m[38;5;249m [0m[38;5;249m=[0m[38;5;249m>[0m[38;5;249m [0m[38;5;249m([0m
 [38;5;240m   │[0m                     ┬        ┬  
 [38;5;240m   │[0m                     ╰─────────── Opened here
 [38;5;240m   │[0m                              │  
 [38;5;240m   │[0m                              ╰── `,` or `)` expected
[38;5;246m────╯[0m
[39m
  Plugin: [35mvite:oxc[39m
  File: [36mD:/program/cloud-based-banking (2)/frontend/src/pages/settings/UserSettings.jsx[39m
      at transformWithOxc (file:///D:/program/cloud-based-banking%20(2)/frontend/node_modules/vite/dist/node/chunks/node.js:4017:19)
      at TransformPluginContext.transform (file:///D:/program/cloud-based-banking%20(2)/frontend/node_modules/vite/dist/node/chunks/node.js:4088:26)
      at EnvironmentPluginContainer.transform (file:///D:/program/cloud-based-banking%20(2)/frontend/node_modules/vite/dist/node/chunks/node.js:30151:51)
      at async loadAndTransform (file:///D:/program/cloud-based-banking%20(2)/frontend/node_modules/vite/dist/node/chunks/node.js:20098:26)
      at async viteTransformMiddleware (file:///D:/program/cloud-based-banking%20(2)/frontend/node_modules/vite/dist/node/chunks/node.js:24559:20)
[2m10:05:41 AM[22m [31m[1m[vite][22m[39m [31mInternal server error: Transform failed with 1 error:

[31m[PARSE_ERROR] [0mExpected `,` or `)` but found `:`
    [38;5;246m╭[0m[38;5;246m─[0m[38;5;246m[[0m src/pages/settings/UserSettings.jsx:53:30 [38;5;246m][0m
    [38;5;246m│[0m
 [38;5;246m53 │[0m [38;5;249m [0m[38;5;249m [0m[38;5;249mc[0m[38;5;249mo[0m[38;5;249mn[0m[38;5;249ms[0m[38;5;249mt[0m[38;5;249m [0m[38;5;249mt[0m[38;5;249ma[0m[38;5;249mb[0m[38;5;249mB[0m[38;5;249mu[0m[38;5;249mt[0m[38;5;249mt[0m[38;5;249mo[0m[38;5;249mn[0m[38;5;249m [0m[38;5;249m=[0m[38;5;249m [0m([38;5;249mi[0m[38;5;249md[0m[38;5;249m,[0m[38;5;249m [0m[38;5;249mi[0m[38;5;249mc[0m[38;5;249mo[0m[38;5;249mn[0m:[38;5;249m [0m[38;5;249mI[0m[38;5;249mc[0m[38;5;249mo[0m[38;5;249mn[0m[38;5;249m,[0m[38;5;249m [0m[38;5;249ml[0m[38;5;249ma[0m[38;5;249mb[0m[38;5;249me[0m[38;5;249ml[0m[38;5;249m)[0m[38;5;249m [0m[38;5;249m=[0m[38;5;249m>[0m[38;5;249m [0m[38;5;249m([0m
 [38;5;240m   │[0m                     ┬        ┬  
 [38;5;240m   │[0m                     ╰─────────── Opened here
 [38;5;240m   │[0m                              │  
 [38;5;240m   │[0m                              ╰── `,` or `)` expected
[38;5;246m────╯[0m
[39m
  Plugin: [35mvite:oxc[39m
  File: [36mD:/program/cloud-based-banking (2)/frontend/src/pages/settings/UserSettings.jsx[39m
      at transformWithOxc (file:///D:/program/cloud-based-banking%20(2)/frontend/node_modules/vite/dist/node/chunks/node.js:4017:19)
      at TransformPluginContext.transform (file:///D:/program/cloud-based-banking%20(2)/frontend/node_modules/vite/dist/node/chunks/node.js:4088:26)
      at EnvironmentPluginContainer.transform (file:///D:/program/cloud-based-banking%20(2)/frontend/node_modules/vite/dist/node/chunks/node.js:30151:51)
      at async loadAndTransform (file:///D:/program/cloud-based-banking%20(2)/frontend/node_modules/vite/dist/node/chunks/node.js:20098:26)
      at async viteTransformMiddleware (file:///D:/program/cloud-based-banking%20(2)/frontend/node_modules/vite/dist/node/chunks/node.js:24559:20)
[2m10:05:41 AM[22m [31m[1m[vite][22m[39m [31m[2m(client)[22m[39m Pre-transform error: Transform failed with 2 errors:

[31m[PARSE_ERROR] [0mMissing catch or finally clause
    [38;5;246m╭[0m[38;5;246m─[0m[38;5;246m[[0m src/utils/pdfExport.js:32:6 [38;5;246m][0m
    [38;5;246m│[0m
 [38;5;246m32 │[0m [38;5;249m [0m[38;5;249m [0m[38;5;249m [0m[38;5;249m [0m[38;5;249m}[0m
 [38;5;240m   │[0m      │ 
 [38;5;240m   │[0m      ╰─ 
 [38;5;240m   │[0m 
 [38;5;240m   │[0m [38;5;115mHelp[0m: Either unwrap this try block or add catch / finally clause
[38;5;246m────╯[0m

[31m[PARSE_ERROR] [0mUnexpected token
    [38;5;246m╭[0m[38;5;246m─[0m[38;5;246m[[0m src/utils/pdfExport.js:33:5 [38;5;246m][0m
    [38;5;246m│[0m
 [38;5;246m33 │[0m [38;5;249m [0m[38;5;249m [0m[38;5;249m}[0m[38;5;249m [0mcatch[38;5;249m [0m[38;5;249m{[0m
 [38;5;240m   │[0m     ──┬──  
 [38;5;240m   │[0m       ╰──── 
[38;5;246m────╯[0m

  Plugin: [35mvite:oxc[39m
  File: [36mD:/program/cloud-based-banking (2)/frontend/src/utils/pdfExport.js[39m
[2m10:05:41 AM[22m [31m[1m[vite][22m[39m [31mInternal server error: Transform failed with 2 errors:

[31m[PARSE_ERROR] [0mMissing catch or finally clause
    [38;5;246m╭[0m[38;5;246m─[0m[38;5;246m[[0m src/utils/pdfExport.js:32:6 [38;5;246m][0m
    [38;5;246m│[0m
 [38;5;246m32 │[0m [38;5;249m [0m[38;5;249m [0m[38;5;249m [0m[38;5;249m [0m[38;5;249m}[0m
 [38;5;240m   │[0m      │ 
 [38;5;240m   │[0m      ╰─ 
 [38;5;240m   │[0m 
 [38;5;240m   │[0m [38;5;115mHelp[0m: Either unwrap this try block or add catch / finally clause
[38;5;246m────╯[0m

[31m[PARSE_ERROR] [0mUnexpected token
    [38;5;246m╭[0m[38;5;246m─[0m[38;5;246m[[0m src/utils/pdfExport.js:33:5 [38;5;246m][0m
    [38;5;246m│[0m
 [38;5;246m33 │[0m [38;5;249m [0m[38;5;249m [0m[38;5;249m}[0m[38;5;249m [0mcatch[38;5;249m [0m[38;5;249m{[0m
 [38;5;240m   │[0m     ──┬──  
 [38;5;240m   │[0m       ╰──── 
[38;5;246m────╯[0m
[39m
  Plugin: [35mvite:oxc[39m
  File: [36mD:/program/cloud-based-banking (2)/frontend/src/utils/pdfExport.js[39m
      at transformWithOxc (file:///D:/program/cloud-based-banking%20(2)/frontend/node_modules/vite/dist/node/chunks/node.js:4017:19)
      at TransformPluginContext.transform (file:///D:/program/cloud-based-banking%20(2)/frontend/node_modules/vite/dist/node/chunks/node.js:4088:26)
      at EnvironmentPluginContainer.transform (file:///D:/program/cloud-based-banking%20(2)/frontend/node_modules/vite/dist/node/chunks/node.js:30151:51)
      at async loadAndTransform (file:///D:/program/cloud-based-banking%20(2)/frontend/node_modules/vite/dist/node/chunks/node.js:20098:26)
      at async viteTransformMiddleware (file:///D:/program/cloud-based-banking%20(2)/frontend/node_modules/vite/dist/node/chunks/node.js:24559:20)
[2m10:05:41 AM[22m [31m[1m[vite][22m[39m [31mInternal server error: Transform failed with 2 errors:

[31m[PARSE_ERROR] [0mMissing catch or finally clause
    [38;5;246m╭[0m[38;5;246m─[0m[38;5;246m[[0m src/utils/pdfExport.js:32:6 [38;5;246m][0m
    [38;5;246m│[0m
 [38;5;246m32 │[0m [38;5;249m [0m[38;5;249m [0m[38;5;249m [0m[38;5;249m [0m[38;5;249m}[0m
 [38;5;240m   │[0m      │ 
 [38;5;240m   │[0m      ╰─ 
 [38;5;240m   │[0m 
 [38;5;240m   │[0m [38;5;115mHelp[0m: Either unwrap this try block or add catch / finally clause
[38;5;246m────╯[0m

[31m[PARSE_ERROR] [0mUnexpected token
    [38;5;246m╭[0m[38;5;246m─[0m[38;5;246m[[0m src/utils/pdfExport.js:33:5 [38;5;246m][0m
    [38;5;246m│[0m
 [38;5;246m33 │[0m [38;5;249m [0m[38;5;249m [0m[38;5;249m}[0m[38;5;249m [0mcatch[38;5;249m [0m[38;5;249m{[0m
 [38;5;240m   │[0m     ──┬──  
 [38;5;240m   │[0m       ╰──── 
[38;5;246m────╯[0m
[39m
  Plugin: [35mvite:oxc[39m
  File: [36mD:/program/cloud-based-banking (2)/frontend/src/utils/pdfExport.js[39m
      at transformWithOxc (file:///D:/program/cloud-based-banking%20(2)/frontend/node_modules/vite/dist/node/chunks/node.js:4017:19)
      at TransformPluginContext.transform (file:///D:/program/cloud-based-banking%20(2)/frontend/node_modules/vite/dist/node/chunks/node.js:4088:26)
      at EnvironmentPluginContainer.transform (file:///D:/program/cloud-based-banking%20(2)/frontend/node_modules/vite/dist/node/chunks/node.js:30151:51)
      at async loadAndTransform (file:///D:/program/cloud-based-banking%20(2)/frontend/node_modules/vite/dist/node/chunks/node.js:20098:26)
      at async viteTransformMiddleware (file:///D:/program/cloud-based-banking%20(2)/frontend/node_modules/vite/dist/node/chunks/node.js:24559:20)
[2m10:05:41 AM[22m [31m[1m[vite][22m[39m [31m[2m(client)[22m[39m Pre-transform error: Transform failed with 1 error:

[31m[PARSE_ERROR] [0mExpected `,` or `)` but found `:`
    [38;5;246m╭[0m[38;5;246m─[0m[38;5;246m[[0m src/pages/settings/UserSettings.jsx:53:30 [38;5;246m][0m
    [38;5;246m│[0m
 [38;5;246m53 │[0m [38;5;249m [0m[38;5;249m [0m[38;5;249mc[0m[38;5;249mo[0m[38;5;249mn[0m[38;5;249ms[0m[38;5;249mt[0m[38;5;249m [0m[38;5;249mt[0m[38;5;249ma[0m[38;5;249mb[0m[38;5;249mB[0m[38;5;249mu[0m[38;5;249mt[0m[38;5;249mt[0m[38;5;249mo[0m[38;5;249mn[0m[38;5;249m [0m[38;5;249m=[0m[38;5;249m [0m([38;5;249mi[0m[38;5;249md[0m[38;5;249m,[0m[38;5;249m [0m[38;5;249mi[0m[38;5;249mc[0m[38;5;249mo[0m[38;5;249mn[0m:[38;5;249m [0m[38;5;249mI[0m[38;5;249mc[0m[38;5;249mo[0m[38;5;249mn[0m[38;5;249m,[0m[38;5;249m [0m[38;5;249ml[0m[38;5;249ma[0m[38;5;249mb[0m[38;5;249me[0m[38;5;249ml[0m[38;5;249m)[0m[38;5;249m [0m[38;5;249m=[0m[38;5;249m>[0m[38;5;249m [0m[38;5;249m([0m
 [38;5;240m   │[0m                     ┬        ┬  
 [38;5;240m   │[0m                     ╰─────────── Opened here
 [38;5;240m   │[0m                              │  
 [38;5;240m   │[0m                              ╰── `,` or `)` expected
[38;5;246m────╯[0m

  Plugin: [35mvite:oxc[39m
  File: [36mD:/program/cloud-based-banking (2)/frontend/src/pages/settings/UserSettings.jsx[39m
[2m10:05:42 AM[22m [31m[1m[vite][22m[39m [31mInternal server error: Transform failed with 1 error:

[31m[PARSE_ERROR] [0mExpected `,` or `)` but found `:`
    [38;5;246m╭[0m[38;5;246m─[0m[38;5;246m[[0m src/pages/settings/UserSettings.jsx:53:30 [38;5;246m][0m
    [38;5;246m│[0m
 [38;5;246m53 │[0m [38;5;249m [0m[38;5;249m [0m[38;5;249mc[0m[38;5;249mo[0m[38;5;249mn[0m[38;5;249ms[0m[38;5;249mt[0m[38;5;249m [0m[38;5;249mt[0m[38;5;249ma[0m[38;5;249mb[0m[38;5;249mB[0m[38;5;249mu[0m[38;5;249mt[0m[38;5;249mt[0m[38;5;249mo[0m[38;5;249mn[0m[38;5;249m [0m[38;5;249m=[0m[38;5;249m [0m([38;5;249mi[0m[38;5;249md[0m[38;5;249m,[0m[38;5;249m [0m[38;5;249mi[0m[38;5;249mc[0m[38;5;249mo[0m[38;5;249mn[0m:[38;5;249m [0m[38;5;249mI[0m[38;5;249mc[0m[38;5;249mo[0m[38;5;249mn[0m[38;5;249m,[0m[38;5;249m [0m[38;5;249ml[0m[38;5;249ma[0m[38;5;249mb[0m[38;5;249me[0m[38;5;249ml[0m[38;5;249m)[0m[38;5;249m [0m[38;5;249m=[0m[38;5;249m>[0m[38;5;249m [0m[38;5;249m([0m
 [38;5;240m   │[0m                     ┬        ┬  
 [38;5;240m   │[0m                     ╰─────────── Opened here
 [38;5;240m   │[0m                              │  
 [38;5;240m   │[0m                              ╰── `,` or `)` expected
[38;5;246m────╯[0m
[39m
  Plugin: [35mvite:oxc[39m
  File: [36mD:/program/cloud-based-banking (2)/frontend/src/pages/settings/UserSettings.jsx[39m
      at transformWithOxc (file:///D:/program/cloud-based-banking%20(2)/frontend/node_modules/vite/dist/node/chunks/node.js:4017:19)
      at TransformPluginContext.transform (file:///D:/program/cloud-based-banking%20(2)/frontend/node_modules/vite/dist/node/chunks/node.js:4088:26)
      at EnvironmentPluginContainer.transform (file:///D:/program/cloud-based-banking%20(2)/frontend/node_modules/vite/dist/node/chunks/node.js:30151:51)
      at async loadAndTransform (file:///D:/program/cloud-based-banking%20(2)/frontend/node_modules/vite/dist/node/chunks/node.js:20098:26)
      at async viteTransformMiddleware (file:///D:/program/cloud-based-banking%20(2)/frontend/node_modules/vite/dist/node/chunks/node.js:24559:20)
[2m10:05:42 AM[22m [31m[1m[vite][22m[39m [31mInternal server error: Transform failed with 2 errors:

[31m[PARSE_ERROR] [0mMissing catch or finally clause
    [38;5;246m╭[0m[38;5;246m─[0m[38;5;246m[[0m src/utils/pdfExport.js:32:6 [38;5;246m][0m
    [38;5;246m│[0m
 [38;5;246m32 │[0m [38;5;249m [0m[38;5;249m [0m[38;5;249m [0m[38;5;249m [0m[38;5;249m}[0m
 [38;5;240m   │[0m      │ 
 [38;5;240m   │[0m      ╰─ 
 [38;5;240m   │[0m 
 [38;5;240m   │[0m [38;5;115mHelp[0m: Either unwrap this try block or add catch / finally clause
[38;5;246m────╯[0m

[31m[PARSE_ERROR] [0mUnexpected token
    [38;5;246m╭[0m[38;5;246m─[0m[38;5;246m[[0m src/utils/pdfExport.js:33:5 [38;5;246m][0m
    [38;5;246m│[0m
 [38;5;246m33 │[0m [38;5;249m [0m[38;5;249m [0m[38;5;249m}[0m[38;5;249m [0mcatch[38;5;249m [0m[38;5;249m{[0m
 [38;5;240m   │[0m     ──┬──  
 [38;5;240m   │[0m       ╰──── 
[38;5;246m────╯[0m
[39m
  Plugin: [35mvite:oxc[39m
  File: [36mD:/program/cloud-based-banking (2)/frontend/src/utils/pdfExport.js[39m
      at transformWithOxc (file:///D:/program/cloud-based-banking%20(2)/frontend/node_modules/vite/dist/node/chunks/node.js:4017:19)
      at TransformPluginContext.transform (file:///D:/program/cloud-based-banking%20(2)/frontend/node_modules/vite/dist/node/chunks/node.js:4088:26)
      at EnvironmentPluginContainer.transform (file:///D:/program/cloud-based-banking%20(2)/frontend/node_modules/vite/dist/node/chunks/node.js:30151:51)
      at async loadAndTransform (file:///D:/program/cloud-based-banking%20(2)/frontend/node_modules/vite/dist/node/chunks/node.js:20098:26)
      at async viteTransformMiddleware (file:///D:/program/cloud-based-banking%20(2)/frontend/node_modules/vite/dist/node/chunks/node.js:24559:20)
[2m10:05:45 AM[22m [31m[1m[vite][22m[39m [31m[2m(client)[22m[39m Pre-transform error: Transform failed with 1 error:

[31m[PARSE_ERROR] [0mExpected `,` or `)` but found `:`
    [38;5;246m╭[0m[38;5;246m─[0m[38;5;246m[[0m src/pages/settings/UserSettings.jsx:53:30 [38;5;246m][0m
    [38;5;246m│[0m
 [38;5;246m53 │[0m [38;5;249m [0m[38;5;249m [0m[38;5;249mc[0m[38;5;249mo[0m[38;5;249mn[0m[38;5;249ms[0m[38;5;249mt[0m[38;5;249m [0m[38;5;249mt[0m[38;5;249ma[0m[38;5;249mb[0m[38;5;249mB[0m[38;5;249mu[0m[38;5;249mt[0m[38;5;249mt[0m[38;5;249mo[0m[38;5;249mn[0m[38;5;249m [0m[38;5;249m=[0m[38;5;249m [0m([38;5;249mi[0m[38;5;249md[0m[38;5;249m,[0m[38;5;249m [0m[38;5;249mi[0m[38;5;249mc[0m[38;5;249mo[0m[38;5;249mn[0m:[38;5;249m [0m[38;5;249mI[0m[38;5;249mc[0m[38;5;249mo[0m[38;5;249mn[0m[38;5;249m,[0m[38;5;249m [0m[38;5;249ml[0m[38;5;249ma[0m[38;5;249mb[0m[38;5;249me[0m[38;5;249ml[0m[38;5;249m)[0m[38;5;249m [0m[38;5;249m=[0m[38;5;249m>[0m[38;5;249m [0m[38;5;249m([0m
 [38;5;240m   │[0m                     ┬        ┬  
 [38;5;240m   │[0m                     ╰─────────── Opened here
 [38;5;240m   │[0m                              │  
 [38;5;240m   │[0m                              ╰── `,` or `)` expected
[38;5;246m────╯[0m

  Plugin: [35mvite:oxc[39m
  File: [36mD:/program/cloud-based-banking (2)/frontend/src/pages/settings/UserSettings.jsx[39m
[2m10:05:45 AM[22m [31m[1m[vite][22m[39m [31mInternal server error: Transform failed with 1 error:

[31m[PARSE_ERROR] [0mExpected `,` or `)` but found `:`
    [38;5;246m╭[0m[38;5;246m─[0m[38;5;246m[[0m src/pages/settings/UserSettings.jsx:53:30 [38;5;246m][0m
    [38;5;246m│[0m
 [38;5;246m53 │[0m [38;5;249m [0m[38;5;249m [0m[38;5;249mc[0m[38;5;249mo[0m[38;5;249mn[0m[38;5;249ms[0m[38;5;249mt[0m[38;5;249m [0m[38;5;249mt[0m[38;5;249ma[0m[38;5;249mb[0m[38;5;249mB[0m[38;5;249mu[0m[38;5;249mt[0m[38;5;249mt[0m[38;5;249mo[0m[38;5;249mn[0m[38;5;249m [0m[38;5;249m=[0m[38;5;249m [0m([38;5;249mi[0m[38;5;249md[0m[38;5;249m,[0m[38;5;249m [0m[38;5;249mi[0m[38;5;249mc[0m[38;5;249mo[0m[38;5;249mn[0m:[38;5;249m [0m[38;5;249mI[0m[38;5;249mc[0m[38;5;249mo[0m[38;5;249mn[0m[38;5;249m,[0m[38;5;249m [0m[38;5;249ml[0m[38;5;249ma[0m[38;5;249mb[0m[38;5;249me[0m[38;5;249ml[0m[38;5;249m)[0m[38;5;249m [0m[38;5;249m=[0m[38;5;249m>[0m[38;5;249m [0m[38;5;249m([0m
 [38;5;240m   │[0m                     ┬        ┬  
 [38;5;240m   │[0m                     ╰─────────── Opened here
 [38;5;240m   │[0m                              │  
 [38;5;240m   │[0m                              ╰── `,` or `)` expected
[38;5;246m────╯[0m
[39m
  Plugin: [35mvite:oxc[39m
  File: [36mD:/program/cloud-based-banking (2)/frontend/src/pages/settings/UserSettings.jsx[39m
      at transformWithOxc (file:///D:/program/cloud-based-banking%20(2)/frontend/node_modules/vite/dist/node/chunks/node.js:4017:19)
      at TransformPluginContext.transform (file:///D:/program/cloud-based-banking%20(2)/frontend/node_modules/vite/dist/node/chunks/node.js:4088:26)
      at EnvironmentPluginContainer.transform (file:///D:/program/cloud-based-banking%20(2)/frontend/node_modules/vite/dist/node/chunks/node.js:30151:51)
      at async loadAndTransform (file:///D:/program/cloud-based-banking%20(2)/frontend/node_modules/vite/dist/node/chunks/node.js:20098:26)
      at async viteTransformMiddleware (file:///D:/program/cloud-based-banking%20(2)/frontend/node_modules/vite/dist/node/chunks/node.js:24559:20)
[2m10:05:45 AM[22m [31m[1m[vite][22m[39m [31mInternal server error: Transform failed with 2 errors:

[31m[PARSE_ERROR] [0mMissing catch or finally clause
    [38;5;246m╭[0m[38;5;246m─[0m[38;5;246m[[0m src/utils/pdfExport.js:32:6 [38;5;246m][0m
    [38;5;246m│[0m
 [38;5;246m32 │[0m [38;5;249m [0m[38;5;249m [0m[38;5;249m [0m[38;5;249m [0m[38;5;249m}[0m
 [38;5;240m   │[0m      │ 
 [38;5;240m   │[0m      ╰─ 
 [38;5;240m   │[0m 
 [38;5;240m   │[0m [38;5;115mHelp[0m: Either unwrap this try block or add catch / finally clause
[38;5;246m────╯[0m

[31m[PARSE_ERROR] [0mUnexpected token
    [38;5;246m╭[0m[38;5;246m─[0m[38;5;246m[[0m src/utils/pdfExport.js:33:5 [38;5;246m][0m
    [38;5;246m│[0m
 [38;5;246m33 │[0m [38;5;249m [0m[38;5;249m [0m[38;5;249m}[0m[38;5;249m [0mcatch[38;5;249m [0m[38;5;249m{[0m
 [38;5;240m   │[0m     ──┬──  
 [38;5;240m   │[0m       ╰──── 
[38;5;246m────╯[0m
[39m
  Plugin: [35mvite:oxc[39m
  File: [36mD:/program/cloud-based-banking (2)/frontend/src/utils/pdfExport.js[39m
      at transformWithOxc (file:///D:/program/cloud-based-banking%20(2)/frontend/node_modules/vite/dist/node/chunks/node.js:4017:19)
      at TransformPluginContext.transform (file:///D:/program/cloud-based-banking%20(2)/frontend/node_modules/vite/dist/node/chunks/node.js:4088:26)
      at EnvironmentPluginContainer.transform (file:///D:/program/cloud-based-banking%20(2)/frontend/node_modules/vite/dist/node/chunks/node.js:30151:51)
      at async loadAndTransform (file:///D:/program/cloud-based-banking%20(2)/frontend/node_modules/vite/dist/node/chunks/node.js:20098:26)
      at async viteTransformMiddleware (file:///D:/program/cloud-based-banking%20(2)/frontend/node_modules/vite/dist/node/chunks/node.js:24559:20)
[2m10:05:47 AM[22m [31m[1m[vite][22m[39m [31m[2m(client)[22m[39m Pre-transform error: Transform failed with 1 error:

[31m[PARSE_ERROR] [0mExpected `,` or `)` but found `:`
    [38;5;246m╭[0m[38;5;246m─[0m[38;5;246m[[0m src/pages/settings/UserSettings.jsx:53:30 [38;5;246m][0m
    [38;5;246m│[0m
 [38;5;246m53 │[0m [38;5;249m [0m[38;5;249m [0m[38;5;249mc[0m[38;5;249mo[0m[38;5;249mn[0m[38;5;249ms[0m[38;5;249mt[0m[38;5;249m [0m[38;5;249mt[0m[38;5;249ma[0m[38;5;249mb[0m[38;5;249mB[0m[38;5;249mu[0m[38;5;249mt[0m[38;5;249mt[0m[38;5;249mo[0m[38;5;249mn[0m[38;5;249m [0m[38;5;249m=[0m[38;5;249m [0m([38;5;249mi[0m[38;5;249md[0m[38;5;249m,[0m[38;5;249m [0m[38;5;249mi[0m[38;5;249mc[0m[38;5;249mo[0m[38;5;249mn[0m:[38;5;249m [0m[38;5;249mI[0m[38;5;249mc[0m[38;5;249mo[0m[38;5;249mn[0m[38;5;249m,[0m[38;5;249m [0m[38;5;249ml[0m[38;5;249ma[0m[38;5;249mb[0m[38;5;249me[0m[38;5;249ml[0m[38;5;249m)[0m[38;5;249m [0m[38;5;249m=[0m[38;5;249m>[0m[38;5;249m [0m[38;5;249m([0m
 [38;5;240m   │[0m                     ┬        ┬  
 [38;5;240m   │[0m                     ╰─────────── Opened here
 [38;5;240m   │[0m                              │  
 [38;5;240m   │[0m                              ╰── `,` or `)` expected
[38;5;246m────╯[0m

  Plugin: [35mvite:oxc[39m
  File: [36mD:/program/cloud-based-banking (2)/frontend/src/pages/settings/UserSettings.jsx[39m
[2m10:05:48 AM[22m [31m[1m[vite][22m[39m [31mInternal server error: Transform failed with 1 error:

[31m[PARSE_ERROR] [0mExpected `,` or `)` but found `:`
    [38;5;246m╭[0m[38;5;246m─[0m[38;5;246m[[0m src/pages/settings/UserSettings.jsx:53:30 [38;5;246m][0m
    [38;5;246m│[0m
 [38;5;246m53 │[0m [38;5;249m [0m[38;5;249m [0m[38;5;249mc[0m[38;5;249mo[0m[38;5;249mn[0m[38;5;249ms[0m[38;5;249mt[0m[38;5;249m [0m[38;5;249mt[0m[38;5;249ma[0m[38;5;249mb[0m[38;5;249mB[0m[38;5;249mu[0m[38;5;249mt[0m[38;5;249mt[0m[38;5;249mo[0m[38;5;249mn[0m[38;5;249m [0m[38;5;249m=[0m[38;5;249m [0m([38;5;249mi[0m[38;5;249md[0m[38;5;249m,[0m[38;5;249m [0m[38;5;249mi[0m[38;5;249mc[0m[38;5;249mo[0m[38;5;249mn[0m:[38;5;249m [0m[38;5;249mI[0m[38;5;249mc[0m[38;5;249mo[0m[38;5;249mn[0m[38;5;249m,[0m[38;5;249m [0m[38;5;249ml[0m[38;5;249ma[0m[38;5;249mb[0m[38;5;249me[0m[38;5;249ml[0m[38;5;249m)[0m[38;5;249m [0m[38;5;249m=[0m[38;5;249m>[0m[38;5;249m [0m[38;5;249m([0m
 [38;5;240m   │[0m                     ┬        ┬  
 [38;5;240m   │[0m                     ╰─────────── Opened here
 [38;5;240m   │[0m                              │  
 [38;5;240m   │[0m                              ╰── `,` or `)` expected
[38;5;246m────╯[0m
[39m
  Plugin: [35mvite:oxc[39m
  File: [36mD:/program/cloud-based-banking (2)/frontend/src/pages/settings/UserSettings.jsx[39m
      at transformWithOxc (file:///D:/program/cloud-based-banking%20(2)/frontend/node_modules/vite/dist/node/chunks/node.js:4017:19)
      at TransformPluginContext.transform (file:///D:/program/cloud-based-banking%20(2)/frontend/node_modules/vite/dist/node/chunks/node.js:4088:26)
      at EnvironmentPluginContainer.transform (file:///D:/program/cloud-based-banking%20(2)/frontend/node_modules/vite/dist/node/chunks/node.js:30151:51)
      at async loadAndTransform (file:///D:/program/cloud-based-banking%20(2)/frontend/node_modules/vite/dist/node/chunks/node.js:20098:26)
      at async viteTransformMiddleware (file:///D:/program/cloud-based-banking%20(2)/frontend/node_modules/vite/dist/node/chunks/node.js:24559:20)
[2m10:05:48 AM[22m [31m[1m[vite][22m[39m [31mInternal server error: Transform failed with 2 errors:

[31m[PARSE_ERROR] [0mMissing catch or finally clause
    [38;5;246m╭[0m[38;5;246m─[0m[38;5;246m[[0m src/utils/pdfExport.js:32:6 [38;5;246m][0m
    [38;5;246m│[0m
 [38;5;246m32 │[0m [38;5;249m [0m[38;5;249m [0m[38;5;249m [0m[38;5;249m [0m[38;5;249m}[0m
 [38;5;240m   │[0m      │ 
 [38;5;240m   │[0m      ╰─ 
 [38;5;240m   │[0m 
 [38;5;240m   │[0m [38;5;115mHelp[0m: Either unwrap this try block or add catch / finally clause
[38;5;246m────╯[0m

[31m[PARSE_ERROR] [0mUnexpected token
    [38;5;246m╭[0m[38;5;246m─[0m[38;5;246m[[0m src/utils/pdfExport.js:33:5 [38;5;246m][0m
    [38;5;246m│[0m
 [38;5;246m33 │[0m [38;5;249m [0m[38;5;249m [0m[38;5;249m}[0m[38;5;249m [0mcatch[38;5;249m [0m[38;5;249m{[0m
 [38;5;240m   │[0m     ──┬──  
 [38;5;240m   │[0m       ╰──── 
[38;5;246m────╯[0m
[39m
  Plugin: [35mvite:oxc[39m
  File: [36mD:/program/cloud-based-banking (2)/frontend/src/utils/pdfExport.js[39m
      at transformWithOxc (file:///D:/program/cloud-based-banking%20(2)/frontend/node_modules/vite/dist/node/chunks/node.js:4017:19)
      at TransformPluginContext.transform (file:///D:/program/cloud-based-banking%20(2)/frontend/node_modules/vite/dist/node/chunks/node.js:4088:26)
      at EnvironmentPluginContainer.transform (file:///D:/program/cloud-based-banking%20(2)/frontend/node_modules/vite/dist/node/chunks/node.js:30151:51)
      at async loadAndTransform (file:///D:/program/cloud-based-banking%20(2)/frontend/node_modules/vite/dist/node/chunks/node.js:20098:26)
      at async viteTransformMiddleware (file:///D:/program/cloud-based-banking%20(2)/frontend/node_modules/vite/dist/node/chunks/node.js:24559:20)
[2m10:05:49 AM[22m [31m[1m[vite][22m[39m [31m[2m(client)[22m[39m Pre-transform error: Transform failed with 1 error:

[31m[PARSE_ERROR] [0mExpected `,` or `)` but found `:`
    [38;5;246m╭[0m[38;5;246m─[0m[38;5;246m[[0m src/pages/settings/UserSettings.jsx:53:30 [38;5;246m][0m
    [38;5;246m│[0m
 [38;5;246m53 │[0m [38;5;249m [0m[38;5;249m [0m[38;5;249mc[0m[38;5;249mo[0m[38;5;249mn[0m[38;5;249ms[0m[38;5;249mt[0m[38;5;249m [0m[38;5;249mt[0m[38;5;249ma[0m[38;5;249mb[0m[38;5;249mB[0m[38;5;249mu[0m[38;5;249mt[0m[38;5;249mt[0m[38;5;249mo[0m[38;5;249mn[0m[38;5;249m [0m[38;5;249m=[0m[38;5;249m [0m([38;5;249mi[0m[38;5;249md[0m[38;5;249m,[0m[38;5;249m [0m[38;5;249mi[0m[38;5;249mc[0m[38;5;249mo[0m[38;5;249mn[0m:[38;5;249m [0m[38;5;249mI[0m[38;5;249mc[0m[38;5;249mo[0m[38;5;249mn[0m[38;5;249m,[0m[38;5;249m [0m[38;5;249ml[0m[38;5;249ma[0m[38;5;249mb[0m[38;5;249me[0m[38;5;249ml[0m[38;5;249m)[0m[38;5;249m [0m[38;5;249m=[0m[38;5;249m>[0m[38;5;249m [0m[38;5;249m([0m
 [38;5;240m   │[0m                     ┬        ┬  
 [38;5;240m   │[0m                     ╰─────────── Opened here
 [38;5;240m   │[0m                              │  
 [38;5;240m   │[0m                              ╰── `,` or `)` expected
[38;5;246m────╯[0m

  Plugin: [35mvite:oxc[39m
  File: [36mD:/program/cloud-based-banking (2)/frontend/src/pages/settings/UserSettings.jsx[39m
[2m10:05:50 AM[22m [31m[1m[vite][22m[39m [31mInternal server error: Transform failed with 1 error:

[31m[PARSE_ERROR] [0mExpected `,` or `)` but found `:`
    [38;5;246m╭[0m[38;5;246m─[0m[38;5;246m[[0m src/pages/settings/UserSettings.jsx:53:30 [38;5;246m][0m
    [38;5;246m│[0m
 [38;5;246m53 │[0m [38;5;249m [0m[38;5;249m [0m[38;5;249mc[0m[38;5;249mo[0m[38;5;249mn[0m[38;5;249ms[0m[38;5;249mt[0m[38;5;249m [0m[38;5;249mt[0m[38;5;249ma[0m[38;5;249mb[0m[38;5;249mB[0m[38;5;249mu[0m[38;5;249mt[0m[38;5;249mt[0m[38;5;249mo[0m[38;5;249mn[0m[38;5;249m [0m[38;5;249m=[0m[38;5;249m [0m([38;5;249mi[0m[38;5;249md[0m[38;5;249m,[0m[38;5;249m [0m[38;5;249mi[0m[38;5;249mc[0m[38;5;249mo[0m[38;5;249mn[0m:[38;5;249m [0m[38;5;249mI[0m[38;5;249mc[0m[38;5;249mo[0m[38;5;249mn[0m[38;5;249m,[0m[38;5;249m [0m[38;5;249ml[0m[38;5;249ma[0m[38;5;249mb[0m[38;5;249me[0m[38;5;249ml[0m[38;5;249m)[0m[38;5;249m [0m[38;5;249m=[0m[38;5;249m>[0m[38;5;249m [0m[38;5;249m([0m
 [38;5;240m   │[0m                     ┬        ┬  
 [38;5;240m   │[0m                     ╰─────────── Opened here
 [38;5;240m   │[0m                              │  
 [38;5;240m   │[0m                              ╰── `,` or `)` expected
[38;5;246m────╯[0m
[39m
  Plugin: [35mvite:oxc[39m
  File: [36mD:/program/cloud-based-banking (2)/frontend/src/pages/settings/UserSettings.jsx[39m
      at transformWithOxc (file:///D:/program/cloud-based-banking%20(2)/frontend/node_modules/vite/dist/node/chunks/node.js:4017:19)
      at TransformPluginContext.transform (file:///D:/program/cloud-based-banking%20(2)/frontend/node_modules/vite/dist/node/chunks/node.js:4088:26)
      at EnvironmentPluginContainer.transform (file:///D:/program/cloud-based-banking%20(2)/frontend/node_modules/vite/dist/node/chunks/node.js:30151:51)
      at async loadAndTransform (file:///D:/program/cloud-based-banking%20(2)/frontend/node_modules/vite/dist/node/chunks/node.js:20098:26)
      at async viteTransformMiddleware (file:///D:/program/cloud-based-banking%20(2)/frontend/node_modules/vite/dist/node/chunks/node.js:24559:20)
[2m10:05:50 AM[22m [31m[1m[vite][22m[39m [31mInternal server error: Transform failed with 2 errors:

[31m[PARSE_ERROR] [0mMissing catch or finally clause
    [38;5;246m╭[0m[38;5;246m─[0m[38;5;246m[[0m src/utils/pdfExport.js:32:6 [38;5;246m][0m
    [38;5;246m│[0m
 [38;5;246m32 │[0m [38;5;249m [0m[38;5;249m [0m[38;5;249m [0m[38;5;249m [0m[38;5;249m}[0m
 [38;5;240m   │[0m      │ 
 [38;5;240m   │[0m      ╰─ 
 [38;5;240m   │[0m 
 [38;5;240m   │[0m [38;5;115mHelp[0m: Either unwrap this try block or add catch / finally clause
[38;5;246m────╯[0m

[31m[PARSE_ERROR] [0mUnexpected token
    [38;5;246m╭[0m[38;5;246m─[0m[38;5;246m[[0m src/utils/pdfExport.js:33:5 [38;5;246m][0m
    [38;5;246m│[0m
 [38;5;246m33 │[0m [38;5;249m [0m[38;5;249m [0m[38;5;249m}[0m[38;5;249m [0mcatch[38;5;249m [0m[38;5;249m{[0m
 [38;5;240m   │[0m     ──┬──  
 [38;5;240m   │[0m       ╰──── 
[38;5;246m────╯[0m
[39m
  Plugin: [35mvite:oxc[39m
  File: [36mD:/program/cloud-based-banking (2)/frontend/src/utils/pdfExport.js[39m
      at transformWithOxc (file:///D:/program/cloud-based-banking%20(2)/frontend/node_modules/vite/dist/node/chunks/node.js:4017:19)
      at TransformPluginContext.transform (file:///D:/program/cloud-based-banking%20(2)/frontend/node_modules/vite/dist/node/chunks/node.js:4088:26)
      at EnvironmentPluginContainer.transform (file:///D:/program/cloud-based-banking%20(2)/frontend/node_modules/vite/dist/node/chunks/node.js:30151:51)
      at async loadAndTransform (file:///D:/program/cloud-based-banking%20(2)/frontend/node_modules/vite/dist/node/chunks/node.js:20098:26)
      at async viteTransformMiddleware (file:///D:/program/cloud-based-banking%20(2)/frontend/node_modules/vite/dist/node/chunks/node.js:24559:20)
[2m10:05:51 AM[22m [31m[1m[vite][22m[39m [31m[2m(client)[22m[39m Pre-transform error: Transform failed with 1 error:

[31m[PARSE_ERROR] [0mExpected `,` or `)` but found `:`
    [38;5;246m╭[0m[38;5;246m─[0m[38;5;246m[[0m src/pages/settings/UserSettings.jsx:53:30 [38;5;246m][0m
    [38;5;246m│[0m
 [38;5;246m53 │[0m [38;5;249m [0m[38;5;249m [0m[38;5;249mc[0m[38;5;249mo[0m[38;5;249mn[0m[38;5;249ms[0m[38;5;249mt[0m[38;5;249m [0m[38;5;249mt[0m[38;5;249ma[0m[38;5;249mb[0m[38;5;249mB[0m[38;5;249mu[0m[38;5;249mt[0m[38;5;249mt[0m[38;5;249mo[0m[38;5;249mn[0m[38;5;249m [0m[38;5;249m=[0m[38;5;249m [0m([38;5;249mi[0m[38;5;249md[0m[38;5;249m,[0m[38;5;249m [0m[38;5;249mi[0m[38;5;249mc[0m[38;5;249mo[0m[38;5;249mn[0m:[38;5;249m [0m[38;5;249mI[0m[38;5;249mc[0m[38;5;249mo[0m[38;5;249mn[0m[38;5;249m,[0m[38;5;249m [0m[38;5;249ml[0m[38;5;249ma[0m[38;5;249mb[0m[38;5;249me[0m[38;5;249ml[0m[38;5;249m)[0m[38;5;249m [0m[38;5;249m=[0m[38;5;249m>[0m[38;5;249m [0m[38;5;249m([0m
 [38;5;240m   │[0m                     ┬        ┬  
 [38;5;240m   │[0m                     ╰─────────── Opened here
 [38;5;240m   │[0m                              │  
 [38;5;240m   │[0m                              ╰── `,` or `)` expected
[38;5;246m────╯[0m

  Plugin: [35mvite:oxc[39m
  File: [36mD:/program/cloud-based-banking (2)/frontend/src/pages/settings/UserSettings.jsx[39m
[2m10:05:51 AM[22m [31m[1m[vite][22m[39m [31mInternal server error: Transform failed with 1 error:

[31m[PARSE_ERROR] [0mExpected `,` or `)` but found `:`
    [38;5;246m╭[0m[38;5;246m─[0m[38;5;246m[[0m src/pages/settings/UserSettings.jsx:53:30 [38;5;246m][0m
    [38;5;246m│[0m
 [38;5;246m53 │[0m [38;5;249m [0m[38;5;249m [0m[38;5;249mc[0m[38;5;249mo[0m[38;5;249mn[0m[38;5;249ms[0m[38;5;249mt[0m[38;5;249m [0m[38;5;249mt[0m[38;5;249ma[0m[38;5;249mb[0m[38;5;249mB[0m[38;5;249mu[0m[38;5;249mt[0m[38;5;249mt[0m[38;5;249mo[0m[38;5;249mn[0m[38;5;249m [0m[38;5;249m=[0m[38;5;249m [0m([38;5;249mi[0m[38;5;249md[0m[38;5;249m,[0m[38;5;249m [0m[38;5;249mi[0m[38;5;249mc[0m[38;5;249mo[0m[38;5;249mn[0m:[38;5;249m [0m[38;5;249mI[0m[38;5;249mc[0m[38;5;249mo[0m[38;5;249mn[0m[38;5;249m,[0m[38;5;249m [0m[38;5;249ml[0m[38;5;249ma[0m[38;5;249mb[0m[38;5;249me[0m[38;5;249ml[0m[38;5;249m)[0m[38;5;249m [0m[38;5;249m=[0m[38;5;249m>[0m[38;5;249m [0m[38;5;249m([0m
 [38;5;240m   │[0m                     ┬        ┬  
 [38;5;240m   │[0m                     ╰─────────── Opened here
 [38;5;240m   │[0m                              │  
 [38;5;240m   │[0m                              ╰── `,` or `)` expected
[38;5;246m────╯[0m
[39m
  Plugin: [35mvite:oxc[39m
  File: [36mD:/program/cloud-based-banking (2)/frontend/src/pages/settings/UserSettings.jsx[39m
      at transformWithOxc (file:///D:/program/cloud-based-banking%20(2)/frontend/node_modules/vite/dist/node/chunks/node.js:4017:19)
      at TransformPluginContext.transform (file:///D:/program/cloud-based-banking%20(2)/frontend/node_modules/vite/dist/node/chunks/node.js:4088:26)
      at EnvironmentPluginContainer.transform (file:///D:/program/cloud-based-banking%20(2)/frontend/node_modules/vite/dist/node/chunks/node.js:30151:51)
      at async loadAndTransform (file:///D:/program/cloud-based-banking%20(2)/frontend/node_modules/vite/dist/node/chunks/node.js:20098:26)
      at async viteTransformMiddleware (file:///D:/program/cloud-based-banking%20(2)/frontend/node_modules/vite/dist/node/chunks/node.js:24559:20)
[2m10:05:51 AM[22m [31m[1m[vite][22m[39m [31mInternal server error: Transform failed with 2 errors:

[31m[PARSE_ERROR] [0mMissing catch or finally clause
    [38;5;246m╭[0m[38;5;246m─[0m[38;5;246m[[0m src/utils/pdfExport.js:32:6 [38;5;246m][0m
    [38;5;246m│[0m
 [38;5;246m32 │[0m [38;5;249m [0m[38;5;249m [0m[38;5;249m [0m[38;5;249m [0m[38;5;249m}[0m
 [38;5;240m   │[0m      │ 
 [38;5;240m   │[0m      ╰─ 
 [38;5;240m   │[0m 
 [38;5;240m   │[0m [38;5;115mHelp[0m: Either unwrap this try block or add catch / finally clause
[38;5;246m────╯[0m

[31m[PARSE_ERROR] [0mUnexpected token
    [38;5;246m╭[0m[38;5;246m─[0m[38;5;246m[[0m src/utils/pdfExport.js:33:5 [38;5;246m][0m
    [38;5;246m│[0m
 [38;5;246m33 │[0m [38;5;249m [0m[38;5;249m [0m[38;5;249m}[0m[38;5;249m [0mcatch[38;5;249m [0m[38;5;249m{[0m
 [38;5;240m   │[0m     ──┬──  
 [38;5;240m   │[0m       ╰──── 
[38;5;246m────╯[0m
[39m
  Plugin: [35mvite:oxc[39m
  File: [36mD:/program/cloud-based-banking (2)/frontend/src/utils/pdfExport.js[39m
      at transformWithOxc (file:///D:/program/cloud-based-banking%20(2)/frontend/node_modules/vite/dist/node/chunks/node.js:4017:19)
      at TransformPluginContext.transform (file:///D:/program/cloud-based-banking%20(2)/frontend/node_modules/vite/dist/node/chunks/node.js:4088:26)
      at EnvironmentPluginContainer.transform (file:///D:/program/cloud-based-banking%20(2)/frontend/node_modules/vite/dist/node/chunks/node.js:30151:51)
      at async loadAndTransform (file:///D:/program/cloud-based-banking%20(2)/frontend/node_modules/vite/dist/node/chunks/node.js:20098:26)
      at async viteTransformMiddleware (file:///D:/program/cloud-based-banking%20(2)/frontend/node_modules/vite/dist/node/chunks/node.js:24559:20)
[2m10:05:53 AM[22m [31m[1m[vite][22m[39m [31m[2m(client)[22m[39m Pre-transform error: Transform failed with 1 error:

[31m[PARSE_ERROR] [0mExpected `,` or `)` but found `:`
    [38;5;246m╭[0m[38;5;246m─[0m[38;5;246m[[0m src/pages/settings/UserSettings.jsx:53:30 [38;5;246m][0m
    [38;5;246m│[0m
 [38;5;246m53 │[0m [38;5;249m [0m[38;5;249m [0m[38;5;249mc[0m[38;5;249mo[0m[38;5;249mn[0m[38;5;249ms[0m[38;5;249mt[0m[38;5;249m [0m[38;5;249mt[0m[38;5;249ma[0m[38;5;249mb[0m[38;5;249mB[0m[38;5;249mu[0m[38;5;249mt[0m[38;5;249mt[0m[38;5;249mo[0m[38;5;249mn[0m[38;5;249m [0m[38;5;249m=[0m[38;5;249m [0m([38;5;249mi[0m[38;5;249md[0m[38;5;249m,[0m[38;5;249m [0m[38;5;249mi[0m[38;5;249mc[0m[38;5;249mo[0m[38;5;249mn[0m:[38;5;249m [0m[38;5;249mI[0m[38;5;249mc[0m[38;5;249mo[0m[38;5;249mn[0m[38;5;249m,[0m[38;5;249m [0m[38;5;249ml[0m[38;5;249ma[0m[38;5;249mb[0m[38;5;249me[0m[38;5;249ml[0m[38;5;249m)[0m[38;5;249m [0m[38;5;249m=[0m[38;5;249m>[0m[38;5;249m [0m[38;5;249m([0m
 [38;5;240m   │[0m                     ┬        ┬  
 [38;5;240m   │[0m                     ╰─────────── Opened here
 [38;5;240m   │[0m                              │  
 [38;5;240m   │[0m                              ╰── `,` or `)` expected
[38;5;246m────╯[0m

  Plugin: [35mvite:oxc[39m
  File: [36mD:/program/cloud-based-banking (2)/frontend/src/pages/settings/UserSettings.jsx[39m
[2m10:05:53 AM[22m [31m[1m[vite][22m[39m [31mInternal server error: Transform failed with 1 error:

[31m[PARSE_ERROR] [0mExpected `,` or `)` but found `:`
    [38;5;246m╭[0m[38;5;246m─[0m[38;5;246m[[0m src/pages/settings/UserSettings.jsx:53:30 [38;5;246m][0m
    [38;5;246m│[0m
 [38;5;246m53 │[0m [38;5;249m [0m[38;5;249m [0m[38;5;249mc[0m[38;5;249mo[0m[38;5;249mn[0m[38;5;249ms[0m[38;5;249mt[0m[38;5;249m [0m[38;5;249mt[0m[38;5;249ma[0m[38;5;249mb[0m[38;5;249mB[0m[38;5;249mu[0m[38;5;249mt[0m[38;5;249mt[0m[38;5;249mo[0m[38;5;249mn[0m[38;5;249m [0m[38;5;249m=[0m[38;5;249m [0m([38;5;249mi[0m[38;5;249md[0m[38;5;249m,[0m[38;5;249m [0m[38;5;249mi[0m[38;5;249mc[0m[38;5;249mo[0m[38;5;249mn[0m:[38;5;249m [0m[38;5;249mI[0m[38;5;249mc[0m[38;5;249mo[0m[38;5;249mn[0m[38;5;249m,[0m[38;5;249m [0m[38;5;249ml[0m[38;5;249ma[0m[38;5;249mb[0m[38;5;249me[0m[38;5;249ml[0m[38;5;249m)[0m[38;5;249m [0m[38;5;249m=[0m[38;5;249m>[0m[38;5;249m [0m[38;5;249m([0m
 [38;5;240m   │[0m                     ┬        ┬  
 [38;5;240m   │[0m                     ╰─────────── Opened here
 [38;5;240m   │[0m                              │  
 [38;5;240m   │[0m                              ╰── `,` or `)` expected
[38;5;246m────╯[0m
[39m
  Plugin: [35mvite:oxc[39m
  File: [36mD:/program/cloud-based-banking (2)/frontend/src/pages/settings/UserSettings.jsx[39m
      at transformWithOxc (file:///D:/program/cloud-based-banking%20(2)/frontend/node_modules/vite/dist/node/chunks/node.js:4017:19)
      at TransformPluginContext.transform (file:///D:/program/cloud-based-banking%20(2)/frontend/node_modules/vite/dist/node/chunks/node.js:4088:26)
      at EnvironmentPluginContainer.transform (file:///D:/program/cloud-based-banking%20(2)/frontend/node_modules/vite/dist/node/chunks/node.js:30151:51)
      at async loadAndTransform (file:///D:/program/cloud-based-banking%20(2)/frontend/node_modules/vite/dist/node/chunks/node.js:20098:26)
      at async viteTransformMiddleware (file:///D:/program/cloud-based-banking%20(2)/frontend/node_modules/vite/dist/node/chunks/node.js:24559:20)
[2m10:05:53 AM[22m [31m[1m[vite][22m[39m [31mInternal server error: Transform failed with 2 errors:

[31m[PARSE_ERROR] [0mMissing catch or finally clause
    [38;5;246m╭[0m[38;5;246m─[0m[38;5;246m[[0m src/utils/pdfExport.js:32:6 [38;5;246m][0m
    [38;5;246m│[0m
 [38;5;246m32 │[0m [38;5;249m [0m[38;5;249m [0m[38;5;249m [0m[38;5;249m [0m[38;5;249m}[0m
 [38;5;240m   │[0m      │ 
 [38;5;240m   │[0m      ╰─ 
 [38;5;240m   │[0m 
 [38;5;240m   │[0m [38;5;115mHelp[0m: Either unwrap this try block or add catch / finally clause
[38;5;246m────╯[0m

[31m[PARSE_ERROR] [0mUnexpected token
    [38;5;246m╭[0m[38;5;246m─[0m[38;5;246m[[0m src/utils/pdfExport.js:33:5 [38;5;246m][0m
    [38;5;246m│[0m
 [38;5;246m33 │[0m [38;5;249m [0m[38;5;249m [0m[38;5;249m}[0m[38;5;249m [0mcatch[38;5;249m [0m[38;5;249m{[0m
 [38;5;240m   │[0m     ──┬──  
 [38;5;240m   │[0m       ╰──── 
[38;5;246m────╯[0m
[39m
  Plugin: [35mvite:oxc[39m
  File: [36mD:/program/cloud-based-banking (2)/frontend/src/utils/pdfExport.js[39m
      at transformWithOxc (file:///D:/program/cloud-based-banking%20(2)/frontend/node_modules/vite/dist/node/chunks/node.js:4017:19)
      at TransformPluginContext.transform (file:///D:/program/cloud-based-banking%20(2)/frontend/node_modules/vite/dist/node/chunks/node.js:4088:26)
      at EnvironmentPluginContainer.transform (file:///D:/program/cloud-based-banking%20(2)/frontend/node_modules/vite/dist/node/chunks/node.js:30151:51)
      at async loadAndTransform (file:///D:/program/cloud-based-banking%20(2)/frontend/node_modules/vite/dist/node/chunks/node.js:20098:26)
      at async viteTransformMiddleware (file:///D:/program/cloud-based-banking%20(2)/frontend/node_modules/vite/dist/node/chunks/node.js:24559:20)
[2m10:05:58 AM[22m [31m[1m[vite][22m[39m [31m[2m(client)[22m[39m Pre-transform error: Transform failed with 1 error:

[31m[PARSE_ERROR] [0mExpected `,` or `)` but found `:`
    [38;5;246m╭[0m[38;5;246m─[0m[38;5;246m[[0m src/pages/settings/UserSettings.jsx:53:30 [38;5;246m][0m
    [38;5;246m│[0m
 [38;5;246m53 │[0m [38;5;249m [0m[38;5;249m [0m[38;5;249mc[0m[38;5;249mo[0m[38;5;249mn[0m[38;5;249ms[0m[38;5;249mt[0m[38;5;249m [0m[38;5;249mt[0m[38;5;249ma[0m[38;5;249mb[0m[38;5;249mB[0m[38;5;249mu[0m[38;5;249mt[0m[38;5;249mt[0m[38;5;249mo[0m[38;5;249mn[0m[38;5;249m [0m[38;5;249m=[0m[38;5;249m [0m([38;5;249mi[0m[38;5;249md[0m[38;5;249m,[0m[38;5;249m [0m[38;5;249mi[0m[38;5;249mc[0m[38;5;249mo[0m[38;5;249mn[0m:[38;5;249m [0m[38;5;249mI[0m[38;5;249mc[0m[38;5;249mo[0m[38;5;249mn[0m[38;5;249m,[0m[38;5;249m [0m[38;5;249ml[0m[38;5;249ma[0m[38;5;249mb[0m[38;5;249me[0m[38;5;249ml[0m[38;5;249m)[0m[38;5;249m [0m[38;5;249m=[0m[38;5;249m>[0m[38;5;249m [0m[38;5;249m([0m
 [38;5;240m   │[0m                     ┬        ┬  
 [38;5;240m   │[0m                     ╰─────────── Opened here
 [38;5;240m   │[0m                              │  
 [38;5;240m   │[0m                              ╰── `,` or `)` expected
[38;5;246m────╯[0m

  Plugin: [35mvite:oxc[39m
  File: [36mD:/program/cloud-based-banking (2)/frontend/src/pages/settings/UserSettings.jsx[39m
[2m10:05:59 AM[22m [31m[1m[vite][22m[39m [31mInternal server error: Transform failed with 1 error:

[31m[PARSE_ERROR] [0mExpected `,` or `)` but found `:`
    [38;5;246m╭[0m[38;5;246m─[0m[38;5;246m[[0m src/pages/settings/UserSettings.jsx:53:30 [38;5;246m][0m
    [38;5;246m│[0m
 [38;5;246m53 │[0m [38;5;249m [0m[38;5;249m [0m[38;5;249mc[0m[38;5;249mo[0m[38;5;249mn[0m[38;5;249ms[0m[38;5;249mt[0m[38;5;249m [0m[38;5;249mt[0m[38;5;249ma[0m[38;5;249mb[0m[38;5;249mB[0m[38;5;249mu[0m[38;5;249mt[0m[38;5;249mt[0m[38;5;249mo[0m[38;5;249mn[0m[38;5;249m [0m[38;5;249m=[0m[38;5;249m [0m([38;5;249mi[0m[38;5;249md[0m[38;5;249m,[0m[38;5;249m [0m[38;5;249mi[0m[38;5;249mc[0m[38;5;249mo[0m[38;5;249mn[0m:[38;5;249m [0m[38;5;249mI[0m[38;5;249mc[0m[38;5;249mo[0m[38;5;249mn[0m[38;5;249m,[0m[38;5;249m [0m[38;5;249ml[0m[38;5;249ma[0m[38;5;249mb[0m[38;5;249me[0m[38;5;249ml[0m[38;5;249m)[0m[38;5;249m [0m[38;5;249m=[0m[38;5;249m>[0m[38;5;249m [0m[38;5;249m([0m
 [38;5;240m   │[0m                     ┬        ┬  
 [38;5;240m   │[0m                     ╰─────────── Opened here
 [38;5;240m   │[0m                              │  
 [38;5;240m   │[0m                              ╰── `,` or `)` expected
[38;5;246m────╯[0m
[39m
  Plugin: [35mvite:oxc[39m
  File: [36mD:/program/cloud-based-banking (2)/frontend/src/pages/settings/UserSettings.jsx[39m
      at transformWithOxc (file:///D:/program/cloud-based-banking%20(2)/frontend/node_modules/vite/dist/node/chunks/node.js:4017:19)
      at TransformPluginContext.transform (file:///D:/program/cloud-based-banking%20(2)/frontend/node_modules/vite/dist/node/chunks/node.js:4088:26)
      at EnvironmentPluginContainer.transform (file:///D:/program/cloud-based-banking%20(2)/frontend/node_modules/vite/dist/node/chunks/node.js:30151:51)
      at async loadAndTransform (file:///D:/program/cloud-based-banking%20(2)/frontend/node_modules/vite/dist/node/chunks/node.js:20098:26)
      at async viteTransformMiddleware (file:///D:/program/cloud-based-banking%20(2)/frontend/node_modules/vite/dist/node/chunks/node.js:24559:20)
[2m10:05:59 AM[22m [31m[1m[vite][22m[39m [31mInternal server error: Transform failed with 2 errors:

[31m[PARSE_ERROR] [0mMissing catch or finally clause
    [38;5;246m╭[0m[38;5;246m─[0m[38;5;246m[[0m src/utils/pdfExport.js:32:6 [38;5;246m][0m
    [38;5;246m│[0m
 [38;5;246m32 │[0m [38;5;249m [0m[38;5;249m [0m[38;5;249m [0m[38;5;249m [0m[38;5;249m}[0m
 [38;5;240m   │[0m      │ 
 [38;5;240m   │[0m      ╰─ 
 [38;5;240m   │[0m 
 [38;5;240m   │[0m [38;5;115mHelp[0m: Either unwrap this try block or add catch / finally clause
[38;5;246m────╯[0m

[31m[PARSE_ERROR] [0mUnexpected token
    [38;5;246m╭[0m[38;5;246m─[0m[38;5;246m[[0m src/utils/pdfExport.js:33:5 [38;5;246m][0m
    [38;5;246m│[0m
 [38;5;246m33 │[0m [38;5;249m [0m[38;5;249m [0m[38;5;249m}[0m[38;5;249m [0mcatch[38;5;249m [0m[38;5;249m{[0m
 [38;5;240m   │[0m     ──┬──  
 [38;5;240m   │[0m       ╰──── 
[38;5;246m────╯[0m
[39m
  Plugin: [35mvite:oxc[39m
  File: [36mD:/program/cloud-based-banking (2)/frontend/src/utils/pdfExport.js[39m
      at transformWithOxc (file:///D:/program/cloud-based-banking%20(2)/frontend/node_modules/vite/dist/node/chunks/node.js:4017:19)
      at TransformPluginContext.transform (file:///D:/program/cloud-based-banking%20(2)/frontend/node_modules/vite/dist/node/chunks/node.js:4088:26)
      at EnvironmentPluginContainer.transform (file:///D:/program/cloud-based-banking%20(2)/frontend/node_modules/vite/dist/node/chunks/node.js:30151:51)
      at async loadAndTransform (file:///D:/program/cloud-based-banking%20(2)/frontend/node_modules/vite/dist/node/chunks/node.js:20098:26)
      at async viteTransformMiddleware (file:///D:/program/cloud-based-banking%20(2)/frontend/node_modules/vite/dist/node/chunks/node.js:24559:20)
[2m10:06:02 AM[22m [31m[1m[vite][22m[39m [31m[2m(client)[22m[39m Pre-transform error: Transform failed with 1 error:

[31m[PARSE_ERROR] [0mExpected `,` or `)` but found `:`
    [38;5;246m╭[0m[38;5;246m─[0m[38;5;246m[[0m src/pages/settings/UserSettings.jsx:53:30 [38;5;246m][0m
    [38;5;246m│[0m
 [38;5;246m53 │[0m [38;5;249m [0m[38;5;249m [0m[38;5;249mc[0m[38;5;249mo[0m[38;5;249mn[0m[38;5;249ms[0m[38;5;249mt[0m[38;5;249m [0m[38;5;249mt[0m[38;5;249ma[0m[38;5;249mb[0m[38;5;249mB[0m[38;5;249mu[0m[38;5;249mt[0m[38;5;249mt[0m[38;5;249mo[0m[38;5;249mn[0m[38;5;249m [0m[38;5;249m=[0m[38;5;249m [0m([38;5;249mi[0m[38;5;249md[0m[38;5;249m,[0m[38;5;249m [0m[38;5;249mi[0m[38;5;249mc[0m[38;5;249mo[0m[38;5;249mn[0m:[38;5;249m [0m[38;5;249mI[0m[38;5;249mc[0m[38;5;249mo[0m[38;5;249mn[0m[38;5;249m,[0m[38;5;249m [0m[38;5;249ml[0m[38;5;249ma[0m[38;5;249mb[0m[38;5;249me[0m[38;5;249ml[0m[38;5;249m)[0m[38;5;249m [0m[38;5;249m=[0m[38;5;249m>[0m[38;5;249m [0m[38;5;249m([0m
 [38;5;240m   │[0m                     ┬        ┬  
 [38;5;240m   │[0m                     ╰─────────── Opened here
 [38;5;240m   │[0m                              │  
 [38;5;240m   │[0m                              ╰── `,` or `)` expected
[38;5;246m────╯[0m

  Plugin: [35mvite:oxc[39m
  File: [36mD:/program/cloud-based-banking (2)/frontend/src/pages/settings/UserSettings.jsx[39m
[2m10:06:03 AM[22m [31m[1m[vite][22m[39m [31mInternal server error: Transform failed with 1 error:

[31m[PARSE_ERROR] [0mExpected `,` or `)` but found `:`
    [38;5;246m╭[0m[38;5;246m─[0m[38;5;246m[[0m src/pages/settings/UserSettings.jsx:53:30 [38;5;246m][0m
    [38;5;246m│[0m
 [38;5;246m53 │[0m [38;5;249m [0m[38;5;249m [0m[38;5;249mc[0m[38;5;249mo[0m[38;5;249mn[0m[38;5;249ms[0m[38;5;249mt[0m[38;5;249m [0m[38;5;249mt[0m[38;5;249ma[0m[38;5;249mb[0m[38;5;249mB[0m[38;5;249mu[0m[38;5;249mt[0m[38;5;249mt[0m[38;5;249mo[0m[38;5;249mn[0m[38;5;249m [0m[38;5;249m=[0m[38;5;249m [0m([38;5;249mi[0m[38;5;249md[0m[38;5;249m,[0m[38;5;249m [0m[38;5;249mi[0m[38;5;249mc[0m[38;5;249mo[0m[38;5;249mn[0m:[38;5;249m [0m[38;5;249mI[0m[38;5;249mc[0m[38;5;249mo[0m[38;5;249mn[0m[38;5;249m,[0m[38;5;249m [0m[38;5;249ml[0m[38;5;249ma[0m[38;5;249mb[0m[38;5;249me[0m[38;5;249ml[0m[38;5;249m)[0m[38;5;249m [0m[38;5;249m=[0m[38;5;249m>[0m[38;5;249m [0m[38;5;249m([0m
 [38;5;240m   │[0m                     ┬        ┬  
 [38;5;240m   │[0m                     ╰─────────── Opened here
 [38;5;240m   │[0m                              │  
 [38;5;240m   │[0m                              ╰── `,` or `)` expected
[38;5;246m────╯[0m
[39m
  Plugin: [35mvite:oxc[39m
  File: [36mD:/program/cloud-based-banking (2)/frontend/src/pages/settings/UserSettings.jsx[39m
      at transformWithOxc (file:///D:/program/cloud-based-banking%20(2)/frontend/node_modules/vite/dist/node/chunks/node.js:4017:19)
      at TransformPluginContext.transform (file:///D:/program/cloud-based-banking%20(2)/frontend/node_modules/vite/dist/node/chunks/node.js:4088:26)
      at EnvironmentPluginContainer.transform (file:///D:/program/cloud-based-banking%20(2)/frontend/node_modules/vite/dist/node/chunks/node.js:30151:51)
      at async loadAndTransform (file:///D:/program/cloud-based-banking%20(2)/frontend/node_modules/vite/dist/node/chunks/node.js:20098:26)
      at async viteTransformMiddleware (file:///D:/program/cloud-based-banking%20(2)/frontend/node_modules/vite/dist/node/chunks/node.js:24559:20)
[2m10:06:03 AM[22m [31m[1m[vite][22m[39m [31mInternal server error: Transform failed with 1 error:

[31m[PARSE_ERROR] [0mExpected `,` or `)` but found `:`
    [38;5;246m╭[0m[38;5;246m─[0m[38;5;246m[[0m src/pages/settings/UserSettings.jsx:53:30 [38;5;246m][0m
    [38;5;246m│[0m
 [38;5;246m53 │[0m [38;5;249m [0m[38;5;249m [0m[38;5;249mc[0m[38;5;249mo[0m[38;5;249mn[0m[38;5;249ms[0m[38;5;249mt[0m[38;5;249m [0m[38;5;249mt[0m[38;5;249ma[0m[38;5;249mb[0m[38;5;249mB[0m[38;5;249mu[0m[38;5;249mt[0m[38;5;249mt[0m[38;5;249mo[0m[38;5;249mn[0m[38;5;249m [0m[38;5;249m=[0m[38;5;249m [0m([38;5;249mi[0m[38;5;249md[0m[38;5;249m,[0m[38;5;249m [0m[38;5;249mi[0m[38;5;249mc[0m[38;5;249mo[0m[38;5;249mn[0m:[38;5;249m [0m[38;5;249mI[0m[38;5;249mc[0m[38;5;249mo[0m[38;5;249mn[0m[38;5;249m,[0m[38;5;249m [0m[38;5;249ml[0m[38;5;249ma[0m[38;5;249mb[0m[38;5;249me[0m[38;5;249ml[0m[38;5;249m)[0m[38;5;249m [0m[38;5;249m=[0m[38;5;249m>[0m[38;5;249m [0m[38;5;249m([0m
 [38;5;240m   │[0m                     ┬        ┬  
 [38;5;240m   │[0m                     ╰─────────── Opened here
 [38;5;240m   │[0m                              │  
 [38;5;240m   │[0m                              ╰── `,` or `)` expected
[38;5;246m────╯[0m
[39m
  Plugin: [35mvite:oxc[39m
  File: [36mD:/program/cloud-based-banking (2)/frontend/src/pages/settings/UserSettings.jsx[39m
      at transformWithOxc (file:///D:/program/cloud-based-banking%20(2)/frontend/node_modules/vite/dist/node/chunks/node.js:4017:19)
      at TransformPluginContext.transform (file:///D:/program/cloud-based-banking%20(2)/frontend/node_modules/vite/dist/node/chunks/node.js:4088:26)
      at EnvironmentPluginContainer.transform (file:///D:/program/cloud-based-banking%20(2)/frontend/node_modules/vite/dist/node/chunks/node.js:30151:51)
      at async loadAndTransform (file:///D:/program/cloud-based-banking%20(2)/frontend/node_modules/vite/dist/node/chunks/node.js:20098:26)
      at async viteTransformMiddleware (file:///D:/program/cloud-based-banking%20(2)/frontend/node_modules/vite/dist/node/chunks/node.js:24559:20)
[2m10:06:03 AM[22m [31m[1m[vite][22m[39m [31mInternal server error: Transform failed with 2 errors:

[31m[PARSE_ERROR] [0mMissing catch or finally clause
    [38;5;246m╭[0m[38;5;246m─[0m[38;5;246m[[0m src/utils/pdfExport.js:32:6 [38;5;246m][0m
    [38;5;246m│[0m
 [38;5;246m32 │[0m [38;5;249m [0m[38;5;249m [0m[38;5;249m [0m[38;5;249m [0m[38;5;249m}[0m
 [38;5;240m   │[0m      │ 
 [38;5;240m   │[0m      ╰─ 
 [38;5;240m   │[0m 
 [38;5;240m   │[0m [38;5;115mHelp[0m: Either unwrap this try block or add catch / finally clause
[38;5;246m────╯[0m

[31m[PARSE_ERROR] [0mUnexpected token
    [38;5;246m╭[0m[38;5;246m─[0m[38;5;246m[[0m src/utils/pdfExport.js:33:5 [38;5;246m][0m
    [38;5;246m│[0m
 [38;5;246m33 │[0m [38;5;249m [0m[38;5;249m [0m[38;5;249m}[0m[38;5;249m [0mcatch[38;5;249m [0m[38;5;249m{[0m
 [38;5;240m   │[0m     ──┬──  
 [38;5;240m   │[0m       ╰──── 
[38;5;246m────╯[0m
[39m
  Plugin: [35mvite:oxc[39m
  File: [36mD:/program/cloud-based-banking (2)/frontend/src/utils/pdfExport.js[39m
      at transformWithOxc (file:///D:/program/cloud-based-banking%20(2)/frontend/node_modules/vite/dist/node/chunks/node.js:4017:19)
      at TransformPluginContext.transform (file:///D:/program/cloud-based-banking%20(2)/frontend/node_modules/vite/dist/node/chunks/node.js:4088:26)
      at EnvironmentPluginContainer.transform (file:///D:/program/cloud-based-banking%20(2)/frontend/node_modules/vite/dist/node/chunks/node.js:30151:51)
      at async loadAndTransform (file:///D:/program/cloud-based-banking%20(2)/frontend/node_modules/vite/dist/node/chunks/node.js:20098:26)
      at async viteTransformMiddleware (file:///D:/program/cloud-based-banking%20(2)/frontend/node_modules/vite/dist/node/chunks/node.js:24559:20)
[2m10:06:03 AM[22m [31m[1m[vite][22m[39m [31mInternal server error: Transform failed with 2 errors:

[31m[PARSE_ERROR] [0mMissing catch or finally clause
    [38;5;246m╭[0m[38;5;246m─[0m[38;5;246m[[0m src/utils/pdfExport.js:32:6 [38;5;246m][0m
    [38;5;246m│[0m
 [38;5;246m32 │[0m [38;5;249m [0m[38;5;249m [0m[38;5;249m [0m[38;5;249m [0m[38;5;249m}[0m
 [38;5;240m   │[0m      │ 
 [38;5;240m   │[0m      ╰─ 
 [38;5;240m   │[0m 
 [38;5;240m   │[0m [38;5;115mHelp[0m: Either unwrap this try block or add catch / finally clause
[38;5;246m────╯[0m

[31m[PARSE_ERROR] [0mUnexpected token
    [38;5;246m╭[0m[38;5;246m─[0m[38;5;246m[[0m src/utils/pdfExport.js:33:5 [38;5;246m][0m
    [38;5;246m│[0m
 [38;5;246m33 │[0m [38;5;249m [0m[38;5;249m [0m[38;5;249m}[0m[38;5;249m [0mcatch[38;5;249m [0m[38;5;249m{[0m
 [38;5;240m   │[0m     ──┬──  
 [38;5;240m   │[0m       ╰──── 
[38;5;246m────╯[0m
[39m
  Plugin: [35mvite:oxc[39m
  File: [36mD:/program/cloud-based-banking (2)/frontend/src/utils/pdfExport.js[39m
      at transformWithOxc (file:///D:/program/cloud-based-banking%20(2)/frontend/node_modules/vite/dist/node/chunks/node.js:4017:19)
      at TransformPluginContext.transform (file:///D:/program/cloud-based-banking%20(2)/frontend/node_modules/vite/dist/node/chunks/node.js:4088:26)
      at EnvironmentPluginContainer.transform (file:///D:/program/cloud-based-banking%20(2)/frontend/node_modules/vite/dist/node/chunks/node.js:30151:51)
      at async loadAndTransform (file:///D:/program/cloud-based-banking%20(2)/frontend/node_modules/vite/dist/node/chunks/node.js:20098:26)
      at async viteTransformMiddleware (file:///D:/program/cloud-based-banking%20(2)/frontend/node_modules/vite/dist/node/chunks/node.js:24559:20)
[2m10:06:04 AM[22m [31m[1m[vite][22m[39m [31mInternal server error: Transform failed with 2 errors:

[31m[PARSE_ERROR] [0mMissing catch or finally clause
    [38;5;246m╭[0m[38;5;246m─[0m[38;5;246m[[0m src/utils/pdfExport.js:32:6 [38;5;246m][0m
    [38;5;246m│[0m
 [38;5;246m32 │[0m [38;5;249m [0m[38;5;249m [0m[38;5;249m [0m[38;5;249m [0m[38;5;249m}[0m
 [38;5;240m   │[0m      │ 
 [38;5;240m   │[0m      ╰─ 
 [38;5;240m   │[0m 
 [38;5;240m   │[0m [38;5;115mHelp[0m: Either unwrap this try block or add catch / finally clause
[38;5;246m────╯[0m

[31m[PARSE_ERROR] [0mUnexpected token
    [38;5;246m╭[0m[38;5;246m─[0m[38;5;246m[[0m src/utils/pdfExport.js:33:5 [38;5;246m][0m
    [38;5;246m│[0m
 [38;5;246m33 │[0m [38;5;249m [0m[38;5;249m [0m[38;5;249m}[0m[38;5;249m [0mcatch[38;5;249m [0m[38;5;249m{[0m
 [38;5;240m   │[0m     ──┬──  
 [38;5;240m   │[0m       ╰──── 
[38;5;246m────╯[0m
[39m
  Plugin: [35mvite:oxc[39m
  File: [36mD:/program/cloud-based-banking (2)/frontend/src/utils/pdfExport.js[39m
      at transformWithOxc (file:///D:/program/cloud-based-banking%20(2)/frontend/node_modules/vite/dist/node/chunks/node.js:4017:19)
      at TransformPluginContext.transform (file:///D:/program/cloud-based-banking%20(2)/frontend/node_modules/vite/dist/node/chunks/node.js:4088:26)
      at EnvironmentPluginContainer.transform (file:///D:/program/cloud-based-banking%20(2)/frontend/node_modules/vite/dist/node/chunks/node.js:30151:51)
      at async loadAndTransform (file:///D:/program/cloud-based-banking%20(2)/frontend/node_modules/vite/dist/node/chunks/node.js:20098:26)
      at async viteTransformMiddleware (file:///D:/program/cloud-based-banking%20(2)/frontend/node_modules/vite/dist/node/chunks/node.js:24559:20)
[2m10:06:04 AM[22m [31m[1m[vite][22m[39m [31mInternal server error: Transform failed with 2 errors:

[31m[PARSE_ERROR] [0mMissing catch or finally clause
    [38;5;246m╭[0m[38;5;246m─[0m[38;5;246m[[0m src/utils/pdfExport.js:32:6 [38;5;246m][0m
    [38;5;246m│[0m
 [38;5;246m32 │[0m [38;5;249m [0m[38;5;249m [0m[38;5;249m [0m[38;5;249m [0m[38;5;249m}[0m
 [38;5;240m   │[0m      │ 
 [38;5;240m   │[0m      ╰─ 
 [38;5;240m   │[0m 
 [38;5;240m   │[0m [38;5;115mHelp[0m: Either unwrap this try block or add catch / finally clause
[38;5;246m────╯[0m

[31m[PARSE_ERROR] [0mUnexpected token
    [38;5;246m╭[0m[38;5;246m─[0m[38;5;246m[[0m src/utils/pdfExport.js:33:5 [38;5;246m][0m
    [38;5;246m│[0m
 [38;5;246m33 │[0m [38;5;249m [0m[38;5;249m [0m[38;5;249m}[0m[38;5;249m [0mcatch[38;5;249m [0m[38;5;249m{[0m
 [38;5;240m   │[0m     ──┬──  
 [38;5;240m   │[0m       ╰──── 
[38;5;246m────╯[0m
[39m
  Plugin: [35mvite:oxc[39m
  File: [36mD:/program/cloud-based-banking (2)/frontend/src/utils/pdfExport.js[39m
      at transformWithOxc (file:///D:/program/cloud-based-banking%20(2)/frontend/node_modules/vite/dist/node/chunks/node.js:4017:19)
      at TransformPluginContext.transform (file:///D:/program/cloud-based-banking%20(2)/frontend/node_modules/vite/dist/node/chunks/node.js:4088:26)
      at EnvironmentPluginContainer.transform (file:///D:/program/cloud-based-banking%20(2)/frontend/node_modules/vite/dist/node/chunks/node.js:30151:51)
      at async loadAndTransform (file:///D:/program/cloud-based-banking%20(2)/frontend/node_modules/vite/dist/node/chunks/node.js:20098:26)
      at async viteTransformMiddleware (file:///D:/program/cloud-based-banking%20(2)/frontend/node_modules/vite/dist/node/chunks/node.js:24559:20)
[2m10:06:07 AM[22m [31m[1m[vite][22m[39m [31mInternal server error: Transform failed with 2 errors:

[31m[PARSE_ERROR] [0mMissing catch or finally clause
    [38;5;246m╭[0m[38;5;246m─[0m[38;5;246m[[0m src/utils/pdfExport.js:32:6 [38;5;246m][0m
    [38;5;246m│[0m
 [38;5;246m32 │[0m [38;5;249m [0m[38;5;249m [0m[38;5;249m [0m[38;5;249m [0m[38;5;249m}[0m
 [38;5;240m   │[0m      │ 
 [38;5;240m   │[0m      ╰─ 
 [38;5;240m   │[0m 
 [38;5;240m   │[0m [38;5;115mHelp[0m: Either unwrap this try block or add catch / finally clause
[38;5;246m────╯[0m

[31m[PARSE_ERROR] [0mUnexpected token
    [38;5;246m╭[0m[38;5;246m─[0m[38;5;246m[[0m src/utils/pdfExport.js:33:5 [38;5;246m][0m
    [38;5;246m│[0m
 [38;5;246m33 │[0m [38;5;249m [0m[38;5;249m [0m[38;5;249m}[0m[38;5;249m [0mcatch[38;5;249m [0m[38;5;249m{[0m
 [38;5;240m   │[0m     ──┬──  
 [38;5;240m   │[0m       ╰──── 
[38;5;246m────╯[0m
[39m
  Plugin: [35mvite:oxc[39m
  File: [36mD:/program/cloud-based-banking (2)/frontend/src/utils/pdfExport.js[39m
      at transformWithOxc (file:///D:/program/cloud-based-banking%20(2)/frontend/node_modules/vite/dist/node/chunks/node.js:4017:19)
      at TransformPluginContext.transform (file:///D:/program/cloud-based-banking%20(2)/frontend/node_modules/vite/dist/node/chunks/node.js:4088:26)
      at EnvironmentPluginContainer.transform (file:///D:/program/cloud-based-banking%20(2)/frontend/node_modules/vite/dist/node/chunks/node.js:30151:51)
      at async loadAndTransform (file:///D:/program/cloud-based-banking%20(2)/frontend/node_modules/vite/dist/node/chunks/node.js:20098:26)
      at async viteTransformMiddleware (file:///D:/program/cloud-based-banking%20(2)/frontend/node_modules/vite/dist/node/chunks/node.js:24559:20)
[2m10:06:08 AM[22m [31m[1m[vite][22m[39m [31mInternal server error: Transform failed with 2 errors:

[31m[PARSE_ERROR] [0mMissing catch or finally clause
    [38;5;246m╭[0m[38;5;246m─[0m[38;5;246m[[0m src/utils/pdfExport.js:32:6 [38;5;246m][0m
    [38;5;246m│[0m
 [38;5;246m32 │[0m [38;5;249m [0m[38;5;249m [0m[38;5;249m [0m[38;5;249m [0m[38;5;249m}[0m
 [38;5;240m   │[0m      │ 
 [38;5;240m   │[0m      ╰─ 
 [38;5;240m   │[0m 
 [38;5;240m   │[0m [38;5;115mHelp[0m: Either unwrap this try block or add catch / finally clause
[38;5;246m────╯[0m

[31m[PARSE_ERROR] [0mUnexpected token
    [38;5;246m╭[0m[38;5;246m─[0m[38;5;246m[[0m src/utils/pdfExport.js:33:5 [38;5;246m][0m
    [38;5;246m│[0m
 [38;5;246m33 │[0m [38;5;249m [0m[38;5;249m [0m[38;5;249m}[0m[38;5;249m [0mcatch[38;5;249m [0m[38;5;249m{[0m
 [38;5;240m   │[0m     ──┬──  
 [38;5;240m   │[0m       ╰──── 
[38;5;246m────╯[0m
[39m
  Plugin: [35mvite:oxc[39m
  File: [36mD:/program/cloud-based-banking (2)/frontend/src/utils/pdfExport.js[39m
      at transformWithOxc (file:///D:/program/cloud-based-banking%20(2)/frontend/node_modules/vite/dist/node/chunks/node.js:4017:19)
      at TransformPluginContext.transform (file:///D:/program/cloud-based-banking%20(2)/frontend/node_modules/vite/dist/node/chunks/node.js:4088:26)
      at EnvironmentPluginContainer.transform (file:///D:/program/cloud-based-banking%20(2)/frontend/node_modules/vite/dist/node/chunks/node.js:30151:51)
      at async loadAndTransform (file:///D:/program/cloud-based-banking%20(2)/frontend/node_modules/vite/dist/node/chunks/node.js:20098:26)
      at async viteTransformMiddleware (file:///D:/program/cloud-based-banking%20(2)/frontend/node_modules/vite/dist/node/chunks/node.js:24559:20)
[2m10:06:10 AM[22m [31m[1m[vite][22m[39m [31mInternal server error: Transform failed with 2 errors:

[31m[PARSE_ERROR] [0mMissing catch or finally clause
    [38;5;246m╭[0m[38;5;246m─[0m[38;5;246m[[0m src/utils/pdfExport.js:32:6 [38;5;246m][0m
    [38;5;246m│[0m
 [38;5;246m32 │[0m [38;5;249m [0m[38;5;249m [0m[38;5;249m [0m[38;5;249m [0m[38;5;249m}[0m
 [38;5;240m   │[0m      │ 
 [38;5;240m   │[0m      ╰─ 
 [38;5;240m   │[0m 
 [38;5;240m   │[0m [38;5;115mHelp[0m: Either unwrap this try block or add catch / finally clause
[38;5;246m────╯[0m

[31m[PARSE_ERROR] [0mUnexpected token
    [38;5;246m╭[0m[38;5;246m─[0m[38;5;246m[[0m src/utils/pdfExport.js:33:5 [38;5;246m][0m
    [38;5;246m│[0m
 [38;5;246m33 │[0m [38;5;249m [0m[38;5;249m [0m[38;5;249m}[0m[38;5;249m [0mcatch[38;5;249m [0m[38;5;249m{[0m
 [38;5;240m   │[0m     ──┬──  
 [38;5;240m   │[0m       ╰──── 
[38;5;246m────╯[0m
[39m
  Plugin: [35mvite:oxc[39m
  File: [36mD:/program/cloud-based-banking (2)/frontend/src/utils/pdfExport.js[39m
      at transformWithOxc (file:///D:/program/cloud-based-banking%20(2)/frontend/node_modules/vite/dist/node/chunks/node.js:4017:19)
      at TransformPluginContext.transform (file:///D:/program/cloud-based-banking%20(2)/frontend/node_modules/vite/dist/node/chunks/node.js:4088:26)
      at EnvironmentPluginContainer.transform (file:///D:/program/cloud-based-banking%20(2)/frontend/node_modules/vite/dist/node/chunks/node.js:30151:51)
      at async loadAndTransform (file:///D:/program/cloud-based-banking%20(2)/frontend/node_modules/vite/dist/node/chunks/node.js:20098:26)
      at async viteTransformMiddleware (file:///D:/program/cloud-based-banking%20(2)/frontend/node_modules/vite/dist/node/chunks/node.js:24559:20)
[2m10:06:10 AM[22m [31m[1m[vite][22m[39m [31mInternal server error: Transform failed with 2 errors:

[31m[PARSE_ERROR] [0mMissing catch or finally clause
    [38;5;246m╭[0m[38;5;246m─[0m[38;5;246m[[0m src/utils/pdfExport.js:32:6 [38;5;246m][0m
    [38;5;246m│[0m
 [38;5;246m32 │[0m [38;5;249m [0m[38;5;249m [0m[38;5;249m [0m[38;5;249m [0m[38;5;249m}[0m
 [38;5;240m   │[0m      │ 
 [38;5;240m   │[0m      ╰─ 
 [38;5;240m   │[0m 
 [38;5;240m   │[0m [38;5;115mHelp[0m: Either unwrap this try block or add catch / finally clause
[38;5;246m────╯[0m

[31m[PARSE_ERROR] [0mUnexpected token
    [38;5;246m╭[0m[38;5;246m─[0m[38;5;246m[[0m src/utils/pdfExport.js:33:5 [38;5;246m][0m
    [38;5;246m│[0m
 [38;5;246m33 │[0m [38;5;249m [0m[38;5;249m [0m[38;5;249m}[0m[38;5;249m [0mcatch[38;5;249m [0m[38;5;249m{[0m
 [38;5;240m   │[0m     ──┬──  
 [38;5;240m   │[0m       ╰──── 
[38;5;246m────╯[0m
[39m
  Plugin: [35mvite:oxc[39m
  File: [36mD:/program/cloud-based-banking (2)/frontend/src/utils/pdfExport.js[39m
      at transformWithOxc (file:///D:/program/cloud-based-banking%20(2)/frontend/node_modules/vite/dist/node/chunks/node.js:4017:19)
      at TransformPluginContext.transform (file:///D:/program/cloud-based-banking%20(2)/frontend/node_modules/vite/dist/node/chunks/node.js:4088:26)
      at EnvironmentPluginContainer.transform (file:///D:/program/cloud-based-banking%20(2)/frontend/node_modules/vite/dist/node/chunks/node.js:30151:51)
      at async loadAndTransform (file:///D:/program/cloud-based-banking%20(2)/frontend/node_modules/vite/dist/node/chunks/node.js:20098:26)
      at async viteTransformMiddleware (file:///D:/program/cloud-based-banking%20(2)/frontend/node_modules/vite/dist/node/chunks/node.js:24559:20)
[2m10:06:13 AM[22m [31m[1m[vite][22m[39m [31mInternal server error: Transform failed with 2 errors:

[31m[PARSE_ERROR] [0mMissing catch or finally clause
    [38;5;246m╭[0m[38;5;246m─[0m[38;5;246m[[0m src/utils/pdfExport.js:32:6 [38;5;246m][0m
    [38;5;246m│[0m
 [38;5;246m32 │[0m [38;5;249m [0m[38;5;249m [0m[38;5;249m [0m[38;5;249m [0m[38;5;249m}[0m
 [38;5;240m   │[0m      │ 
 [38;5;240m   │[0m      ╰─ 
 [38;5;240m   │[0m 
 [38;5;240m   │[0m [38;5;115mHelp[0m: Either unwrap this try block or add catch / finally clause
[38;5;246m────╯[0m

[31m[PARSE_ERROR] [0mUnexpected token
    [38;5;246m╭[0m[38;5;246m─[0m[38;5;246m[[0m src/utils/pdfExport.js:33:5 [38;5;246m][0m
    [38;5;246m│[0m
 [38;5;246m33 │[0m [38;5;249m [0m[38;5;249m [0m[38;5;249m}[0m[38;5;249m [0mcatch[38;5;249m [0m[38;5;249m{[0m
 [38;5;240m   │[0m     ──┬──  
 [38;5;240m   │[0m       ╰──── 
[38;5;246m────╯[0m
[39m
  Plugin: [35mvite:oxc[39m
  File: [36mD:/program/cloud-based-banking (2)/frontend/src/utils/pdfExport.js[39m
      at transformWithOxc (file:///D:/program/cloud-based-banking%20(2)/frontend/node_modules/vite/dist/node/chunks/node.js:4017:19)
      at TransformPluginContext.transform (file:///D:/program/cloud-based-banking%20(2)/frontend/node_modules/vite/dist/node/chunks/node.js:4088:26)
      at EnvironmentPluginContainer.transform (file:///D:/program/cloud-based-banking%20(2)/frontend/node_modules/vite/dist/node/chunks/node.js:30151:51)
      at async loadAndTransform (file:///D:/program/cloud-based-banking%20(2)/frontend/node_modules/vite/dist/node/chunks/node.js:20098:26)
      at async viteTransformMiddleware (file:///D:/program/cloud-based-banking%20(2)/frontend/node_modules/vite/dist/node/chunks/node.js:24559:20)
[2m10:06:13 AM[22m [31m[1m[vite][22m[39m [31mInternal server error: Transform failed with 2 errors:

[31m[PARSE_ERROR] [0mMissing catch or finally clause
    [38;5;246m╭[0m[38;5;246m─[0m[38;5;246m[[0m src/utils/pdfExport.js:32:6 [38;5;246m][0m
    [38;5;246m│[0m
 [38;5;246m32 │[0m [38;5;249m [0m[38;5;249m [0m[38;5;249m [0m[38;5;249m [0m[38;5;249m}[0m
 [38;5;240m   │[0m      │ 
 [38;5;240m   │[0m      ╰─ 
 [38;5;240m   │[0m 
 [38;5;240m   │[0m [38;5;115mHelp[0m: Either unwrap this try block or add catch / finally clause
[38;5;246m────╯[0m

[31m[PARSE_ERROR] [0mUnexpected token
    [38;5;246m╭[0m[38;5;246m─[0m[38;5;246m[[0m src/utils/pdfExport.js:33:5 [38;5;246m][0m
    [38;5;246m│[0m
 [38;5;246m33 │[0m [38;5;249m [0m[38;5;249m [0m[38;5;249m}[0m[38;5;249m [0mcatch[38;5;249m [0m[38;5;249m{[0m
 [38;5;240m   │[0m     ──┬──  
 [38;5;240m   │[0m       ╰──── 
[38;5;246m────╯[0m
[39m
  Plugin: [35mvite:oxc[39m
  File: [36mD:/program/cloud-based-banking (2)/frontend/src/utils/pdfExport.js[39m
      at transformWithOxc (file:///D:/program/cloud-based-banking%20(2)/frontend/node_modules/vite/dist/node/chunks/node.js:4017:19)
      at TransformPluginContext.transform (file:///D:/program/cloud-based-banking%20(2)/frontend/node_modules/vite/dist/node/chunks/node.js:4088:26)
      at EnvironmentPluginContainer.transform (file:///D:/program/cloud-based-banking%20(2)/frontend/node_modules/vite/dist/node/chunks/node.js:30151:51)
      at async loadAndTransform (file:///D:/program/cloud-based-banking%20(2)/frontend/node_modules/vite/dist/node/chunks/node.js:20098:26)
      at async viteTransformMiddleware (file:///D:/program/cloud-based-banking%20(2)/frontend/node_modules/vite/dist/node/chunks/node.js:24559:20)
[2m10:06:15 AM[22m [31m[1m[vite][22m[39m [31mInternal server error: Transform failed with 2 errors:

[31m[PARSE_ERROR] [0mMissing catch or finally clause
    [38;5;246m╭[0m[38;5;246m─[0m[38;5;246m[[0m src/utils/pdfExport.js:32:6 [38;5;246m][0m
    [38;5;246m│[0m
 [38;5;246m32 │[0m [38;5;249m [0m[38;5;249m [0m[38;5;249m [0m[38;5;249m [0m[38;5;249m}[0m
 [38;5;240m   │[0m      │ 
 [38;5;240m   │[0m      ╰─ 
 [38;5;240m   │[0m 
 [38;5;240m   │[0m [38;5;115mHelp[0m: Either unwrap this try block or add catch / finally clause
[38;5;246m────╯[0m

[31m[PARSE_ERROR] [0mUnexpected token
    [38;5;246m╭[0m[38;5;246m─[0m[38;5;246m[[0m src/utils/pdfExport.js:33:5 [38;5;246m][0m
    [38;5;246m│[0m
 [38;5;246m33 │[0m [38;5;249m [0m[38;5;249m [0m[38;5;249m}[0m[38;5;249m [0mcatch[38;5;249m [0m[38;5;249m{[0m
 [38;5;240m   │[0m     ──┬──  
 [38;5;240m   │[0m       ╰──── 
[38;5;246m────╯[0m
[39m
  Plugin: [35mvite:oxc[39m
  File: [36mD:/program/cloud-based-banking (2)/frontend/src/utils/pdfExport.js[39m
      at transformWithOxc (file:///D:/program/cloud-based-banking%20(2)/frontend/node_modules/vite/dist/node/chunks/node.js:4017:19)
      at TransformPluginContext.transform (file:///D:/program/cloud-based-banking%20(2)/frontend/node_modules/vite/dist/node/chunks/node.js:4088:26)
      at EnvironmentPluginContainer.transform (file:///D:/program/cloud-based-banking%20(2)/frontend/node_modules/vite/dist/node/chunks/node.js:30151:51)
      at async loadAndTransform (file:///D:/program/cloud-based-banking%20(2)/frontend/node_modules/vite/dist/node/chunks/node.js:20098:26)
      at async viteTransformMiddleware (file:///D:/program/cloud-based-banking%20(2)/frontend/node_modules/vite/dist/node/chunks/node.js:24559:20)
[2m10:06:15 AM[22m [31m[1m[vite][22m[39m [31mInternal server error: Transform failed with 2 errors:

[31m[PARSE_ERROR] [0mMissing catch or finally clause
    [38;5;246m╭[0m[38;5;246m─[0m[38;5;246m[[0m src/utils/pdfExport.js:32:6 [38;5;246m][0m
    [38;5;246m│[0m
 [38;5;246m32 │[0m [38;5;249m [0m[38;5;249m [0m[38;5;249m [0m[38;5;249m [0m[38;5;249m}[0m
 [38;5;240m   │[0m      │ 
 [38;5;240m   │[0m      ╰─ 
 [38;5;240m   │[0m 
 [38;5;240m   │[0m [38;5;115mHelp[0m: Either unwrap this try block or add catch / finally clause
[38;5;246m────╯[0m

[31m[PARSE_ERROR] [0mUnexpected token
    [38;5;246m╭[0m[38;5;246m─[0m[38;5;246m[[0m src/utils/pdfExport.js:33:5 [38;5;246m][0m
    [38;5;246m│[0m
 [38;5;246m33 │[0m [38;5;249m [0m[38;5;249m [0m[38;5;249m}[0m[38;5;249m [0mcatch[38;5;249m [0m[38;5;249m{[0m
 [38;5;240m   │[0m     ──┬──  
 [38;5;240m   │[0m       ╰──── 
[38;5;246m────╯[0m
[39m
  Plugin: [35mvite:oxc[39m
  File: [36mD:/program/cloud-based-banking (2)/frontend/src/utils/pdfExport.js[39m
      at transformWithOxc (file:///D:/program/cloud-based-banking%20(2)/frontend/node_modules/vite/dist/node/chunks/node.js:4017:19)
      at TransformPluginContext.transform (file:///D:/program/cloud-based-banking%20(2)/frontend/node_modules/vite/dist/node/chunks/node.js:4088:26)
      at EnvironmentPluginContainer.transform (file:///D:/program/cloud-based-banking%20(2)/frontend/node_modules/vite/dist/node/chunks/node.js:30151:51)
      at async loadAndTransform (file:///D:/program/cloud-based-banking%20(2)/frontend/node_modules/vite/dist/node/chunks/node.js:20098:26)
      at async viteTransformMiddleware (file:///D:/program/cloud-based-banking%20(2)/frontend/node_modules/vite/dist/node/chunks/node.js:24559:20)
[2m10:06:16 AM[22m [31m[1m[vite][22m[39m [31mInternal server error: Transform failed with 2 errors:

[31m[PARSE_ERROR] [0mMissing catch or finally clause
    [38;5;246m╭[0m[38;5;246m─[0m[38;5;246m[[0m src/utils/pdfExport.js:32:6 [38;5;246m][0m
    [38;5;246m│[0m
 [38;5;246m32 │[0m [38;5;249m [0m[38;5;249m [0m[38;5;249m [0m[38;5;249m [0m[38;5;249m}[0m
 [38;5;240m   │[0m      │ 
 [38;5;240m   │[0m      ╰─ 
 [38;5;240m   │[0m 
 [38;5;240m   │[0m [38;5;115mHelp[0m: Either unwrap this try block or add catch / finally clause
[38;5;246m────╯[0m

[31m[PARSE_ERROR] [0mUnexpected token
    [38;5;246m╭[0m[38;5;246m─[0m[38;5;246m[[0m src/utils/pdfExport.js:33:5 [38;5;246m][0m
    [38;5;246m│[0m
 [38;5;246m33 │[0m [38;5;249m [0m[38;5;249m [0m[38;5;249m}[0m[38;5;249m [0mcatch[38;5;249m [0m[38;5;249m{[0m
 [38;5;240m   │[0m     ──┬──  
 [38;5;240m   │[0m       ╰──── 
[38;5;246m────╯[0m
[39m
  Plugin: [35mvite:oxc[39m
  File: [36mD:/program/cloud-based-banking (2)/frontend/src/utils/pdfExport.js[39m
      at transformWithOxc (file:///D:/program/cloud-based-banking%20(2)/frontend/node_modules/vite/dist/node/chunks/node.js:4017:19)
      at TransformPluginContext.transform (file:///D:/program/cloud-based-banking%20(2)/frontend/node_modules/vite/dist/node/chunks/node.js:4088:26)
      at EnvironmentPluginContainer.transform (file:///D:/program/cloud-based-banking%20(2)/frontend/node_modules/vite/dist/node/chunks/node.js:30151:51)
      at async loadAndTransform (file:///D:/program/cloud-based-banking%20(2)/frontend/node_modules/vite/dist/node/chunks/node.js:20098:26)
      at async viteTransformMiddleware (file:///D:/program/cloud-based-banking%20(2)/frontend/node_modules/vite/dist/node/chunks/node.js:24559:20)
[2m10:06:16 AM[22m [31m[1m[vite][22m[39m [31mInternal server error: Transform failed with 2 errors:

[31m[PARSE_ERROR] [0mMissing catch or finally clause
    [38;5;246m╭[0m[38;5;246m─[0m[38;5;246m[[0m src/utils/pdfExport.js:32:6 [38;5;246m][0m
    [38;5;246m│[0m
 [38;5;246m32 │[0m [38;5;249m [0m[38;5;249m [0m[38;5;249m [0m[38;5;249m [0m[38;5;249m}[0m
 [38;5;240m   │[0m      │ 
 [38;5;240m   │[0m      ╰─ 
 [38;5;240m   │[0m 
 [38;5;240m   │[0m [38;5;115mHelp[0m: Either unwrap this try block or add catch / finally clause
[38;5;246m────╯[0m

[31m[PARSE_ERROR] [0mUnexpected token
    [38;5;246m╭[0m[38;5;246m─[0m[38;5;246m[[0m src/utils/pdfExport.js:33:5 [38;5;246m][0m
    [38;5;246m│[0m
 [38;5;246m33 │[0m [38;5;249m [0m[38;5;249m [0m[38;5;249m}[0m[38;5;249m [0mcatch[38;5;249m [0m[38;5;249m{[0m
 [38;5;240m   │[0m     ──┬──  
 [38;5;240m   │[0m       ╰──── 
[38;5;246m────╯[0m
[39m
  Plugin: [35mvite:oxc[39m
  File: [36mD:/program/cloud-based-banking (2)/frontend/src/utils/pdfExport.js[39m
      at transformWithOxc (file:///D:/program/cloud-based-banking%20(2)/frontend/node_modules/vite/dist/node/chunks/node.js:4017:19)
      at TransformPluginContext.transform (file:///D:/program/cloud-based-banking%20(2)/frontend/node_modules/vite/dist/node/chunks/node.js:4088:26)
      at EnvironmentPluginContainer.transform (file:///D:/program/cloud-based-banking%20(2)/frontend/node_modules/vite/dist/node/chunks/node.js:30151:51)
      at async loadAndTransform (file:///D:/program/cloud-based-banking%20(2)/frontend/node_modules/vite/dist/node/chunks/node.js:20098:26)
      at async viteTransformMiddleware (file:///D:/program/cloud-based-banking%20(2)/frontend/node_modules/vite/dist/node/chunks/node.js:24559:20)
[2m10:06:19 AM[22m [31m[1m[vite][22m[39m [31mInternal server error: Transform failed with 2 errors:

[31m[PARSE_ERROR] [0mMissing catch or finally clause
    [38;5;246m╭[0m[38;5;246m─[0m[38;5;246m[[0m src/utils/pdfExport.js:32:6 [38;5;246m][0m
    [38;5;246m│[0m
 [38;5;246m32 │[0m [38;5;249m [0m[38;5;249m [0m[38;5;249m [0m[38;5;249m [0m[38;5;249m}[0m
 [38;5;240m   │[0m      │ 
 [38;5;240m   │[0m      ╰─ 
 [38;5;240m   │[0m 
 [38;5;240m   │[0m [38;5;115mHelp[0m: Either unwrap this try block or add catch / finally clause
[38;5;246m────╯[0m

[31m[PARSE_ERROR] [0mUnexpected token
    [38;5;246m╭[0m[38;5;246m─[0m[38;5;246m[[0m src/utils/pdfExport.js:33:5 [38;5;246m][0m
    [38;5;246m│[0m
 [38;5;246m33 │[0m [38;5;249m [0m[38;5;249m [0m[38;5;249m}[0m[38;5;249m [0mcatch[38;5;249m [0m[38;5;249m{[0m
 [38;5;240m   │[0m     ──┬──  
 [38;5;240m   │[0m       ╰──── 
[38;5;246m────╯[0m
[39m
  Plugin: [35mvite:oxc[39m
  File: [36mD:/program/cloud-based-banking (2)/frontend/src/utils/pdfExport.js[39m
      at transformWithOxc (file:///D:/program/cloud-based-banking%20(2)/frontend/node_modules/vite/dist/node/chunks/node.js:4017:19)
      at TransformPluginContext.transform (file:///D:/program/cloud-based-banking%20(2)/frontend/node_modules/vite/dist/node/chunks/node.js:4088:26)
      at EnvironmentPluginContainer.transform (file:///D:/program/cloud-based-banking%20(2)/frontend/node_modules/vite/dist/node/chunks/node.js:30151:51)
      at async loadAndTransform (file:///D:/program/cloud-based-banking%20(2)/frontend/node_modules/vite/dist/node/chunks/node.js:20098:26)
      at async viteTransformMiddleware (file:///D:/program/cloud-based-banking%20(2)/frontend/node_modules/vite/dist/node/chunks/node.js:24559:20)
[2m10:06:19 AM[22m [31m[1m[vite][22m[39m [31mInternal server error: Transform failed with 2 errors:

[31m[PARSE_ERROR] [0mMissing catch or finally clause
    [38;5;246m╭[0m[38;5;246m─[0m[38;5;246m[[0m src/utils/pdfExport.js:32:6 [38;5;246m][0m
    [38;5;246m│[0m
 [38;5;246m32 │[0m [38;5;249m [0m[38;5;249m [0m[38;5;249m [0m[38;5;249m [0m[38;5;249m}[0m
 [38;5;240m   │[0m      │ 
 [38;5;240m   │[0m      ╰─ 
 [38;5;240m   │[0m 
 [38;5;240m   │[0m [38;5;115mHelp[0m: Either unwrap this try block or add catch / finally clause
[38;5;246m────╯[0m

[31m[PARSE_ERROR] [0mUnexpected token
    [38;5;246m╭[0m[38;5;246m─[0m[38;5;246m[[0m src/utils/pdfExport.js:33:5 [38;5;246m][0m
    [38;5;246m│[0m
 [38;5;246m33 │[0m [38;5;249m [0m[38;5;249m [0m[38;5;249m}[0m[38;5;249m [0mcatch[38;5;249m [0m[38;5;249m{[0m
 [38;5;240m   │[0m     ──┬──  
 [38;5;240m   │[0m       ╰──── 
[38;5;246m────╯[0m
[39m
  Plugin: [35mvite:oxc[39m
  File: [36mD:/program/cloud-based-banking (2)/frontend/src/utils/pdfExport.js[39m
      at transformWithOxc (file:///D:/program/cloud-based-banking%20(2)/frontend/node_modules/vite/dist/node/chunks/node.js:4017:19)
      at TransformPluginContext.transform (file:///D:/program/cloud-based-banking%20(2)/frontend/node_modules/vite/dist/node/chunks/node.js:4088:26)
      at EnvironmentPluginContainer.transform (file:///D:/program/cloud-based-banking%20(2)/frontend/node_modules/vite/dist/node/chunks/node.js:30151:51)
      at async loadAndTransform (file:///D:/program/cloud-based-banking%20(2)/frontend/node_modules/vite/dist/node/chunks/node.js:20098:26)
      at async viteTransformMiddleware (file:///D:/program/cloud-based-banking%20(2)/frontend/node_modules/vite/dist/node/chunks/node.js:24559:20)
[2m10:06:20 AM[22m [31m[1m[vite][22m[39m [31m[2m(client)[22m[39m Pre-transform error: Transform failed with 2 errors:

[31m[PARSE_ERROR] [0mMissing catch or finally clause
    [38;5;246m╭[0m[38;5;246m─[0m[38;5;246m[[0m src/utils/pdfExport.js:32:6 [38;5;246m][0m
    [38;5;246m│[0m
 [38;5;246m32 │[0m [38;5;249m [0m[38;5;249m [0m[38;5;249m [0m[38;5;249m [0m[38;5;249m}[0m
 [38;5;240m   │[0m      │ 
 [38;5;240m   │[0m      ╰─ 
 [38;5;240m   │[0m 
 [38;5;240m   │[0m [38;5;115mHelp[0m: Either unwrap this try block or add catch / finally clause
[38;5;246m────╯[0m

[31m[PARSE_ERROR] [0mUnexpected token
    [38;5;246m╭[0m[38;5;246m─[0m[38;5;246m[[0m src/utils/pdfExport.js:33:5 [38;5;246m][0m
    [38;5;246m│[0m
 [38;5;246m33 │[0m [38;5;249m [0m[38;5;249m [0m[38;5;249m}[0m[38;5;249m [0mcatch[38;5;249m [0m[38;5;249m{[0m
 [38;5;240m   │[0m     ──┬──  
 [38;5;240m   │[0m       ╰──── 
[38;5;246m────╯[0m

  Plugin: [35mvite:oxc[39m
  File: [36mD:/program/cloud-based-banking (2)/frontend/src/utils/pdfExport.js[39m
[2m10:06:20 AM[22m [31m[1m[vite][22m[39m [31m[2m(client)[22m[39m Pre-transform error: Transform failed with 2 errors:

[31m[PARSE_ERROR] [0mMissing catch or finally clause
    [38;5;246m╭[0m[38;5;246m─[0m[38;5;246m[[0m src/utils/pdfExport.js:32:6 [38;5;246m][0m
    [38;5;246m│[0m
 [38;5;246m32 │[0m [38;5;249m [0m[38;5;249m [0m[38;5;249m [0m[38;5;249m [0m[38;5;249m}[0m
 [38;5;240m   │[0m      │ 
 [38;5;240m   │[0m      ╰─ 
 [38;5;240m   │[0m 
 [38;5;240m   │[0m [38;5;115mHelp[0m: Either unwrap this try block or add catch / finally clause
[38;5;246m────╯[0m

[31m[PARSE_ERROR] [0mUnexpected token
    [38;5;246m╭[0m[38;5;246m─[0m[38;5;246m[[0m src/utils/pdfExport.js:33:5 [38;5;246m][0m
    [38;5;246m│[0m
 [38;5;246m33 │[0m [38;5;249m [0m[38;5;249m [0m[38;5;249m}[0m[38;5;249m [0mcatch[38;5;249m [0m[38;5;249m{[0m
 [38;5;240m   │[0m     ──┬──  
 [38;5;240m   │[0m       ╰──── 
[38;5;246m────╯[0m

  Plugin: [35mvite:oxc[39m
  File: [36mD:/program/cloud-based-banking (2)/frontend/src/utils/pdfExport.js[39m
[2m10:06:20 AM[22m [31m[1m[vite][22m[39m [31m[2m(client)[22m[39m Pre-transform error: Transform failed with 2 errors:

[31m[PARSE_ERROR] [0mMissing catch or finally clause
    [38;5;246m╭[0m[38;5;246m─[0m[38;5;246m[[0m src/utils/pdfExport.js:32:6 [38;5;246m][0m
    [38;5;246m│[0m
 [38;5;246m32 │[0m [38;5;249m [0m[38;5;249m [0m[38;5;249m [0m[38;5;249m [0m[38;5;249m}[0m
 [38;5;240m   │[0m      │ 
 [38;5;240m   │[0m      ╰─ 
 [38;5;240m   │[0m 
 [38;5;240m   │[0m [38;5;115mHelp[0m: Either unwrap this try block or add catch / finally clause
[38;5;246m────╯[0m

[31m[PARSE_ERROR] [0mUnexpected token
    [38;5;246m╭[0m[38;5;246m─[0m[38;5;246m[[0m src/utils/pdfExport.js:33:5 [38;5;246m][0m
    [38;5;246m│[0m
 [38;5;246m33 │[0m [38;5;249m [0m[38;5;249m [0m[38;5;249m}[0m[38;5;249m [0mcatch[38;5;249m [0m[38;5;249m{[0m
 [38;5;240m   │[0m     ──┬──  
 [38;5;240m   │[0m       ╰──── 
[38;5;246m────╯[0m

  Plugin: [35mvite:oxc[39m
  File: [36mD:/program/cloud-based-banking (2)/frontend/src/utils/pdfExport.js[39m
[2m10:06:20 AM[22m [31m[1m[vite][22m[39m [31m[2m(client)[22m[39m Pre-transform error: Transform failed with 2 errors:

[31m[PARSE_ERROR] [0mMissing catch or finally clause
    [38;5;246m╭[0m[38;5;246m─[0m[38;5;246m[[0m src/utils/pdfExport.js:32:6 [38;5;246m][0m
    [38;5;246m│[0m
 [38;5;246m32 │[0m [38;5;249m [0m[38;5;249m [0m[38;5;249m [0m[38;5;249m [0m[38;5;249m}[0m
 [38;5;240m   │[0m      │ 
 [38;5;240m   │[0m      ╰─ 
 [38;5;240m   │[0m 
 [38;5;240m   │[0m [38;5;115mHelp[0m: Either unwrap this try block or add catch / finally clause
[38;5;246m────╯[0m

[31m[PARSE_ERROR] [0mUnexpected token
    [38;5;246m╭[0m[38;5;246m─[0m[38;5;246m[[0m src/utils/pdfExport.js:33:5 [38;5;246m][0m
    [38;5;246m│[0m
 [38;5;246m33 │[0m [38;5;249m [0m[38;5;249m [0m[38;5;249m}[0m[38;5;249m [0mcatch[38;5;249m [0m[38;5;249m{[0m
 [38;5;240m   │[0m     ──┬──  
 [38;5;240m   │[0m       ╰──── 
[38;5;246m────╯[0m

  Plugin: [35mvite:oxc[39m
  File: [36mD:/program/cloud-based-banking (2)/frontend/src/utils/pdfExport.js[39m
[2m10:06:21 AM[22m [31m[1m[vite][22m[39m [31mInternal server error: Transform failed with 2 errors:

[31m[PARSE_ERROR] [0mMissing catch or finally clause
    [38;5;246m╭[0m[38;5;246m─[0m[38;5;246m[[0m src/utils/pdfExport.js:32:6 [38;5;246m][0m
    [38;5;246m│[0m
 [38;5;246m32 │[0m [38;5;249m [0m[38;5;249m [0m[38;5;249m [0m[38;5;249m [0m[38;5;249m}[0m
 [38;5;240m   │[0m      │ 
 [38;5;240m   │[0m      ╰─ 
 [38;5;240m   │[0m 
 [38;5;240m   │[0m [38;5;115mHelp[0m: Either unwrap this try block or add catch / finally clause
[38;5;246m────╯[0m

[31m[PARSE_ERROR] [0mUnexpected token
    [38;5;246m╭[0m[38;5;246m─[0m[38;5;246m[[0m src/utils/pdfExport.js:33:5 [38;5;246m][0m
    [38;5;246m│[0m
 [38;5;246m33 │[0m [38;5;249m [0m[38;5;249m [0m[38;5;249m}[0m[38;5;249m [0mcatch[38;5;249m [0m[38;5;249m{[0m
 [38;5;240m   │[0m     ──┬──  
 [38;5;240m   │[0m       ╰──── 
[38;5;246m────╯[0m
[39m
  Plugin: [35mvite:oxc[39m
  File: [36mD:/program/cloud-based-banking (2)/frontend/src/utils/pdfExport.js[39m
      at transformWithOxc (file:///D:/program/cloud-based-banking%20(2)/frontend/node_modules/vite/dist/node/chunks/node.js:4017:19)
      at TransformPluginContext.transform (file:///D:/program/cloud-based-banking%20(2)/frontend/node_modules/vite/dist/node/chunks/node.js:4088:26)
      at EnvironmentPluginContainer.transform (file:///D:/program/cloud-based-banking%20(2)/frontend/node_modules/vite/dist/node/chunks/node.js:30151:51)
      at async loadAndTransform (file:///D:/program/cloud-based-banking%20(2)/frontend/node_modules/vite/dist/node/chunks/node.js:20098:26)
      at async viteTransformMiddleware (file:///D:/program/cloud-based-banking%20(2)/frontend/node_modules/vite/dist/node/chunks/node.js:24559:20)
[2m10:06:21 AM[22m [31m[1m[vite][22m[39m [31mInternal server error: Transform failed with 2 errors:

[31m[PARSE_ERROR] [0mMissing catch or finally clause
    [38;5;246m╭[0m[38;5;246m─[0m[38;5;246m[[0m src/utils/pdfExport.js:32:6 [38;5;246m][0m
    [38;5;246m│[0m
 [38;5;246m32 │[0m [38;5;249m [0m[38;5;249m [0m[38;5;249m [0m[38;5;249m [0m[38;5;249m}[0m
 [38;5;240m   │[0m      │ 
 [38;5;240m   │[0m      ╰─ 
 [38;5;240m   │[0m 
 [38;5;240m   │[0m [38;5;115mHelp[0m: Either unwrap this try block or add catch / finally clause
[38;5;246m────╯[0m

[31m[PARSE_ERROR] [0mUnexpected token
    [38;5;246m╭[0m[38;5;246m─[0m[38;5;246m[[0m src/utils/pdfExport.js:33:5 [38;5;246m][0m
    [38;5;246m│[0m
 [38;5;246m33 │[0m [38;5;249m [0m[38;5;249m [0m[38;5;249m}[0m[38;5;249m [0mcatch[38;5;249m [0m[38;5;249m{[0m
 [38;5;240m   │[0m     ──┬──  
 [38;5;240m   │[0m       ╰──── 
[38;5;246m────╯[0m
[39m
  Plugin: [35mvite:oxc[39m
  File: [36mD:/program/cloud-based-banking (2)/frontend/src/utils/pdfExport.js[39m
      at transformWithOxc (file:///D:/program/cloud-based-banking%20(2)/frontend/node_modules/vite/dist/node/chunks/node.js:4017:19)
      at TransformPluginContext.transform (file:///D:/program/cloud-based-banking%20(2)/frontend/node_modules/vite/dist/node/chunks/node.js:4088:26)
      at EnvironmentPluginContainer.transform (file:///D:/program/cloud-based-banking%20(2)/frontend/node_modules/vite/dist/node/chunks/node.js:30151:51)
      at async loadAndTransform (file:///D:/program/cloud-based-banking%20(2)/frontend/node_modules/vite/dist/node/chunks/node.js:20098:26)
      at async viteTransformMiddleware (file:///D:/program/cloud-based-banking%20(2)/frontend/node_modules/vite/dist/node/chunks/node.js:24559:20)
[2m10:06:26 AM[22m [31m[1m[vite][22m[39m [31mInternal server error: Transform failed with 2 errors:

[31m[PARSE_ERROR] [0mMissing catch or finally clause
    [38;5;246m╭[0m[38;5;246m─[0m[38;5;246m[[0m src/utils/pdfExport.js:32:6 [38;5;246m][0m
    [38;5;246m│[0m
 [38;5;246m32 │[0m [38;5;249m [0m[38;5;249m [0m[38;5;249m [0m[38;5;249m [0m[38;5;249m}[0m
 [38;5;240m   │[0m      │ 
 [38;5;240m   │[0m      ╰─ 
 [38;5;240m   │[0m 
 [38;5;240m   │[0m [38;5;115mHelp[0m: Either unwrap this try block or add catch / finally clause
[38;5;246m────╯[0m

[31m[PARSE_ERROR] [0mUnexpected token
    [38;5;246m╭[0m[38;5;246m─[0m[38;5;246m[[0m src/utils/pdfExport.js:33:5 [38;5;246m][0m
    [38;5;246m│[0m
 [38;5;246m33 │[0m [38;5;249m [0m[38;5;249m [0m[38;5;249m}[0m[38;5;249m [0mcatch[38;5;249m [0m[38;5;249m{[0m
 [38;5;240m   │[0m     ──┬──  
 [38;5;240m   │[0m       ╰──── 
[38;5;246m────╯[0m
[39m
  Plugin: [35mvite:oxc[39m
  File: [36mD:/program/cloud-based-banking (2)/frontend/src/utils/pdfExport.js[39m
      at transformWithOxc (file:///D:/program/cloud-based-banking%20(2)/frontend/node_modules/vite/dist/node/chunks/node.js:4017:19)
      at TransformPluginContext.transform (file:///D:/program/cloud-based-banking%20(2)/frontend/node_modules/vite/dist/node/chunks/node.js:4088:26)
      at EnvironmentPluginContainer.transform (file:///D:/program/cloud-based-banking%20(2)/frontend/node_modules/vite/dist/node/chunks/node.js:30151:51)
      at async loadAndTransform (file:///D:/program/cloud-based-banking%20(2)/frontend/node_modules/vite/dist/node/chunks/node.js:20098:26)
      at async viteTransformMiddleware (file:///D:/program/cloud-based-banking%20(2)/frontend/node_modules/vite/dist/node/chunks/node.js:24559:20)
[2m10:06:26 AM[22m [31m[1m[vite][22m[39m [31mInternal server error: Transform failed with 2 errors:

[31m[PARSE_ERROR] [0mMissing catch or finally clause
    [38;5;246m╭[0m[38;5;246m─[0m[38;5;246m[[0m src/utils/pdfExport.js:32:6 [38;5;246m][0m
    [38;5;246m│[0m
 [38;5;246m32 │[0m [38;5;249m [0m[38;5;249m [0m[38;5;249m [0m[38;5;249m [0m[38;5;249m}[0m
 [38;5;240m   │[0m      │ 
 [38;5;240m   │[0m      ╰─ 
 [38;5;240m   │[0m 
 [38;5;240m   │[0m [38;5;115mHelp[0m: Either unwrap this try block or add catch / finally clause
[38;5;246m────╯[0m

[31m[PARSE_ERROR] [0mUnexpected token
    [38;5;246m╭[0m[38;5;246m─[0m[38;5;246m[[0m src/utils/pdfExport.js:33:5 [38;5;246m][0m
    [38;5;246m│[0m
 [38;5;246m33 │[0m [38;5;249m [0m[38;5;249m [0m[38;5;249m}[0m[38;5;249m [0mcatch[38;5;249m [0m[38;5;249m{[0m
 [38;5;240m   │[0m     ──┬──  
 [38;5;240m   │[0m       ╰──── 
[38;5;246m────╯[0m
[39m
  Plugin: [35mvite:oxc[39m
  File: [36mD:/program/cloud-based-banking (2)/frontend/src/utils/pdfExport.js[39m
      at transformWithOxc (file:///D:/program/cloud-based-banking%20(2)/frontend/node_modules/vite/dist/node/chunks/node.js:4017:19)
      at TransformPluginContext.transform (file:///D:/program/cloud-based-banking%20(2)/frontend/node_modules/vite/dist/node/chunks/node.js:4088:26)
      at EnvironmentPluginContainer.transform (file:///D:/program/cloud-based-banking%20(2)/frontend/node_modules/vite/dist/node/chunks/node.js:30151:51)
      at async loadAndTransform (file:///D:/program/cloud-based-banking%20(2)/frontend/node_modules/vite/dist/node/chunks/node.js:20098:26)
      at async viteTransformMiddleware (file:///D:/program/cloud-based-banking%20(2)/frontend/node_modules/vite/dist/node/chunks/node.js:24559:20)
[2m10:06:27 AM[22m [31m[1m[vite][22m[39m [31mInternal server error: Transform failed with 2 errors:

[31m[PARSE_ERROR] [0mMissing catch or finally clause
    [38;5;246m╭[0m[38;5;246m─[0m[38;5;246m[[0m src/utils/pdfExport.js:32:6 [38;5;246m][0m
    [38;5;246m│[0m
 [38;5;246m32 │[0m [38;5;249m [0m[38;5;249m [0m[38;5;249m [0m[38;5;249m [0m[38;5;249m}[0m
 [38;5;240m   │[0m      │ 
 [38;5;240m   │[0m      ╰─ 
 [38;5;240m   │[0m 
 [38;5;240m   │[0m [38;5;115mHelp[0m: Either unwrap this try block or add catch / finally clause
[38;5;246m────╯[0m

[31m[PARSE_ERROR] [0mUnexpected token
    [38;5;246m╭[0m[38;5;246m─[0m[38;5;246m[[0m src/utils/pdfExport.js:33:5 [38;5;246m][0m
    [38;5;246m│[0m
 [38;5;246m33 │[0m [38;5;249m [0m[38;5;249m [0m[38;5;249m}[0m[38;5;249m [0mcatch[38;5;249m [0m[38;5;249m{[0m
 [38;5;240m   │[0m     ──┬──  
 [38;5;240m   │[0m       ╰──── 
[38;5;246m────╯[0m
[39m
  Plugin: [35mvite:oxc[39m
  File: [36mD:/program/cloud-based-banking (2)/frontend/src/utils/pdfExport.js[39m
      at transformWithOxc (file:///D:/program/cloud-based-banking%20(2)/frontend/node_modules/vite/dist/node/chunks/node.js:4017:19)
      at TransformPluginContext.transform (file:///D:/program/cloud-based-banking%20(2)/frontend/node_modules/vite/dist/node/chunks/node.js:4088:26)
      at EnvironmentPluginContainer.transform (file:///D:/program/cloud-based-banking%20(2)/frontend/node_modules/vite/dist/node/chunks/node.js:30151:51)
      at async loadAndTransform (file:///D:/program/cloud-based-banking%20(2)/frontend/node_modules/vite/dist/node/chunks/node.js:20098:26)
      at async viteTransformMiddleware (file:///D:/program/cloud-based-banking%20(2)/frontend/node_modules/vite/dist/node/chunks/node.js:24559:20)
[2m10:06:27 AM[22m [31m[1m[vite][22m[39m [31mInternal server error: Transform failed with 2 errors:

[31m[PARSE_ERROR] [0mMissing catch or finally clause
    [38;5;246m╭[0m[38;5;246m─[0m[38;5;246m[[0m src/utils/pdfExport.js:32:6 [38;5;246m][0m
    [38;5;246m│[0m
 [38;5;246m32 │[0m [38;5;249m [0m[38;5;249m [0m[38;5;249m [0m[38;5;249m [0m[38;5;249m}[0m
 [38;5;240m   │[0m      │ 
 [38;5;240m   │[0m      ╰─ 
 [38;5;240m   │[0m 
 [38;5;240m   │[0m [38;5;115mHelp[0m: Either unwrap this try block or add catch / finally clause
[38;5;246m────╯[0m

[31m[PARSE_ERROR] [0mUnexpected token
    [38;5;246m╭[0m[38;5;246m─[0m[38;5;246m[[0m src/utils/pdfExport.js:33:5 [38;5;246m][0m
    [38;5;246m│[0m
 [38;5;246m33 │[0m [38;5;249m [0m[38;5;249m [0m[38;5;249m}[0m[38;5;249m [0mcatch[38;5;249m [0m[38;5;249m{[0m
 [38;5;240m   │[0m     ──┬──  
 [38;5;240m   │[0m       ╰──── 
[38;5;246m────╯[0m
[39m
  Plugin: [35mvite:oxc[39m
  File: [36mD:/program/cloud-based-banking (2)/frontend/src/utils/pdfExport.js[39m
      at transformWithOxc (file:///D:/program/cloud-based-banking%20(2)/frontend/node_modules/vite/dist/node/chunks/node.js:4017:19)
      at TransformPluginContext.transform (file:///D:/program/cloud-based-banking%20(2)/frontend/node_modules/vite/dist/node/chunks/node.js:4088:26)
      at EnvironmentPluginContainer.transform (file:///D:/program/cloud-based-banking%20(2)/frontend/node_modules/vite/dist/node/chunks/node.js:30151:51)
      at async loadAndTransform (file:///D:/program/cloud-based-banking%20(2)/frontend/node_modules/vite/dist/node/chunks/node.js:20098:26)
      at async viteTransformMiddleware (file:///D:/program/cloud-based-banking%20(2)/frontend/node_modules/vite/dist/node/chunks/node.js:24559:20)
[2m10:06:31 AM[22m [31m[1m[vite][22m[39m [31mInternal server error: Transform failed with 2 errors:

[31m[PARSE_ERROR] [0mMissing catch or finally clause
    [38;5;246m╭[0m[38;5;246m─[0m[38;5;246m[[0m src/utils/pdfExport.js:32:6 [38;5;246m][0m
    [38;5;246m│[0m
 [38;5;246m32 │[0m [38;5;249m [0m[38;5;249m [0m[38;5;249m [0m[38;5;249m [0m[38;5;249m}[0m
 [38;5;240m   │[0m      │ 
 [38;5;240m   │[0m      ╰─ 
 [38;5;240m   │[0m 
 [38;5;240m   │[0m [38;5;115mHelp[0m: Either unwrap this try block or add catch / finally clause
[38;5;246m────╯[0m

[31m[PARSE_ERROR] [0mUnexpected token
    [38;5;246m╭[0m[38;5;246m─[0m[38;5;246m[[0m src/utils/pdfExport.js:33:5 [38;5;246m][0m
    [38;5;246m│[0m
 [38;5;246m33 │[0m [38;5;249m [0m[38;5;249m [0m[38;5;249m}[0m[38;5;249m [0mcatch[38;5;249m [0m[38;5;249m{[0m
 [38;5;240m   │[0m     ──┬──  
 [38;5;240m   │[0m       ╰──── 
[38;5;246m────╯[0m
[39m
  Plugin: [35mvite:oxc[39m
  File: [36mD:/program/cloud-based-banking (2)/frontend/src/utils/pdfExport.js[39m
      at transformWithOxc (file:///D:/program/cloud-based-banking%20(2)/frontend/node_modules/vite/dist/node/chunks/node.js:4017:19)
      at TransformPluginContext.transform (file:///D:/program/cloud-based-banking%20(2)/frontend/node_modules/vite/dist/node/chunks/node.js:4088:26)
      at EnvironmentPluginContainer.transform (file:///D:/program/cloud-based-banking%20(2)/frontend/node_modules/vite/dist/node/chunks/node.js:30151:51)
      at async loadAndTransform (file:///D:/program/cloud-based-banking%20(2)/frontend/node_modules/vite/dist/node/chunks/node.js:20098:26)
      at async viteTransformMiddleware (file:///D:/program/cloud-based-banking%20(2)/frontend/node_modules/vite/dist/node/chunks/node.js:24559:20)
[2m10:06:31 AM[22m [31m[1m[vite][22m[39m [31mInternal server error: Transform failed with 2 errors:

[31m[PARSE_ERROR] [0mMissing catch or finally clause
    [38;5;246m╭[0m[38;5;246m─[0m[38;5;246m[[0m src/utils/pdfExport.js:32:6 [38;5;246m][0m
    [38;5;246m│[0m
 [38;5;246m32 │[0m [38;5;249m [0m[38;5;249m [0m[38;5;249m [0m[38;5;249m [0m[38;5;249m}[0m
 [38;5;240m   │[0m      │ 
 [38;5;240m   │[0m      ╰─ 
 [38;5;240m   │[0m 
 [38;5;240m   │[0m [38;5;115mHelp[0m: Either unwrap this try block or add catch / finally clause
[38;5;246m────╯[0m

[31m[PARSE_ERROR] [0mUnexpected token
    [38;5;246m╭[0m[38;5;246m─[0m[38;5;246m[[0m src/utils/pdfExport.js:33:5 [38;5;246m][0m
    [38;5;246m│[0m
 [38;5;246m33 │[0m [38;5;249m [0m[38;5;249m [0m[38;5;249m}[0m[38;5;249m [0mcatch[38;5;249m [0m[38;5;249m{[0m
 [38;5;240m   │[0m     ──┬──  
 [38;5;240m   │[0m       ╰──── 
[38;5;246m────╯[0m
[39m
  Plugin: [35mvite:oxc[39m
  File: [36mD:/program/cloud-based-banking (2)/frontend/src/utils/pdfExport.js[39m
      at transformWithOxc (file:///D:/program/cloud-based-banking%20(2)/frontend/node_modules/vite/dist/node/chunks/node.js:4017:19)
      at TransformPluginContext.transform (file:///D:/program/cloud-based-banking%20(2)/frontend/node_modules/vite/dist/node/chunks/node.js:4088:26)
      at EnvironmentPluginContainer.transform (file:///D:/program/cloud-based-banking%20(2)/frontend/node_modules/vite/dist/node/chunks/node.js:30151:51)
      at async loadAndTransform (file:///D:/program/cloud-based-banking%20(2)/frontend/node_modules/vite/dist/node/chunks/node.js:20098:26)
      at async viteTransformMiddleware (file:///D:/program/cloud-based-banking%20(2)/frontend/node_modules/vite/dist/node/chunks/node.js:24559:20)
[2m10:07:12 AM[22m [31m[1m[vite][22m[39m [31m[2m(client)[22m[39m [31m[Unhandled error] [1mSyntaxError[22m: The requested module '/src/store/mainApi.js?t=1786249033507' does not provide an export named 'useLoginMutation'
[39m
[2m10:07:16 AM[22m [31m[1m[vite][22m[39m [31m[2m(client)[22m[39m [31m[Unhandled error] [1mSyntaxError[22m: The requested module '/src/store/mainApi.js?t=1786249033507' does not provide an export named 'useLoginMutation'
[39m
[2m10:09:06 AM[22m [31m[1m[vite][22m[39m [31m[2m(client)[22m[39m [31m[Unhandled error] [1mSyntaxError[22m: The requested module '/src/store/mainApi.js?t=1786249033507' does not provide an export named 'useLoginMutation'
[39m
[2m10:09:40 AM[22m [31m[1m[vite][22m[39m [31m[2m(client)[22m[39m [31m[Unhandled error] [1mSyntaxError[22m: The requested module '/src/store/mainApi.js?t=1786249033507' does not provide an export named 'useLoginMutation'
[39m
